transaction_id,invoice_no,customer_id,country,quantity,unit_price,total_value,invoice_date,anomaly_score,is_anomaly
267576,515296,13734,United Kingdom,85,34.95,2970.75,2010-07-09 15:20:00,0.086754,1
281504,516781,18102,United Kingdom,300,6.35,1905.0,2010-07-23 08:24:00,0.083857,1
420629,529613,17949,United Kingdom,360,10.95,3942.0,2010-10-29 10:46:00,0.082573,1
281502,516781,18102,United Kingdom,312,5.06,1578.72,2010-07-23 08:24:00,0.082115,1
266851,515187,14156,EIRE,104,16.95,1762.8,2010-07-09 09:46:00,0.080999,1
103844,499299,18102,United Kingdom,480,0.85,408.0,2010-02-25 20:19:00,0.078328,1
103845,499299,18102,United Kingdom,480,0.85,408.0,2010-02-25 20:19:00,0.078328,1
103846,499299,18102,United Kingdom,480,0.85,408.0,2010-02-25 20:19:00,0.078328,1
103847,499299,18102,United Kingdom,480,0.85,408.0,2010-02-25 20:19:00,0.078328,1
103848,499299,18102,United Kingdom,480,0.85,408.0,2010-02-25 20:19:00,0.078328,1
103849,499299,18102,United Kingdom,480,0.85,408.0,2010-02-25 20:19:00,0.078328,1
273853,515971,14156,EIRE,264,3.39,894.96,2010-07-16 07:53:00,0.077372,1
390763,526934,18102,United Kingdom,200,19.42,3884.0,2010-10-14 09:46:00,0.077243,1
267335,515281,13734,United Kingdom,85,34.95,2970.75,2010-07-09 13:53:00,0.076833,1
454498,532582,15061,United Kingdom,256,10.95,2803.2,2010-11-12 14:24:00,0.076243,1
65299,495228,14646,Netherlands,480,2.55,1224.0,2010-01-22 08:28:00,0.07608,1
172969,505747,16684,United Kingdom,600,0.65,390.0,2010-04-26 07:20:00,0.074559,1
103818,499297,18102,United Kingdom,336,1.4,470.4,2010-02-25 20:16:00,0.074501,1
358822,524181,17450,United Kingdom,648,6.89,4464.72,2010-09-27 16:59:00,0.073753,1
358820,524181,17450,United Kingdom,408,8.87,3618.96,2010-09-27 16:59:00,0.073464,1
474183,534048,13089,United Kingdom,96,10.95,1051.2,2010-11-19 17:18:00,0.072346,1
266833,515187,14156,EIRE,324,4.25,1377.0,2010-07-09 09:46:00,0.072217,1
266834,515187,14156,EIRE,324,4.25,1377.0,2010-07-09 09:46:00,0.072217,1
379877,525968,15838,United Kingdom,4752,0.19,902.88,2010-10-08 10:10:00,0.072173,1
266841,515187,14156,EIRE,608,2.55,1550.4,2010-07-09 09:46:00,0.072132,1
519380,537659,18102,United Kingdom,72,32.69,2353.68,2010-12-07 16:43:00,0.071899,1
206460,509352,18102,United Kingdom,200,10.99,2198.0,2010-05-21 13:33:00,0.071878,1
103817,499297,18102,United Kingdom,336,1.0,336.0,2010-02-25 20:16:00,0.0718,1
358818,524181,17450,United Kingdom,684,5.15,3522.6,2010-09-27 16:59:00,0.071541,1
358829,524181,17450,United Kingdom,464,7.13,3308.32,2010-09-27 16:59:00,0.071534,1
474068,534036,13027,United Kingdom,1680,0.4,672.0,2010-11-19 15:51:00,0.070761,1
409132,528592,13316,United Kingdom,2880,0.17,489.6,2010-10-22 14:06:00,0.07031,1
409133,528592,13316,United Kingdom,2880,0.17,489.6,2010-10-22 14:06:00,0.07031,1
172950,505745,16684,United Kingdom,600,0.42,252.0,2010-04-26 07:17:00,0.070222,1
281359,516775,15061,United Kingdom,96,10.95,1051.2,2010-07-22 19:23:00,0.069712,1
358817,524181,17450,United Kingdom,704,4.56,3210.24,2010-09-27 16:59:00,0.06926,1
172953,505745,16684,United Kingdom,864,0.25,216.0,2010-04-26 07:17:00,0.069253,1
354922,523921,14646,Netherlands,576,0.72,414.72,2010-09-24 16:19:00,0.068858,1
358824,524181,17450,United Kingdom,648,5.96,3862.08,2010-09-27 16:59:00,0.068754,1
326848,521315,15838,United Kingdom,7128,0.19,1354.32,2010-09-03 12:01:00,0.068366,1
48275,493883,18102,United Kingdom,576,3.0,1728.0,2010-01-08 10:06:00,0.068278,1
48276,493883,18102,United Kingdom,600,3.0,1800.0,2010-01-08 10:06:00,0.068278,1
48279,493885,18102,United Kingdom,576,3.0,1728.0,2010-01-08 10:09:00,0.068278,1
48281,493885,18102,United Kingdom,600,3.0,1800.0,2010-01-08 10:09:00,0.068278,1
48282,493885,18102,United Kingdom,600,3.0,1800.0,2010-01-08 10:09:00,0.068278,1
138802,502692,17949,United Kingdom,156,10.95,1708.2,2010-03-26 11:13:00,0.068165,1
233545,511994,13848,United Kingdom,1000,0.32,320.0,2010-06-11 15:23:00,0.067064,1
65450,495235,14156,EIRE,1,1193.89,1193.89,2010-01-22 09:40:00,0.066944,1
214982,510204,16754,United Kingdom,160,2.55,408.0,2010-05-28 07:51:00,0.066817,1
326849,521315,15838,United Kingdom,3960,0.19,752.4,2010-09-03 12:01:00,0.066705,1
65316,495228,14646,Netherlands,384,1.45,556.8,2010-01-22 08:28:00,0.066686,1
103819,499297,18102,United Kingdom,216,2.0,432.0,2010-02-25 20:16:00,0.066648,1
333859,521982,17369,United Kingdom,1152,0.85,979.2,2010-09-10 09:49:00,0.06664,1
180472,506467,16754,United Kingdom,648,0.72,466.56,2010-04-30 09:06:00,0.066403,1
180485,506467,16754,United Kingdom,576,0.72,414.72,2010-04-30 09:06:00,0.066403,1
103824,499297,18102,United Kingdom,200,2.5,500.0,2010-02-25 20:16:00,0.066191,1
395081,527354,18102,United Kingdom,200,6.78,1356.0,2010-10-17 09:54:00,0.066065,1
381688,526155,17404,Sweden,768,0.65,499.2,2010-10-08 15:56:00,0.066052,1
380494,526084,16754,United Kingdom,2880,0.18,518.4,2010-10-08 12:03:00,0.065993,1
180473,506467,16754,United Kingdom,400,2.55,1020.0,2010-04-30 09:06:00,0.065946,1
180478,506467,16754,United Kingdom,400,2.55,1020.0,2010-04-30 09:06:00,0.065946,1
180479,506467,16754,United Kingdom,400,2.55,1020.0,2010-04-30 09:06:00,0.065946,1
103814,499297,18102,United Kingdom,288,1.0,288.0,2010-02-25 20:16:00,0.065721,1
103830,499297,18102,United Kingdom,288,1.0,288.0,2010-02-25 20:16:00,0.065721,1
206459,509352,18102,United Kingdom,200,8.62,1724.0,2010-05-21 13:33:00,0.06564,1
358765,524174,13687,United Kingdom,7128,0.08,570.24,2010-09-27 16:30:00,0.06561,1
351436,523576,13205,United Kingdom,256,10.95,2803.2,2010-09-22 16:26:00,0.065531,1
266853,515187,14156,EIRE,100,10.95,1095.0,2010-07-09 09:46:00,0.065388,1
519377,537659,18102,United Kingdom,600,6.38,3828.0,2010-12-07 16:43:00,0.065278,1
358756,524174,13687,United Kingdom,4992,0.1,499.2,2010-09-27 16:30:00,0.065136,1
358775,524174,13687,United Kingdom,5184,0.08,414.72,2010-09-27 16:30:00,0.065136,1
281500,516781,18102,United Kingdom,320,1.9,608.0,2010-07-23 08:24:00,0.06505,1
281510,516781,18102,United Kingdom,300,1.9,570.0,2010-07-23 08:24:00,0.06505,1
407878,528420,14911,EIRE,1,780.25,780.25,2010-10-22 09:45:00,0.065049,1
214981,510204,16754,United Kingdom,288,0.72,207.36,2010-05-28 07:51:00,0.065038,1
214994,510204,16754,United Kingdom,288,0.72,207.36,2010-05-28 07:51:00,0.065038,1
103831,499298,18102,United Kingdom,120,4.58,549.6,2010-02-25 20:18:00,0.064701,1
103833,499298,18102,United Kingdom,120,4.58,549.6,2010-02-25 20:18:00,0.064701,1
103834,499298,18102,United Kingdom,120,4.58,549.6,2010-02-25 20:18:00,0.064701,1
103835,499298,18102,United Kingdom,120,4.58,549.6,2010-02-25 20:18:00,0.064701,1
103836,499298,18102,United Kingdom,120,4.58,549.6,2010-02-25 20:18:00,0.064701,1
65319,495228,14646,Netherlands,288,1.45,417.6,2010-01-22 08:28:00,0.064555,1
420866,529628,16308,United Kingdom,3000,0.32,960.0,2010-10-29 12:09:00,0.064508,1
48280,493885,18102,United Kingdom,432,3.0,1296.0,2010-01-08 10:09:00,0.0645,1
343626,522934,17949,United Kingdom,720,2.1,1512.0,2010-09-17 15:10:00,0.064484,1
509546,536970,17949,United Kingdom,120,10.95,1314.0,2010-12-03 13:12:00,0.064469,1
358738,524174,13687,United Kingdom,4320,0.13,561.6,2010-09-27 16:30:00,0.064427,1
358764,524174,13687,United Kingdom,7008,0.13,911.04,2010-09-27 16:30:00,0.064427,1
358776,524174,13687,United Kingdom,4608,0.08,368.64,2010-09-27 16:30:00,0.064427,1
358836,524182,17450,United Kingdom,180,7.13,1283.4,2010-09-27 17:02:00,0.064355,1
442863,531544,17381,United Kingdom,1200,0.21,252.0,2010-11-09 07:56:00,0.064323,1
442871,531544,17381,United Kingdom,1000,0.25,250.0,2010-11-09 07:56:00,0.064323,1
358830,524181,17450,United Kingdom,520,3.4,1768.0,2010-09-27 16:59:00,0.06428,1
358825,524181,17450,United Kingdom,704,3.17,2231.68,2010-09-27 16:59:00,0.063981,1
358828,524181,17450,United Kingdom,704,3.17,2231.68,2010-09-27 16:59:00,0.063981,1
358737,524174,13687,United Kingdom,2976,0.13,386.88,2010-09-27 16:30:00,0.063954,1
358758,524174,13687,United Kingdom,3648,0.13,474.24,2010-09-27 16:30:00,0.063954,1
435740,530981,17876,United Kingdom,500,2.55,1275.0,2010-11-05 10:52:00,0.063937,1
83391,497157,18102,United Kingdom,190,6.35,1206.5,2010-02-05 16:25:00,0.063606,1
358766,524174,13687,United Kingdom,3072,0.17,522.24,2010-09-27 16:30:00,0.063246,1
180483,506467,16754,United Kingdom,576,0.53,305.28,2010-04-30 09:06:00,0.063156,1
421090,529719,13848,United Kingdom,1000,0.32,320.0,2010-10-29 13:48:00,0.06283,1
180475,506467,16754,United Kingdom,576,0.64,368.64,2010-04-30 09:06:00,0.062693,1
180476,506467,16754,United Kingdom,576,0.64,368.64,2010-04-30 09:06:00,0.062693,1
180481,506467,16754,United Kingdom,576,0.64,368.64,2010-04-30 09:06:00,0.062693,1
180482,506467,16754,United Kingdom,576,0.64,368.64,2010-04-30 09:06:00,0.062693,1
130663,501830,12908,United Kingdom,600,0.53,318.0,2010-03-19 15:59:00,0.06264,1
281507,516781,18102,United Kingdom,235,2.8,658.0,2010-07-23 08:24:00,0.062496,1
366184,524909,17389,United Kingdom,114,10.95,1248.3,2010-10-01 11:34:00,0.062387,1
435348,530963,15389,United Kingdom,400,1.25,500.0,2010-11-04 19:23:00,0.062384,1
161323,504846,15061,United Kingdom,64,10.95,700.8,2010-04-16 16:21:00,0.062335,1
354924,523921,14646,Netherlands,432,1.06,457.92,2010-09-24 16:19:00,0.062314,1
358739,524174,13687,United Kingdom,4752,0.07,332.64,2010-09-27 16:30:00,0.062303,1
358760,524174,13687,United Kingdom,1536,0.25,384.0,2010-09-27 16:30:00,0.062303,1
358762,524174,13687,United Kingdom,1632,0.25,408.0,2010-09-27 16:30:00,0.062303,1
442860,531544,17381,United Kingdom,400,1.06,424.0,2010-11-09 07:56:00,0.062213,1
442861,531544,17381,United Kingdom,400,1.06,424.0,2010-11-09 07:56:00,0.062213,1
172952,505745,16684,United Kingdom,288,1.45,417.6,2010-04-26 07:17:00,0.062003,1
266857,515187,14156,EIRE,432,1.06,457.92,2010-07-09 09:46:00,0.061817,1
420630,529614,17949,United Kingdom,1512,0.72,1088.64,2010-10-29 10:49:00,0.061783,1
266855,515187,14156,EIRE,500,1.85,925.0,2010-07-09 09:46:00,0.061693,1
266856,515187,14156,EIRE,500,1.85,925.0,2010-07-09 09:46:00,0.061693,1
519379,537659,18102,United Kingdom,600,4.78,2868.0,2010-12-07 16:43:00,0.061672,1
281503,516781,18102,United Kingdom,208,3.18,661.44,2010-07-23 08:24:00,0.061626,1
34101,492237,18102,United Kingdom,150,4.0,600.0,2009-12-15 19:11:00,0.061593,1
266839,515187,14156,EIRE,264,3.75,990.0,2010-07-09 09:46:00,0.061583,1
266840,515187,14156,EIRE,264,3.75,990.0,2010-07-09 09:46:00,0.061583,1
155961,504166,16029,United Kingdom,300,1.65,495.0,2010-04-12 07:14:00,0.061171,1
172941,505744,15769,United Kingdom,300,1.65,495.0,2010-04-26 07:15:00,0.061171,1
172942,505744,15769,United Kingdom,300,1.65,495.0,2010-04-26 07:15:00,0.061171,1
358757,524174,13687,United Kingdom,2496,0.13,324.48,2010-09-27 16:30:00,0.061126,1
180474,506467,16754,United Kingdom,432,1.45,626.4,2010-04-30 09:06:00,0.061051,1
180480,506467,16754,United Kingdom,432,1.45,626.4,2010-04-30 09:06:00,0.061051,1
437058,531202,17389,United Kingdom,120,8.5,1020.0,2010-11-05 15:21:00,0.061027,1
172948,505745,16684,United Kingdom,270,1.69,456.3,2010-04-26 07:17:00,0.060968,1
358833,524182,17450,United Kingdom,360,3.17,1141.2,2010-09-27 17:02:00,0.060928,1
305005,519184,13316,United Kingdom,1440,0.17,244.8,2010-08-13 15:07:00,0.060808,1
305009,519184,13316,United Kingdom,1440,0.17,244.8,2010-08-13 15:07:00,0.060808,1
25004,491456,18102,United Kingdom,576,3.0,1728.0,2009-12-11 11:22:00,0.060757,1
25005,491456,18102,United Kingdom,576,3.0,1728.0,2009-12-11 11:22:00,0.060757,1
25006,491456,18102,United Kingdom,576,3.0,1728.0,2009-12-11 11:22:00,0.060757,1
25007,491456,18102,United Kingdom,600,3.0,1800.0,2009-12-11 11:22:00,0.060757,1
25008,491456,18102,United Kingdom,600,3.0,1800.0,2009-12-11 11:22:00,0.060757,1
25009,491456,18102,United Kingdom,600,3.0,1800.0,2009-12-11 11:22:00,0.060757,1
381678,526155,17404,Sweden,240,4.95,1188.0,2010-10-08 15:56:00,0.060744,1
112929,500175,14156,EIRE,1440,0.16,230.4,2010-03-05 10:20:00,0.060631,1
366050,524877,13069,United Kingdom,1440,0.17,244.8,2010-10-01 10:33:00,0.060631,1
455819,532648,14609,United Kingdom,2400,0.11,264.0,2010-11-14 10:14:00,0.060512,1
358819,524181,17450,United Kingdom,408,4.14,1689.12,2010-09-27 16:59:00,0.060276,1
355103,523929,14646,Netherlands,432,1.25,540.0,2010-09-24 16:50:00,0.060255,1
180252,506454,16422,United Kingdom,720,0.16,115.2,2010-04-29 19:05:00,0.06025,1
289683,517568,12989,United Kingdom,288,1.25,360.0,2010-07-30 08:56:00,0.060175,1
420631,529615,17949,United Kingdom,888,0.72,639.36,2010-10-29 10:51:00,0.060136,1
358834,524182,17450,United Kingdom,180,6.54,1177.2,2010-09-27 17:02:00,0.060091,1
336243,522124,17308,United Kingdom,1056,0.36,380.16,2010-09-13 09:35:00,0.060081,1
336244,522124,17308,United Kingdom,1056,0.36,380.16,2010-09-13 09:35:00,0.060081,1
408814,528579,12931,United Kingdom,1240,1.45,1798.0,2010-10-22 13:18:00,0.060023,1
71083,495802,12748,United Kingdom,1,387.54,387.54,2010-01-26 17:28:00,0.05995,1
122100,501049,14646,Netherlands,576,0.72,414.72,2010-03-12 10:41:00,0.059901,1
160695,504715,17404,Sweden,768,0.65,499.2,2010-04-16 10:27:00,0.059901,1
445811,531840,13777,United Kingdom,312,3.39,1057.68,2010-11-10 08:59:00,0.059849,1
281378,516775,15061,United Kingdom,288,1.69,486.72,2010-07-22 19:23:00,0.059826,1
507884,536830,16754,United Kingdom,2880,0.18,518.4,2010-12-02 17:38:00,0.059777,1
519368,537657,18102,United Kingdom,408,6.38,2603.04,2010-12-07 16:42:00,0.059742,1
65298,495228,14646,Netherlands,288,1.06,305.28,2010-01-22 08:28:00,0.059692,1
65308,495228,14646,Netherlands,288,1.06,305.28,2010-01-22 08:28:00,0.059692,1
354941,523921,14646,Netherlands,384,1.45,556.8,2010-09-24 16:19:00,0.059655,1
96118,498440,18102,United Kingdom,200,4.58,916.0,2010-02-19 09:37:00,0.059639,1
96119,498440,18102,United Kingdom,200,4.58,916.0,2010-02-19 09:37:00,0.059639,1
96120,498440,18102,United Kingdom,200,4.58,916.0,2010-02-19 09:37:00,0.059639,1
96121,498440,18102,United Kingdom,200,4.58,916.0,2010-02-19 09:37:00,0.059639,1
96122,498440,18102,United Kingdom,200,4.58,916.0,2010-02-19 09:37:00,0.059639,1
96123,498440,18102,United Kingdom,200,4.58,916.0,2010-02-19 09:37:00,0.059639,1
96124,498440,18102,United Kingdom,200,4.58,916.0,2010-02-19 09:37:00,0.059639,1
267329,515280,12621,Germany,600,0.65,390.0,2010-07-09 13:45:00,0.059472,1
266835,515187,14156,EIRE,192,4.25,816.0,2010-07-09 09:46:00,0.05941,1
266836,515187,14156,EIRE,192,4.25,816.0,2010-07-09 09:46:00,0.05941,1
390758,526934,18102,United Kingdom,100,16.86,1686.0,2010-10-14 09:46:00,0.059371,1
103832,499298,18102,United Kingdom,100,4.58,458.0,2010-02-25 20:18:00,0.059235,1
103837,499298,18102,United Kingdom,100,4.58,458.0,2010-02-25 20:18:00,0.059235,1
103838,499298,18102,United Kingdom,100,4.58,458.0,2010-02-25 20:18:00,0.059235,1
122090,501049,14646,Netherlands,720,1.45,1044.0,2010-03-12 10:41:00,0.059075,1
437076,531204,17389,United Kingdom,66,10.95,722.7,2010-11-05 15:25:00,0.058926,1
155952,504165,16754,United Kingdom,125,4.65,581.25,2010-04-12 07:07:00,0.058848,1
155953,504165,16754,United Kingdom,125,4.65,581.25,2010-04-12 07:07:00,0.058848,1
358736,524174,13687,United Kingdom,3936,0.42,1653.12,2010-09-27 16:30:00,0.05883,1
82423,496959,17949,United Kingdom,300,1.06,318.0,2010-02-04 19:24:00,0.058813,1
82466,496962,17949,United Kingdom,300,1.06,318.0,2010-02-04 19:42:00,0.058813,1
188148,507246,16754,United Kingdom,816,1.85,1509.6,2010-05-07 10:46:00,0.058778,1
351494,523582,17949,United Kingdom,144,10.95,1576.8,2010-09-22 16:46:00,0.058769,1
281508,516781,18102,United Kingdom,204,2.54,518.16,2010-07-23 08:24:00,0.058735,1
266854,515187,14156,EIRE,500,1.65,825.0,2010-07-09 09:46:00,0.058717,1
214989,510204,16754,United Kingdom,192,1.45,278.4,2010-05-28 07:51:00,0.058653,1
188144,507244,17949,United Kingdom,96,10.95,1051.2,2010-05-07 10:41:00,0.058648,1
358741,524174,13687,United Kingdom,1440,0.31,446.4,2010-09-27 16:30:00,0.058645,1
390762,526934,18102,United Kingdom,408,6.78,2766.24,2010-10-14 09:46:00,0.058571,1
197617,508378,17414,United Kingdom,1440,0.16,230.4,2010-05-14 13:51:00,0.058446,1
513144,537235,17381,United Kingdom,156,8.5,1326.0,2010-12-06 09:45:00,0.058416,1
305505,519201,13027,United Kingdom,1200,0.4,480.0,2010-08-15 10:33:00,0.058388,1
305507,519201,13027,United Kingdom,960,0.4,384.0,2010-08-15 10:33:00,0.058388,1
305508,519201,13027,United Kingdom,960,0.4,384.0,2010-08-15 10:33:00,0.058388,1
445808,531839,13777,United Kingdom,384,2.95,1132.8,2010-11-10 08:58:00,0.058279,1
380496,526084,16754,United Kingdom,816,2.55,2080.8,2010-10-08 12:03:00,0.05827,1
22192,491148,15061,United Kingdom,320,1.69,540.8,2009-12-10 07:43:00,0.058239,1
287790,517391,17949,United Kingdom,228,10.95,2496.6,2010-07-29 09:19:00,0.058128,1
266849,515187,14156,EIRE,384,1.25,480.0,2010-07-09 09:46:00,0.058074,1
24816,491440,16029,United Kingdom,1080,1.25,1350.0,2009-12-11 10:31:00,0.057978,1
372038,525286,15061,United Kingdom,288,3.39,976.32,2010-10-05 08:34:00,0.05795,1
65286,495228,14646,Netherlands,360,0.64,230.4,2010-01-22 08:28:00,0.057912,1
381673,526155,17404,Sweden,384,1.45,556.8,2010-10-08 15:56:00,0.057788,1
358755,524174,13687,United Kingdom,2952,0.1,295.2,2010-09-27 16:30:00,0.057645,1
390771,526934,18102,United Kingdom,408,6.38,2603.04,2010-10-14 09:46:00,0.057635,1
266837,515187,14156,EIRE,336,1.45,487.2,2010-07-09 09:46:00,0.057531,1
266838,515187,14156,EIRE,336,1.45,487.2,2010-07-09 09:46:00,0.057531,1
358761,524174,13687,United Kingdom,1248,0.25,312.0,2010-09-27 16:30:00,0.057481,1
379876,525968,15838,United Kingdom,3120,1.66,5179.2,2010-10-08 10:10:00,0.057449,1
172967,505747,16684,United Kingdom,200,2.55,510.0,2010-04-26 07:20:00,0.057437,1
251633,513647,14646,Netherlands,320,2.55,816.0,2010-06-28 08:28:00,0.057437,1
330925,521689,14646,Netherlands,432,3.75,1620.0,2010-09-07 17:03:00,0.057381,1
523467,538063,18102,United Kingdom,96,19.94,1914.24,2010-12-09 13:44:00,0.057299,1
172947,505745,16684,United Kingdom,252,2.1,529.2,2010-04-26 07:17:00,0.057051,1
358835,524182,17450,United Kingdom,180,5.15,927.0,2010-09-27 17:02:00,0.056857,1
436522,531069,17949,United Kingdom,1008,0.42,423.36,2010-11-05 12:10:00,0.056771,1
232016,511853,14298,United Kingdom,400,0.32,128.0,2010-06-11 08:08:00,0.056743,1
328322,521399,14609,United Kingdom,1440,0.16,230.4,2010-09-06 09:32:00,0.05673,1
454496,532582,15061,United Kingdom,800,1.65,1320.0,2010-11-12 14:24:00,0.05665,1
195714,508095,12931,United Kingdom,500,1.06,530.0,2010-05-13 08:57:00,0.056629,1
195729,508096,12931,United Kingdom,500,1.06,530.0,2010-05-13 08:59:00,0.056629,1
170582,505559,17949,United Kingdom,516,1.06,546.96,2010-04-23 10:18:00,0.05656,1
180590,506487,12806,Netherlands,504,1.06,534.24,2010-04-30 10:44:00,0.05656,1
366016,524874,12931,United Kingdom,500,1.06,530.0,2010-10-01 10:28:00,0.05656,1
435739,530981,17876,United Kingdom,500,1.06,530.0,2010-11-05 10:52:00,0.05656,1
358754,524174,13687,United Kingdom,2112,0.13,274.56,2010-09-27 16:30:00,0.056476,1
472119,533862,15838,United Kingdom,960,0.38,364.8,2010-11-19 11:32:00,0.056375,1
358747,524174,13687,United Kingdom,1116,0.33,368.28,2010-09-27 16:30:00,0.056305,1
74347,496097,17949,United Kingdom,500,0.72,360.0,2010-01-29 10:30:00,0.056225,1
65283,495228,14646,Netherlands,288,0.79,227.52,2010-01-22 08:28:00,0.056041,1
454495,532582,15061,United Kingdom,504,1.06,534.24,2010-11-12 14:24:00,0.055903,1
65307,495228,14646,Netherlands,288,0.72,207.36,2010-01-22 08:28:00,0.055808,1
65321,495228,14646,Netherlands,288,0.72,207.36,2010-01-22 08:28:00,0.055808,1
83390,497157,18102,United Kingdom,200,4.0,800.0,2010-02-05 16:25:00,0.055791,1
83392,497157,18102,United Kingdom,200,4.0,800.0,2010-02-05 16:25:00,0.055791,1
83393,497157,18102,United Kingdom,200,4.0,800.0,2010-02-05 16:25:00,0.055791,1
83394,497157,18102,United Kingdom,200,4.0,800.0,2010-02-05 16:25:00,0.055791,1
83395,497157,18102,United Kingdom,200,4.0,800.0,2010-02-05 16:25:00,0.055791,1
413998,528951,17450,United Kingdom,360,3.24,1166.4,2010-10-25 16:43:00,0.055691,1
251665,513647,14646,Netherlands,300,2.1,630.0,2010-06-28 08:28:00,0.055648,1
455783,532643,13090,United Kingdom,72,8.5,612.0,2010-11-12 17:01:00,0.055624,1
509304,536890,14156,EIRE,1440,0.16,230.4,2010-12-03 11:48:00,0.055554,1
48319,493897,14911,EIRE,1,780.52,780.52,2010-01-08 10:39:00,0.055553,1
48349,493900,14911,EIRE,1,780.52,780.52,2010-01-08 10:44:00,0.055553,1
103825,499297,18102,United Kingdom,120,2.8,336.0,2010-02-25 20:16:00,0.055536,1
336180,522119,12989,United Kingdom,360,1.25,450.0,2010-09-13 08:37:00,0.05552,1
442689,531515,18102,United Kingdom,34,32.69,1111.46,2010-11-08 16:44:00,0.055475,1
358763,524174,13687,United Kingdom,1200,0.25,300.0,2010-09-27 16:30:00,0.055309,1
355083,523929,14646,Netherlands,160,4.25,680.0,2010-09-24 16:50:00,0.055306,1
260642,514517,13089,United Kingdom,48,10.95,525.6,2010-07-04 15:36:00,0.055283,1
507444,536785,15061,United Kingdom,144,10.95,1576.8,2010-12-02 15:22:00,0.055248,1
49398,493994,14091,United Kingdom,300,4.95,1485.0,2010-01-10 13:41:00,0.055237,1
49399,493994,14091,United Kingdom,300,4.95,1485.0,2010-01-10 13:41:00,0.055237,1
112900,500173,18102,United Kingdom,480,1.4,672.0,2010-03-05 10:13:00,0.055196,1
135028,502269,17940,United Kingdom,10000,0.25,2500.0,2010-03-23 15:36:00,0.055182,1
135029,502269,17940,United Kingdom,10000,0.25,2500.0,2010-03-23 15:36:00,0.055182,1
135030,502269,17940,United Kingdom,10000,0.25,2500.0,2010-03-23 15:36:00,0.055182,1
135031,502269,17940,United Kingdom,10000,0.25,2500.0,2010-03-23 15:36:00,0.055182,1
53240,494244,18102,United Kingdom,160,8.0,1280.0,2010-01-12 16:02:00,0.055121,1
519364,537657,18102,United Kingdom,408,4.78,1950.24,2010-12-07 16:42:00,0.055066,1
358823,524181,17450,United Kingdom,760,1.43,1086.8,2010-09-27 16:59:00,0.054969,1
358826,524181,17450,United Kingdom,760,1.43,1086.8,2010-09-27 16:59:00,0.054969,1
358827,524181,17450,United Kingdom,760,1.43,1086.8,2010-09-27 16:59:00,0.054969,1
285384,517116,18172,United Kingdom,1,295.0,295.0,2010-07-27 08:09:00,0.054856,1
326883,521318,16754,United Kingdom,1440,0.18,259.2,2010-09-03 12:06:00,0.054844,1
355091,523929,14646,Netherlands,300,1.85,555.0,2010-09-24 16:50:00,0.054819,1
355092,523929,14646,Netherlands,300,1.85,555.0,2010-09-24 16:50:00,0.054819,1
355111,523929,14646,Netherlands,300,1.85,555.0,2010-09-24 16:50:00,0.054819,1
355112,523929,14646,Netherlands,300,1.85,555.0,2010-09-24 16:50:00,0.054819,1
219253,510678,15812,United Kingdom,432,1.06,457.92,2010-06-03 08:49:00,0.054762,1
219254,510678,15812,United Kingdom,432,1.06,457.92,2010-06-03 08:49:00,0.054762,1
355099,523929,14646,Netherlands,320,2.55,816.0,2010-09-24 16:50:00,0.054749,1
227182,511316,17133,United Kingdom,720,0.55,396.0,2010-06-07 16:52:00,0.05474,1
103820,499297,18102,United Kingdom,144,2.0,288.0,2010-02-25 20:16:00,0.054708,1
103821,499297,18102,United Kingdom,144,2.0,288.0,2010-02-25 20:16:00,0.054708,1
103822,499297,18102,United Kingdom,144,2.0,288.0,2010-02-25 20:16:00,0.054708,1
103823,499297,18102,United Kingdom,144,2.0,288.0,2010-02-25 20:16:00,0.054708,1
112890,500173,18102,United Kingdom,480,1.49,715.2,2010-03-05 10:13:00,0.054661,1
112891,500173,18102,United Kingdom,480,1.49,715.2,2010-03-05 10:13:00,0.054661,1
197424,508333,13694,United Kingdom,1200,0.72,864.0,2010-05-14 12:00:00,0.054654,1
380492,526084,16754,United Kingdom,1224,0.72,881.28,2010-10-08 12:03:00,0.054654,1
224836,511109,16684,United Kingdom,600,0.65,390.0,2010-06-07 09:55:00,0.054575,1
336282,522132,18251,United Kingdom,600,0.65,390.0,2010-09-13 09:57:00,0.054575,1
289681,517567,16210,United Kingdom,120,3.39,406.8,2010-07-30 08:54:00,0.054524,1
24721,491431,15769,United Kingdom,400,1.65,660.0,2009-12-11 09:58:00,0.05451,1
266847,515187,14156,EIRE,144,3.39,488.16,2010-07-09 09:46:00,0.054494,1
336283,522132,18251,United Kingdom,720,0.42,302.4,2010-09-13 09:57:00,0.054419,1
390759,526934,18102,United Kingdom,408,4.78,1950.24,2010-10-14 09:46:00,0.054392,1
34094,492236,18102,United Kingdom,120,4.0,480.0,2009-12-15 19:09:00,0.054349,1
34096,492236,18102,United Kingdom,120,4.0,480.0,2009-12-15 19:09:00,0.054349,1
34097,492236,18102,United Kingdom,120,4.0,480.0,2009-12-15 19:09:00,0.054349,1
34098,492236,18102,United Kingdom,120,4.0,480.0,2009-12-15 19:09:00,0.054349,1
34099,492237,18102,United Kingdom,120,4.0,480.0,2009-12-15 19:11:00,0.054349,1
34100,492237,18102,United Kingdom,120,4.0,480.0,2009-12-15 19:11:00,0.054349,1
34102,492237,18102,United Kingdom,120,4.0,480.0,2009-12-15 19:11:00,0.054349,1
34103,492237,18102,United Kingdom,120,4.0,480.0,2009-12-15 19:11:00,0.054349,1
34104,492237,18102,United Kingdom,120,4.0,480.0,2009-12-15 19:11:00,0.054349,1
34105,492237,18102,United Kingdom,120,4.0,480.0,2009-12-15 19:11:00,0.054349,1
390761,526934,18102,United Kingdom,201,9.86,1981.86,2010-10-14 09:46:00,0.054342,1
336276,522132,18251,United Kingdom,648,0.53,343.44,2010-09-13 09:57:00,0.054302,1
354962,523921,14646,Netherlands,288,1.45,417.6,2010-09-24 16:19:00,0.054292,1
354979,523921,14646,Netherlands,288,1.45,417.6,2010-09-24 16:19:00,0.054292,1
266852,515187,14156,EIRE,180,3.75,675.0,2010-07-09 09:46:00,0.054261,1
297489,518377,12980,United Kingdom,20,34.95,699.0,2010-08-08 10:51:00,0.054243,1
251761,513653,16754,United Kingdom,576,0.64,368.64,2010-06-28 09:55:00,0.054192,1
251762,513653,16754,United Kingdom,576,0.64,368.64,2010-06-28 09:55:00,0.054192,1
251767,513653,16754,United Kingdom,576,0.64,368.64,2010-06-28 09:55:00,0.054192,1
251768,513653,16754,United Kingdom,576,0.64,368.64,2010-06-28 09:55:00,0.054192,1
336277,522132,18251,United Kingdom,576,0.64,368.64,2010-09-13 09:57:00,0.054192,1
336278,522132,18251,United Kingdom,576,0.64,368.64,2010-09-13 09:57:00,0.054192,1
374486,525498,14156,EIRE,1,2545.85,2545.85,2010-10-05 16:47:00,0.05419,1
379878,525970,13694,United Kingdom,320,2.55,816.0,2010-10-08 10:21:00,0.054087,1
22191,491148,15061,United Kingdom,288,1.06,305.28,2009-12-10 07:43:00,0.054001,1
214987,510204,16754,United Kingdom,120,2.55,306.0,2010-05-28 07:51:00,0.053959,1
214988,510204,16754,United Kingdom,120,2.55,306.0,2010-05-28 07:51:00,0.053959,1
96485,498447,16467,United Kingdom,900,0.21,189.0,2010-02-19 10:20:00,0.053942,1
65294,495228,14646,Netherlands,144,2.55,367.2,2010-01-22 08:28:00,0.0539,1
65295,495228,14646,Netherlands,144,2.55,367.2,2010-01-22 08:28:00,0.0539,1
418853,529350,17450,United Kingdom,1152,2.75,3168.0,2010-10-28 09:29:00,0.053818,1
155950,504165,16754,United Kingdom,125,3.75,468.75,2010-04-12 07:07:00,0.053696,1
96486,498447,16467,United Kingdom,1800,0.09,162.0,2010-02-19 10:20:00,0.053675,1
366021,524874,12931,United Kingdom,500,0.55,275.0,2010-10-01 10:28:00,0.053653,1
414007,528951,17450,United Kingdom,324,3.24,1049.76,2010-10-25 16:43:00,0.053593,1
380495,526084,16754,United Kingdom,1120,1.06,1187.2,2010-10-08 12:03:00,0.053579,1
336348,522139,14156,EIRE,40,34.95,1398.0,2010-09-13 10:30:00,0.053573,1
418887,529356,14156,EIRE,1,2736.16,2736.16,2010-10-28 09:44:00,0.053547,1
418888,529357,14156,EIRE,1,1155.6,1155.6,2010-10-28 09:45:00,0.053547,1
233556,512002,14255,United Kingdom,1,1000.63,1000.63,2010-06-11 15:54:00,0.053541,1
326881,521318,16754,United Kingdom,576,0.72,414.72,2010-09-03 12:06:00,0.05349,1
298943,518505,14277,France,7128,0.08,570.24,2010-08-09 13:10:00,0.053381,1
358831,524182,17450,United Kingdom,180,4.8,864.0,2010-09-27 17:02:00,0.053295,1
65078,495194,13902,Denmark,6012,0.1,601.2,2010-01-21 15:11:00,0.053125,1
65091,495194,13902,Denmark,6768,0.1,676.8,2010-01-21 15:11:00,0.053125,1
65092,495194,13902,Denmark,9312,0.1,931.2,2010-01-21 15:11:00,0.053125,1
130597,501822,14316,United Kingdom,864,0.21,181.44,2010-03-19 15:18:00,0.053118,1
130598,501822,14316,United Kingdom,864,0.21,181.44,2010-03-19 15:18:00,0.053118,1
281513,516781,18102,United Kingdom,200,1.9,380.0,2010-07-23 08:24:00,0.053083,1
380105,525977,16013,United Kingdom,288,2.75,792.0,2010-10-08 10:46:00,0.053077,1
390770,526934,18102,United Kingdom,400,3.86,1544.0,2010-10-14 09:46:00,0.053052,1
251758,513653,16754,United Kingdom,648,0.72,466.56,2010-06-28 09:55:00,0.05297,1
251771,513653,16754,United Kingdom,576,0.72,414.72,2010-06-28 09:55:00,0.05297,1
336242,522124,17308,United Kingdom,756,0.72,544.32,2010-09-13 09:35:00,0.05297,1
336274,522132,18251,United Kingdom,800,0.72,576.0,2010-09-13 09:57:00,0.05297,1
471781,533824,12739,United Arab Emirates,1,253.0,253.0,2010-11-19 09:42:00,0.052951,1
298934,518505,14277,France,4992,0.1,499.2,2010-08-09 13:10:00,0.052916,1
298954,518505,14277,France,5184,0.08,414.72,2010-08-09 13:10:00,0.052916,1
392762,527124,14088,United Kingdom,16,34.95,559.2,2010-10-14 19:46:00,0.052883,1
272237,515811,15259,United Kingdom,1,295.0,295.0,2010-07-15 08:46:00,0.05287,1
353815,523786,16692,United Kingdom,672,0.85,571.2,2010-09-24 11:31:00,0.052861,1
519366,537657,18102,United Kingdom,972,2.31,2245.32,2010-12-07 16:42:00,0.05273,1
519367,537657,18102,United Kingdom,972,2.31,2245.32,2010-12-07 16:42:00,0.05273,1
519374,537659,18102,United Kingdom,1008,2.31,2328.48,2010-12-07 16:43:00,0.05273,1
519375,537659,18102,United Kingdom,1008,2.31,2328.48,2010-12-07 16:43:00,0.05273,1
65086,495194,13902,Denmark,5280,0.1,528.0,2010-01-21 15:11:00,0.05266,1
65087,495194,13902,Denmark,4800,0.1,480.0,2010-01-21 15:11:00,0.05266,1
65088,495194,13902,Denmark,4800,0.1,480.0,2010-01-21 15:11:00,0.05266,1
65089,495194,13902,Denmark,5280,0.1,528.0,2010-01-21 15:11:00,0.05266,1
65090,495194,13902,Denmark,4320,0.1,432.0,2010-01-21 15:11:00,0.05266,1
446551,531866,18102,United Kingdom,100,16.88,1688.0,2010-11-10 11:28:00,0.052652,1
266848,515187,14156,EIRE,144,3.75,540.0,2010-07-09 09:46:00,0.052633,1
336181,522120,12989,United Kingdom,288,1.25,360.0,2010-09-13 08:39:00,0.052493,1
172955,505745,16684,United Kingdom,400,0.34,136.0,2010-04-26 07:17:00,0.052443,1
343639,522940,15876,United Kingdom,288,1.45,417.6,2010-09-17 15:26:00,0.052439,1
172951,505745,16684,United Kingdom,360,0.42,151.2,2010-04-26 07:17:00,0.052394,1
53224,494243,18102,United Kingdom,204,8.0,1632.0,2010-01-12 15:57:00,0.052336,1
228920,511520,14308,United Kingdom,1,849.45,849.45,2010-06-08 16:39:00,0.052329,1
251658,513647,14646,Netherlands,288,1.45,417.6,2010-06-28 08:28:00,0.05231,1
22101,491133,13848,United Kingdom,1500,0.32,480.0,2009-12-09 16:17:00,0.052265,1
298916,518505,14277,France,4320,0.13,561.6,2010-08-09 13:10:00,0.052219,1
298942,518505,14277,France,7008,0.13,911.04,2010-08-09 13:10:00,0.052219,1
298955,518505,14277,France,4608,0.08,368.64,2010-08-09 13:10:00,0.052219,1
326847,521315,15838,United Kingdom,1920,1.66,3187.2,2010-09-03 12:01:00,0.052171,1
266850,515187,14156,EIRE,144,2.75,396.0,2010-07-09 09:46:00,0.052167,1
290916,517731,18102,United Kingdom,300,4.58,1374.0,2010-08-01 13:31:00,0.052082,1
290917,517731,18102,United Kingdom,300,4.58,1374.0,2010-08-01 13:31:00,0.052082,1
290918,517731,18102,United Kingdom,300,4.58,1374.0,2010-08-01 13:31:00,0.052082,1
290919,517731,18102,United Kingdom,300,4.58,1374.0,2010-08-01 13:31:00,0.052082,1
290920,517731,18102,United Kingdom,300,4.58,1374.0,2010-08-01 13:31:00,0.052082,1
290921,517731,18102,United Kingdom,300,4.58,1374.0,2010-08-01 13:31:00,0.052082,1
290922,517731,18102,United Kingdom,300,4.58,1374.0,2010-08-01 13:31:00,0.052082,1
290923,517731,18102,United Kingdom,300,4.58,1374.0,2010-08-01 13:31:00,0.052082,1
290924,517731,18102,United Kingdom,300,4.58,1374.0,2010-08-01 13:31:00,0.052082,1
290925,517731,18102,United Kingdom,300,4.58,1374.0,2010-08-01 13:31:00,0.052082,1
290926,517731,18102,United Kingdom,300,4.58,1374.0,2010-08-01 13:31:00,0.052082,1
290927,517731,18102,United Kingdom,300,4.58,1374.0,2010-08-01 13:31:00,0.052082,1
290928,517731,18102,United Kingdom,300,4.58,1374.0,2010-08-01 13:31:00,0.052082,1
290929,517731,18102,United Kingdom,300,4.58,1374.0,2010-08-01 13:31:00,0.052082,1
290930,517731,18102,United Kingdom,300,4.58,1374.0,2010-08-01 13:31:00,0.052082,1
290931,517731,18102,United Kingdom,300,4.58,1374.0,2010-08-01 13:31:00,0.052082,1
251769,513653,16754,United Kingdom,576,0.53,305.28,2010-06-28 09:55:00,0.051977,1
65083,495194,13902,Denmark,3888,0.15,583.2,2010-01-21 15:11:00,0.051963,1
366022,524874,12931,United Kingdom,400,1.06,424.0,2010-10-01 10:28:00,0.051937,1
172957,505746,16684,United Kingdom,432,0.25,108.0,2010-04-26 07:19:00,0.051879,1
298410,518423,13783,United Kingdom,985,0.21,206.85,2010-08-09 09:23:00,0.051774,1
298915,518505,14277,France,2976,0.13,386.88,2010-08-09 13:10:00,0.051755,1
298936,518505,14277,France,3648,0.13,474.24,2010-08-09 13:10:00,0.051755,1
436521,531069,17949,United Kingdom,1152,1.8,2073.6,2010-11-05 12:10:00,0.051695,1
195719,508095,12931,United Kingdom,400,1.06,424.0,2010-05-13 08:57:00,0.051574,1
195723,508096,12931,United Kingdom,400,1.06,424.0,2010-05-13 08:59:00,0.051574,1
326884,521318,16754,United Kingdom,560,1.06,593.6,2010-09-03 12:06:00,0.051488,1
90858,497946,13902,Denmark,19152,0.1,1915.2,2010-02-15 11:57:00,0.051417,1
400675,527760,12454,Spain,1,220.0,220.0,2010-10-18 17:12:00,0.051386,1
372045,525286,15061,United Kingdom,96,10.95,1051.2,2010-10-05 08:34:00,0.051379,1
251628,513647,14646,Netherlands,144,3.39,488.16,2010-06-28 08:28:00,0.051373,1
139509,502759,14646,Netherlands,384,1.06,407.04,2010-03-26 13:46:00,0.051347,1
367039,524969,14646,Netherlands,448,1.65,739.2,2010-10-01 14:38:00,0.051323,1
195712,508095,12931,United Kingdom,280,2.55,714.0,2010-05-13 08:57:00,0.051318,1
195727,508096,12931,United Kingdom,280,2.55,714.0,2010-05-13 08:59:00,0.051318,1
27647,491713,17819,United Kingdom,36,12.75,459.0,2009-12-13 15:24:00,0.051301,1
354909,523921,14646,Netherlands,288,1.65,475.2,2010-09-24 16:19:00,0.05129,1
519365,537657,18102,United Kingdom,30,19.84,595.2,2010-12-07 16:42:00,0.051139,1
155960,504166,16029,United Kingdom,200,1.65,330.0,2010-04-12 07:14:00,0.051129,1
172939,505744,15769,United Kingdom,200,1.65,330.0,2010-04-26 07:15:00,0.051129,1
172940,505744,15769,United Kingdom,200,1.65,330.0,2010-04-26 07:15:00,0.051129,1
172943,505744,15769,United Kingdom,200,1.65,330.0,2010-04-26 07:15:00,0.051129,1
172944,505744,15769,United Kingdom,200,1.65,330.0,2010-04-26 07:15:00,0.051129,1
452201,532358,12931,United Kingdom,2880,1.45,4176.0,2010-11-11 17:05:00,0.051108,1
298944,518505,14277,France,3072,0.17,522.24,2010-08-09 13:10:00,0.051059,1
215059,510225,14543,United Kingdom,60,8.5,510.0,2010-05-28 08:47:00,0.051025,1
214983,510204,16754,United Kingdom,144,1.45,208.8,2010-05-28 07:51:00,0.050961,1
155956,504166,16029,United Kingdom,60,9.45,567.0,2010-04-12 07:14:00,0.050898,1
281501,516781,18102,United Kingdom,216,1.38,298.08,2010-07-23 08:24:00,0.050896,1
366018,524874,12931,United Kingdom,280,2.55,714.0,2010-10-01 10:28:00,0.050878,1
442690,531515,18102,United Kingdom,34,19.84,674.56,2010-11-08 16:44:00,0.050824,1
413992,528951,17450,United Kingdom,288,3.24,933.12,2010-10-25 16:43:00,0.05082,1
299252,518552,18102,United Kingdom,108,5.88,635.04,2010-08-09 18:36:00,0.050809,1
472120,533862,15838,United Kingdom,672,0.38,255.36,2010-11-19 11:32:00,0.050791,1
358832,524182,17450,United Kingdom,360,1.88,676.8,2010-09-27 17:02:00,0.050781,1
471717,533820,13093,United Kingdom,48,10.95,525.6,2010-11-19 09:34:00,0.050732,1
299228,518545,18102,United Kingdom,96,6.68,641.28,2010-08-09 18:26:00,0.050659,1
160619,504712,17876,United Kingdom,498,1.69,841.62,2010-04-16 10:01:00,0.050656,1
379905,525970,13694,United Kingdom,600,0.25,150.0,2010-10-08 10:21:00,0.050656,1
51653,494120,14156,EIRE,150,10.95,1642.5,2010-01-11 12:48:00,0.050637,1
65288,495228,14646,Netherlands,180,2.1,378.0,2010-01-22 08:28:00,0.050597,1
65289,495228,14646,Netherlands,180,2.1,378.0,2010-01-22 08:28:00,0.050597,1
65284,495228,14646,Netherlands,288,0.64,184.32,2010-01-22 08:28:00,0.050568,1
65320,495228,14646,Netherlands,288,0.55,158.4,2010-01-22 08:28:00,0.05056,1
231954,511853,14298,United Kingdom,288,0.55,158.4,2010-06-11 08:08:00,0.05056,1
138859,502723,17949,United Kingdom,600,1.45,870.0,2010-03-26 11:23:00,0.050549,1
474199,534049,12578,Italy,300,0.72,216.0,2010-11-19 17:21:00,0.05053,1
195720,508095,12931,United Kingdom,500,0.55,275.0,2010-05-13 08:57:00,0.050412,1
195724,508096,12931,United Kingdom,500,0.55,275.0,2010-05-13 08:59:00,0.050412,1
336281,522132,18251,United Kingdom,576,1.25,720.0,2010-09-13 09:57:00,0.050309,1
281509,516781,18102,United Kingdom,224,1.57,351.68,2010-07-23 08:24:00,0.050196,1
281511,516781,18102,United Kingdom,224,1.57,351.68,2010-07-23 08:24:00,0.050196,1
298917,518505,14277,France,4752,0.07,332.64,2010-08-09 13:10:00,0.050132,1
312233,519800,18251,United Kingdom,576,0.64,368.64,2010-08-20 12:28:00,0.050079,1
49396,493994,14091,United Kingdom,300,4.25,1275.0,2010-01-10 13:41:00,0.050009,1
49397,493994,14091,United Kingdom,300,4.25,1275.0,2010-01-10 13:41:00,0.050009,1
300824,518673,14646,Netherlands,480,2.55,1224.0,2010-08-10 16:10:00,0.050009,1
172960,505747,16684,United Kingdom,120,3.39,406.8,2010-04-26 07:20:00,0.049993,1
233496,511991,12557,Spain,216,3.39,732.24,2010-06-11 15:07:00,0.049967,1
233497,511991,12557,Spain,216,3.39,732.24,2010-06-11 15:07:00,0.049967,1
74357,496115,17949,United Kingdom,1,8985.6,8985.6,2010-01-29 11:04:00,0.049965,1
129904,501766,15760,Norway,1,6958.17,6958.17,2010-03-19 11:35:00,0.049965,1
129988,501768,15760,Norway,1,6958.17,6958.17,2010-03-19 11:45:00,0.049965,1
336240,522124,17308,United Kingdom,876,1.45,1270.2,2010-09-13 09:35:00,0.049963,1
336241,522124,17308,United Kingdom,876,1.45,1270.2,2010-09-13 09:35:00,0.049963,1
188154,507248,17949,United Kingdom,408,1.85,754.8,2010-05-07 10:55:00,0.049953,1
65080,495194,13902,Denmark,6144,0.06,368.64,2010-01-21 15:11:00,0.049935,1
11751,490327,13694,United Kingdom,300,1.65,495.0,2009-12-04 15:29:00,0.049908,1
11752,490327,13694,United Kingdom,300,1.65,495.0,2009-12-04 15:29:00,0.049908,1
259287,514389,17949,United Kingdom,72,10.95,788.4,2010-07-02 11:51:00,0.049777,1
281707,516840,17949,United Kingdom,72,10.95,788.4,2010-07-23 11:25:00,0.049777,1
326712,521244,15061,United Kingdom,72,10.95,788.4,2010-09-03 11:23:00,0.049777,1
326846,521314,17949,United Kingdom,72,10.95,788.4,2010-09-03 11:59:00,0.049777,1
505303,536584,13777,United Kingdom,384,2.95,1132.8,2010-12-01 16:22:00,0.049751,1
290257,517646,18102,United Kingdom,324,2.8,907.2,2010-07-30 13:36:00,0.049717,1
281706,516840,17949,United Kingdom,504,0.72,362.88,2010-07-23 11:25:00,0.049685,1
130915,501836,15808,United Kingdom,32,10.95,350.4,2010-03-19 17:03:00,0.049668,1
510379,537040,13089,United Kingdom,48,10.95,525.6,2010-12-05 10:27:00,0.049625,1
195721,508095,12931,United Kingdom,300,1.45,435.0,2010-05-13 08:57:00,0.049583,1
195725,508096,12931,United Kingdom,300,1.45,435.0,2010-05-13 08:59:00,0.049583,1
390768,526934,18102,United Kingdom,304,3.88,1179.52,2010-10-14 09:46:00,0.049574,1
445622,531818,13069,United Kingdom,1440,0.17,244.8,2010-11-09 17:05:00,0.049458,1
281379,516775,15061,United Kingdom,288,0.72,207.36,2010-07-22 19:23:00,0.049425,1
390765,526934,18102,United Kingdom,720,2.32,1670.4,2010-10-14 09:46:00,0.049359,1
390766,526934,18102,United Kingdom,720,2.32,1670.4,2010-10-14 09:46:00,0.049359,1
197110,508245,17389,United Kingdom,36,12.75,459.0,2010-05-14 09:17:00,0.049357,1
445795,531837,13777,United Kingdom,168,4.65,781.2,2010-11-10 08:56:00,0.049355,1
71072,495791,14079,United Kingdom,1,243.63,243.63,2010-01-26 17:19:00,0.049319,1
33392,492185,16308,United Kingdom,3000,0.32,960.0,2009-12-15 15:48:00,0.049245,1
298938,518505,14277,France,1536,0.25,384.0,2010-08-09 13:10:00,0.049207,1
298940,518505,14277,France,1632,0.25,408.0,2010-08-09 13:10:00,0.049207,1
347288,523166,17940,United Kingdom,2004,1.85,3707.4,2010-09-20 15:33:00,0.049169,1
69918,495591,14646,Netherlands,312,4.95,1544.4,2010-01-26 10:25:00,0.049106,1
139799,502771,13694,United Kingdom,600,0.38,228.0,2010-03-26 14:29:00,0.049093,1
188150,507246,16754,United Kingdom,408,0.72,293.76,2010-05-07 10:46:00,0.049056,1
122072,501046,14646,Netherlands,144,4.25,612.0,2010-03-12 10:36:00,0.048957,1
366015,524874,12931,United Kingdom,144,4.25,612.0,2010-10-01 10:28:00,0.048957,1
139513,502759,14646,Netherlands,64,10.95,700.8,2010-03-26 13:46:00,0.048918,1
161021,504826,12875,United Kingdom,864,0.17,146.88,2010-04-16 13:12:00,0.048897,1
366020,524874,12931,United Kingdom,300,1.45,435.0,2010-10-01 10:28:00,0.048832,1
507885,536830,16754,United Kingdom,1400,1.06,1484.0,2010-12-02 17:38:00,0.048802,1
65082,495194,13902,Denmark,2520,0.15,378.0,2010-01-21 15:11:00,0.048779,1
90867,497946,13902,Denmark,6696,0.15,1004.4,2010-02-15 11:57:00,0.048639,1
90883,497946,13902,Denmark,4320,0.1,432.0,2010-02-15 11:57:00,0.048639,1
381689,526155,17404,Sweden,480,0.42,201.6,2010-10-08 15:56:00,0.048625,1
366011,524874,12931,United Kingdom,240,3.75,900.0,2010-10-01 10:28:00,0.048565,1
358640,524159,14063,United Kingdom,1,10468.8,10468.8,2010-09-27 16:12:00,0.048548,1
358671,524162,14063,United Kingdom,1,2769.9,2769.9,2010-09-27 16:18:00,0.048548,1
358780,524175,14802,United Kingdom,1,1343.44,1343.44,2010-09-27 16:32:00,0.048548,1
139529,502760,14646,Netherlands,320,2.55,816.0,2010-03-26 13:47:00,0.048533,1
153958,503984,17949,United Kingdom,300,0.72,216.0,2010-04-09 09:54:00,0.048458,1
180486,506468,17949,United Kingdom,300,0.72,216.0,2010-04-30 09:08:00,0.048458,1
112894,500173,18102,United Kingdom,288,1.4,403.2,2010-03-05 10:13:00,0.048438,1
112896,500173,18102,United Kingdom,288,1.4,403.2,2010-03-05 10:13:00,0.048438,1
112898,500173,18102,United Kingdom,288,1.4,403.2,2010-03-05 10:13:00,0.048438,1
251676,513647,14646,Netherlands,192,2.55,489.6,2010-06-28 08:28:00,0.048415,1
507928,536835,13145,United Kingdom,1,295.0,295.0,2010-12-02 18:06:00,0.048376,1
390769,526934,18102,United Kingdom,402,3.67,1475.34,2010-10-14 09:46:00,0.048315,1
298935,518505,14277,France,2496,0.13,324.48,2010-08-09 13:10:00,0.048282,1
315738,520079,13848,United Kingdom,1000,0.32,320.0,2010-08-24 09:55:00,0.04819,1
112892,500173,18102,United Kingdom,288,1.49,429.12,2010-03-05 10:13:00,0.048139,1
112893,500173,18102,United Kingdom,288,1.49,429.12,2010-03-05 10:13:00,0.048139,1
112895,500173,18102,United Kingdom,288,1.49,429.12,2010-03-05 10:13:00,0.048139,1
112897,500173,18102,United Kingdom,288,1.49,429.12,2010-03-05 10:13:00,0.048139,1
130594,501819,14832,United Kingdom,1,322.69,322.69,2010-03-19 15:14:00,0.048111,1
517007,537456,17450,United Kingdom,378,3.21,1213.38,2010-12-07 09:43:00,0.048104,1
298914,518505,14277,France,3936,0.42,1653.12,2010-08-09 13:10:00,0.048088,1
6444,489889,14646,Netherlands,480,2.55,1224.0,2009-12-02 16:52:00,0.048038,1
48525,493952,12971,United Kingdom,600,0.25,150.0,2010-01-08 13:52:00,0.047973,1
230719,511678,18008,United Kingdom,352,3.39,1193.28,2010-06-09 15:07:00,0.047835,1
387882,526713,12931,United Kingdom,800,1.45,1160.0,2010-10-12 16:38:00,0.047759,1
39436,492724,14646,Netherlands,288,1.45,417.6,2009-12-18 10:59:00,0.047677,1
160688,504715,17404,Sweden,288,1.45,417.6,2010-04-16 10:27:00,0.047677,1
366012,524874,12931,United Kingdom,400,0.72,288.0,2010-10-01 10:28:00,0.047671,1
336275,522132,18251,United Kingdom,576,1.45,835.2,2010-09-13 09:57:00,0.047666,1
336280,522132,18251,United Kingdom,576,1.45,835.2,2010-09-13 09:57:00,0.047666,1
127167,501534,13902,Denmark,12960,0.1,1296.0,2010-03-17 13:09:00,0.047641,1
127168,501534,13902,Denmark,12480,0.1,1248.0,2010-03-17 13:09:00,0.047641,1
127169,501534,13902,Denmark,12960,0.1,1296.0,2010-03-17 13:09:00,0.047641,1
127170,501534,13902,Denmark,12744,0.1,1274.4,2010-03-17 13:09:00,0.047641,1
227181,511316,17133,United Kingdom,320,2.55,816.0,2010-06-07 16:52:00,0.047583,1
386055,526487,14135,United Kingdom,200,2.95,590.0,2010-10-12 08:26:00,0.047576,1
251652,513647,14646,Netherlands,288,1.06,305.28,2010-06-28 08:28:00,0.047524,1
251673,513647,14646,Netherlands,288,1.06,305.28,2010-06-28 08:28:00,0.047524,1
251759,513653,16754,United Kingdom,400,2.55,1020.0,2010-06-28 09:55:00,0.047512,1
251764,513653,16754,United Kingdom,400,2.55,1020.0,2010-06-28 09:55:00,0.047512,1
251765,513653,16754,United Kingdom,400,2.55,1020.0,2010-06-28 09:55:00,0.047512,1
306610,519267,16013,United Kingdom,400,2.55,1020.0,2010-08-16 09:54:00,0.047512,1
90865,497946,13902,Denmark,4176,0.15,626.4,2010-02-15 11:57:00,0.047485,1
90872,497946,13902,Denmark,4200,0.15,630.0,2010-02-15 11:57:00,0.047485,1
90876,497946,13902,Denmark,3360,0.15,504.0,2010-02-15 11:57:00,0.047485,1
90877,497946,13902,Denmark,3200,0.15,480.0,2010-02-15 11:57:00,0.047485,1
90878,497946,13902,Denmark,3040,0.15,456.0,2010-02-15 11:57:00,0.047485,1
90879,497946,13902,Denmark,3360,0.15,504.0,2010-02-15 11:57:00,0.047485,1
90880,497946,13902,Denmark,3200,0.15,480.0,2010-02-15 11:57:00,0.047485,1
90881,497946,13902,Denmark,3040,0.15,456.0,2010-02-15 11:57:00,0.047485,1
90882,497946,13902,Denmark,2700,0.15,405.0,2010-02-15 11:57:00,0.047485,1
59089,494678,16684,United Kingdom,600,0.34,204.0,2010-01-18 09:12:00,0.047429,1
59090,494678,16684,United Kingdom,600,0.34,204.0,2010-01-18 09:12:00,0.047429,1
160692,504715,17404,Sweden,576,0.21,120.96,2010-04-16 10:27:00,0.047422,1
188145,507245,17949,United Kingdom,360,1.06,381.6,2010-05-07 10:44:00,0.047353,1
232290,511860,17949,United Kingdom,360,1.06,381.6,2010-06-11 10:10:00,0.047353,1
38944,492650,14911,EIRE,1,803.25,803.25,2009-12-17 17:43:00,0.047344,1
499101,536009,12415,Australia,80,10.95,876.0,2010-11-29 15:07:00,0.047258,1
349718,523359,14933,Channel Islands,300,2.95,885.0,2010-09-21 17:29:00,0.047257,1
418672,529344,12349,Italy,1,250.0,250.0,2010-10-28 08:23:00,0.047256,1
65858,495240,17949,United Kingdom,300,1.85,555.0,2010-01-22 10:09:00,0.047154,1
65081,495194,13902,Denmark,2040,0.3,612.0,2010-01-21 15:11:00,0.047119,1
390906,526945,18102,United Kingdom,34,52.78,1794.52,2010-10-14 10:30:00,0.047082,1
274061,516018,17930,United Kingdom,480,0.42,201.6,2010-07-16 10:21:00,0.046983,1
429473,530410,12855,United Kingdom,1,165.0,165.0,2010-11-02 18:16:00,0.046901,1
242166,512798,17389,United Kingdom,60,10.95,657.0,2010-06-18 10:32:00,0.046892,1
372043,525286,15061,United Kingdom,304,1.65,501.6,2010-10-05 08:34:00,0.046877,1
263841,514870,16029,United Kingdom,300,3.75,1125.0,2010-07-07 09:56:00,0.04685,1
507789,536809,15299,United Kingdom,1824,0.55,1003.2,2010-12-02 16:48:00,0.046828,1
358625,524156,14328,United Kingdom,1,445.05,445.05,2010-09-27 16:01:00,0.046703,1
355095,523929,14646,Netherlands,288,1.06,305.28,2010-09-24 16:50:00,0.046687,1
142429,502887,16754,United Kingdom,400,4.65,1860.0,2010-03-29 11:28:00,0.046633,1
142430,502887,16754,United Kingdom,400,4.65,1860.0,2010-03-29 11:28:00,0.046633,1
351491,523580,17949,United Kingdom,1512,0.72,1088.64,2010-09-22 16:41:00,0.046595,1
514565,537256,16210,United Kingdom,480,3.39,1627.2,2010-12-06 11:06:00,0.04659,1
221810,510996,13694,United Kingdom,432,0.65,280.8,2010-06-04 14:24:00,0.046541,1
367040,524969,14646,Netherlands,288,1.45,417.6,2010-10-01 14:38:00,0.046465,1
375568,525708,16210,United Kingdom,480,3.39,1627.2,2010-10-06 13:29:00,0.046427,1
298919,518505,14277,France,1440,0.31,446.4,2010-08-09 13:10:00,0.046339,1
401221,527870,16684,United Kingdom,360,4.95,1782.0,2010-10-19 11:36:00,0.046294,1
65313,495228,14646,Netherlands,216,1.06,228.96,2010-01-22 08:28:00,0.046288,1
367055,524971,15299,United Kingdom,144,4.25,612.0,2010-10-01 14:55:00,0.046277,1
392523,527113,12454,Spain,576,1.65,950.4,2010-10-14 17:33:00,0.046257,1
195713,508095,12931,United Kingdom,300,1.65,495.0,2010-05-13 08:57:00,0.04624,1
195728,508096,12931,United Kingdom,300,1.65,495.0,2010-05-13 08:59:00,0.04624,1
326844,521313,12939,United Kingdom,500,1.65,825.0,2010-09-03 11:55:00,0.046175,1
106327,499524,13694,United Kingdom,1440,0.16,230.4,2010-03-01 10:19:00,0.046151,1
180604,506487,12806,Netherlands,1,285.0,285.0,2010-04-30 10:44:00,0.046147,1
381687,526155,17404,Sweden,384,0.65,249.6,2010-10-08 15:56:00,0.046107,1
242253,512807,14646,Netherlands,384,1.06,407.04,2010-06-18 11:21:00,0.046093,1
132430,501918,17949,United Kingdom,480,2.55,1224.0,2010-03-22 10:14:00,0.046081,1
442866,531544,17381,United Kingdom,300,0.72,216.0,2010-11-09 07:56:00,0.046038,1
71039,495755,14413,United Kingdom,1,342.8,342.8,2010-01-26 16:29:00,0.045954,1
167741,505235,17949,United Kingdom,144,10.95,1576.8,2010-04-21 10:50:00,0.045944,1
437037,531190,12480,Germany,300,1.06,318.0,2010-11-05 15:08:00,0.045931,1
354942,523921,14646,Netherlands,72,7.65,550.8,2010-09-24 16:19:00,0.045923,1
453776,532512,12971,United Kingdom,600,0.25,150.0,2010-11-12 11:57:00,0.045882,1
312230,519800,18251,United Kingdom,600,0.42,252.0,2010-08-20 12:28:00,0.045768,1
170308,505534,18102,United Kingdom,600,0.85,510.0,2010-04-22 17:46:00,0.045714,1
269961,515502,16013,United Kingdom,500,2.55,1275.0,2010-07-13 10:48:00,0.045626,1
127172,501534,13902,Denmark,4608,0.1,460.8,2010-03-17 13:09:00,0.045568,1
127173,501534,13902,Denmark,5364,0.1,536.4,2010-03-17 13:09:00,0.045568,1
25453,491587,13953,United Kingdom,400,1.25,500.0,2009-12-11 12:58:00,0.045544,1
297164,518334,13953,United Kingdom,400,1.25,500.0,2010-08-06 12:45:00,0.045544,1
172956,505746,16684,United Kingdom,60,6.95,417.0,2010-04-26 07:19:00,0.045512,1
229177,511523,14308,United Kingdom,1,297.57,297.57,2010-06-08 16:48:00,0.045494,1
316573,520204,16985,United Kingdom,1,295.0,295.0,2010-08-24 16:08:00,0.045494,1
170307,505534,18102,United Kingdom,500,0.85,425.0,2010-04-22 17:46:00,0.045484,1
298925,518505,14277,France,1116,0.33,368.28,2010-08-09 13:10:00,0.045419,1
394037,527257,15202,United Kingdom,1,1108.44,1108.44,2010-10-15 12:39:00,0.045404,1
394038,527258,15202,United Kingdom,1,2667.88,2667.88,2010-10-15 12:40:00,0.045404,1
519376,537659,18102,United Kingdom,10,52.77,527.7,2010-12-07 16:43:00,0.045366,1
312206,519793,18251,United Kingdom,576,0.42,241.92,2010-08-20 12:26:00,0.045308,1
312207,519793,18251,United Kingdom,576,0.42,241.92,2010-08-20 12:26:00,0.045308,1
195757,508098,14156,EIRE,576,0.72,414.72,2010-05-13 09:33:00,0.045269,1
304492,519124,17949,United Kingdom,312,2.4,748.8,2010-08-13 12:23:00,0.045265,1
304493,519124,17949,United Kingdom,312,2.4,748.8,2010-08-13 12:23:00,0.045265,1
249674,513566,17364,United Kingdom,1,358.47,358.47,2010-06-25 14:15:00,0.045262,1
404611,528118,18008,United Kingdom,400,5.45,2180.0,2010-10-20 14:28:00,0.045233,1
199261,508501,13798,United Kingdom,50,8.49,424.5,2010-05-16 15:39:00,0.045197,1
247487,513331,18102,United Kingdom,204,4.17,850.68,2010-06-23 17:35:00,0.045185,1
251624,513647,14646,Netherlands,288,0.79,227.52,2010-06-28 08:28:00,0.045167,1
392697,527124,14088,United Kingdom,48,8.49,407.52,2010-10-14 19:46:00,0.045149,1
250497,513596,16258,United Kingdom,960,0.42,403.2,2010-06-27 11:15:00,0.045088,1
195722,508095,12931,United Kingdom,300,1.06,318.0,2010-05-13 08:57:00,0.045087,1
195726,508096,12931,United Kingdom,300,1.06,318.0,2010-05-13 08:59:00,0.045087,1
270813,515621,14258,United Kingdom,960,0.42,403.2,2010-07-14 09:54:00,0.045017,1
93678,498152,13902,Denmark,9456,0.3,2836.8,2010-02-17 10:51:00,0.044974,1
90887,497946,13902,Denmark,2504,0.25,626.0,2010-02-15 11:57:00,0.044952,1
195718,508095,12931,United Kingdom,400,0.72,288.0,2010-05-13 08:57:00,0.044883,1
195733,508096,12931,United Kingdom,400,0.72,288.0,2010-05-13 08:59:00,0.044883,1
113389,500255,17190,United Kingdom,537,0.29,155.73,2010-03-05 13:21:00,0.044881,1
446549,531866,18102,United Kingdom,408,4.78,1950.24,2010-11-10 11:28:00,0.044881,1
227440,511335,18102,United Kingdom,204,7.46,1521.84,2010-06-08 10:44:00,0.044825,1
188149,507246,16754,United Kingdom,300,1.06,318.0,2010-05-07 10:46:00,0.044821,1
366019,524874,12931,United Kingdom,300,1.06,318.0,2010-10-01 10:28:00,0.044821,1
103826,499297,18102,United Kingdom,128,2.0,256.0,2010-02-25 20:16:00,0.044801,1
336284,522133,16013,United Kingdom,300,2.55,765.0,2010-09-13 09:58:00,0.044763,1
298933,518505,14277,France,2952,0.1,295.2,2010-08-09 13:10:00,0.04469,1
380103,525977,16013,United Kingdom,192,2.75,528.0,2010-10-08 10:46:00,0.044682,1
522810,537899,12755,Japan,1488,2.55,3794.4,2010-12-09 10:44:00,0.044622,1
355104,523929,14646,Netherlands,360,0.42,151.2,2010-09-24 16:50:00,0.044586,1
392522,527113,12454,Spain,576,1.25,720.0,2010-10-14 17:33:00,0.044551,1
484160,534716,16684,United Kingdom,320,2.55,816.0,2010-11-23 17:43:00,0.044496,1
366017,524874,12931,United Kingdom,300,1.65,495.0,2010-10-01 10:28:00,0.044469,1
458701,532822,18102,United Kingdom,120,3.86,463.2,2010-11-15 08:34:00,0.04446,1
65318,495228,14646,Netherlands,192,1.06,203.52,2010-01-22 08:28:00,0.044449,1
267793,515315,12891,United Kingdom,600,0.34,204.0,2010-07-11 10:52:00,0.044421,1
88939,497807,12971,United Kingdom,600,0.25,150.0,2010-02-12 14:00:00,0.044371,1
229568,511556,17511,United Kingdom,128,10.95,1401.6,2010-06-09 10:02:00,0.044336,1
354954,523921,14646,Netherlands,288,0.72,207.36,2010-09-24 16:19:00,0.044305,1
354984,523921,14646,Netherlands,288,0.72,207.36,2010-09-24 16:19:00,0.044305,1
355094,523929,14646,Netherlands,288,0.72,207.36,2010-09-24 16:50:00,0.044305,1
195730,508096,12931,United Kingdom,144,4.25,612.0,2010-05-13 08:59:00,0.04429,1
367652,525008,12557,Spain,216,3.39,732.24,2010-10-03 10:50:00,0.044283,1
367653,525008,12557,Spain,216,3.39,732.24,2010-10-03 10:50:00,0.044283,1
142315,502883,16754,United Kingdom,816,1.85,1509.6,2010-03-29 10:44:00,0.044271,1
135024,502267,17940,United Kingdom,1000,0.5,500.0,2010-03-23 15:35:00,0.04425,1
135025,502267,17940,United Kingdom,1000,0.5,500.0,2010-03-23 15:35:00,0.04425,1
135026,502267,17940,United Kingdom,1000,0.5,500.0,2010-03-23 15:35:00,0.04425,1
379881,525970,13694,United Kingdom,160,2.75,440.0,2010-10-08 10:21:00,0.044223,1
327501,521361,17858,United Kingdom,10,30.0,300.0,2010-09-03 17:23:00,0.044218,1
494288,535661,13069,United Kingdom,1440,0.17,244.8,2010-11-28 11:33:00,0.044182,1
251713,513649,14646,Netherlands,64,8.5,544.0,2010-06-28 08:34:00,0.044162,1
251714,513649,14646,Netherlands,64,8.5,544.0,2010-06-28 08:34:00,0.044162,1
273494,515944,18102,United Kingdom,300,4.58,1374.0,2010-07-15 15:29:00,0.044137,1
273495,515944,18102,United Kingdom,300,4.58,1374.0,2010-07-15 15:29:00,0.044137,1
273496,515944,18102,United Kingdom,300,4.58,1374.0,2010-07-15 15:29:00,0.044137,1
273497,515944,18102,United Kingdom,300,4.58,1374.0,2010-07-15 15:29:00,0.044137,1
273498,515944,18102,United Kingdom,300,4.58,1374.0,2010-07-15 15:29:00,0.044137,1
273499,515944,18102,United Kingdom,300,4.58,1374.0,2010-07-15 15:29:00,0.044137,1
273500,515944,18102,United Kingdom,300,4.58,1374.0,2010-07-15 15:29:00,0.044137,1
273502,515944,18102,United Kingdom,300,4.58,1374.0,2010-07-15 15:29:00,0.044137,1
273503,515944,18102,United Kingdom,300,4.58,1374.0,2010-07-15 15:29:00,0.044137,1
273504,515944,18102,United Kingdom,300,4.58,1374.0,2010-07-15 15:29:00,0.044137,1
273505,515944,18102,United Kingdom,300,4.58,1374.0,2010-07-15 15:29:00,0.044137,1
273506,515944,18102,United Kingdom,300,4.58,1374.0,2010-07-15 15:29:00,0.044137,1
273507,515944,18102,United Kingdom,300,4.58,1374.0,2010-07-15 15:29:00,0.044137,1
273508,515944,18102,United Kingdom,300,4.58,1374.0,2010-07-15 15:29:00,0.044137,1
273509,515944,18102,United Kingdom,300,4.58,1374.0,2010-07-15 15:29:00,0.044137,1
273510,515944,18102,United Kingdom,300,4.58,1374.0,2010-07-15 15:29:00,0.044137,1
99530,498756,12980,United Kingdom,20,34.95,699.0,2010-02-22 16:48:00,0.044111,1
76829,496355,16684,United Kingdom,432,1.69,730.08,2010-02-01 09:55:00,0.044095,1
446557,531866,18102,United Kingdom,408,6.38,2603.04,2010-11-10 11:28:00,0.044071,1
135027,502267,17940,United Kingdom,800,0.5,400.0,2010-03-23 15:35:00,0.04402,1
65311,495228,14646,Netherlands,160,1.45,232.0,2010-01-22 08:28:00,0.043978,1
358748,524174,13687,United Kingdom,720,0.33,237.6,2010-09-27 16:30:00,0.043949,1
292588,517905,17553,United Kingdom,600,1.25,750.0,2010-08-03 09:44:00,0.043919,1
322000,520736,18102,United Kingdom,432,2.3,993.6,2010-08-31 09:31:00,0.043874,1
322001,520736,18102,United Kingdom,432,2.3,993.6,2010-08-31 09:31:00,0.043874,1
301274,518735,18102,United Kingdom,327,6.86,2243.22,2010-08-11 11:58:00,0.043869,1
281375,516775,15061,United Kingdom,300,0.34,102.0,2010-07-22 19:23:00,0.043856,1
324958,521097,12589,France,1,1055.75,1055.75,2010-09-02 10:37:00,0.043847,1
197618,508378,17414,United Kingdom,408,0.52,212.16,2010-05-14 13:51:00,0.043809,1
358718,524167,13448,United Kingdom,1,359.71,359.71,2010-09-27 16:24:00,0.043799,1
298939,518505,14277,France,1248,0.25,312.0,2010-08-09 13:10:00,0.043738,1
203867,509037,13953,United Kingdom,800,1.25,1000.0,2010-05-20 09:39:00,0.043729,1
47516,493819,14156,EIRE,200,9.95,1990.0,2010-01-07 12:34:00,0.043704,1
39437,492724,14646,Netherlands,288,1.25,360.0,2009-12-18 10:59:00,0.0437,1
379886,525970,13694,United Kingdom,288,1.25,360.0,2010-10-08 10:21:00,0.0437,1
380106,525978,16568,United Kingdom,288,1.25,360.0,2010-10-08 10:54:00,0.0437,1
298932,518505,14277,France,2112,0.13,274.56,2010-08-09 13:10:00,0.043542,1
445797,531837,13777,United Kingdom,168,2.55,428.4,2010-11-10 08:56:00,0.04351,1
488229,535104,16684,United Kingdom,432,4.25,1836.0,2010-11-25 11:04:00,0.043463,1
290256,517646,18102,United Kingdom,198,3.67,726.66,2010-07-30 13:36:00,0.043426,1
90859,497946,13902,Denmark,3312,0.3,993.6,2010-02-15 11:57:00,0.043416,1
358773,524174,13687,United Kingdom,3744,0.05,187.2,2010-09-27 16:30:00,0.043375,1
39438,492724,14646,Netherlands,288,1.27,365.76,2009-12-18 10:59:00,0.043357,1
39439,492724,14646,Netherlands,288,1.27,365.76,2009-12-18 10:59:00,0.043357,1
39440,492724,14646,Netherlands,288,1.27,365.76,2009-12-18 10:59:00,0.043357,1
251760,513653,16754,United Kingdom,432,1.45,626.4,2010-06-28 09:55:00,0.043354,1
251766,513653,16754,United Kingdom,432,1.45,626.4,2010-06-28 09:55:00,0.043354,1
355101,523929,14646,Netherlands,240,1.45,348.0,2010-09-24 16:50:00,0.043294,1
432178,530715,15838,United Kingdom,6336,0.19,1203.84,2010-11-04 11:36:00,0.043281,1
390760,526934,18102,United Kingdom,204,5.37,1095.48,2010-10-14 09:46:00,0.043276,1
154989,504132,17133,United Kingdom,720,0.55,396.0,2010-04-11 11:22:00,0.043225,1
214986,510204,16754,United Kingdom,192,0.65,124.8,2010-05-28 07:51:00,0.04321,1
214992,510204,16754,United Kingdom,192,0.65,124.8,2010-05-28 07:51:00,0.04321,1
187797,507233,14316,United Kingdom,288,0.21,60.48,2010-05-07 08:50:00,0.043164,1
187798,507233,14316,United Kingdom,288,0.21,60.48,2010-05-07 08:50:00,0.043164,1
142205,502876,17949,United Kingdom,600,1.85,1110.0,2010-03-29 10:25:00,0.043124,1
300818,518673,14646,Netherlands,576,0.72,414.72,2010-08-10 16:10:00,0.043067,1
251651,513647,14646,Netherlands,288,0.72,207.36,2010-06-28 08:28:00,0.043038,1
251680,513647,14646,Netherlands,288,0.72,207.36,2010-06-28 08:28:00,0.043038,1
394200,527271,15202,United Kingdom,1,2225.17,2225.17,2010-10-15 13:05:00,0.043022,1
326421,521211,17512,United Kingdom,288,0.55,158.4,2010-09-02 19:19:00,0.042992,1
214984,510204,16754,United Kingdom,192,0.64,122.88,2010-05-28 07:51:00,0.042981,1
214985,510204,16754,United Kingdom,192,0.64,122.88,2010-05-28 07:51:00,0.042981,1
214990,510204,16754,United Kingdom,192,0.64,122.88,2010-05-28 07:51:00,0.042981,1
214991,510204,16754,United Kingdom,192,0.64,122.88,2010-05-28 07:51:00,0.042981,1
71043,495758,14911,EIRE,1,274.2,274.2,2010-01-26 16:30:00,0.04296,1
7599,490059,18102,United Kingdom,600,3.0,1800.0,2009-12-03 13:30:00,0.04293,1
7600,490059,18102,United Kingdom,600,3.0,1800.0,2009-12-03 13:30:00,0.04293,1
7601,490059,18102,United Kingdom,576,3.0,1728.0,2009-12-03 13:30:00,0.04293,1
7602,490059,18102,United Kingdom,576,3.0,1728.0,2009-12-03 13:30:00,0.04293,1
7603,490059,18102,United Kingdom,576,3.0,1728.0,2009-12-03 13:30:00,0.04293,1
7606,490059,18102,United Kingdom,600,3.0,1800.0,2009-12-03 13:30:00,0.04293,1
7607,490059,18102,United Kingdom,600,3.0,1800.0,2009-12-03 13:30:00,0.04293,1
195715,508095,12931,United Kingdom,140,4.25,595.0,2010-05-13 08:57:00,0.042914,1
221255,510965,16754,United Kingdom,125,4.65,581.25,2010-06-04 11:37:00,0.042903,1
221256,510965,16754,United Kingdom,125,4.65,581.25,2010-06-04 11:37:00,0.042903,1
247489,513331,18102,United Kingdom,204,3.67,748.68,2010-06-23 17:35:00,0.042844,1
112930,500175,14156,EIRE,500,0.21,105.0,2010-03-05 10:20:00,0.042825,1
135014,502263,12918,United Kingdom,1,10953.5,10953.5,2010-03-23 15:22:00,0.042746,1
7303,490018,17940,United Kingdom,4320,0.25,1080.0,2009-12-03 12:31:00,0.042701,1
7304,490018,17940,United Kingdom,5184,0.25,1296.0,2009-12-03 12:31:00,0.042701,1
7605,490059,18102,United Kingdom,505,3.0,1515.0,2009-12-03 13:30:00,0.042701,1
3291,489675,13777,United Kingdom,240,4.6,1104.0,2009-12-02 09:47:00,0.042695,1
408816,528579,12931,United Kingdom,84,8.5,714.0,2010-10-22 13:18:00,0.042646,1
243053,512924,14156,EIRE,400,0.72,288.0,2010-06-20 10:47:00,0.042634,1
251674,513647,14646,Netherlands,216,1.45,313.2,2010-06-28 08:28:00,0.042624,1
251675,513647,14646,Netherlands,216,1.45,313.2,2010-06-28 08:28:00,0.042624,1
446552,531866,18102,United Kingdom,400,3.86,1544.0,2010-11-10 11:28:00,0.042618,1
437079,531204,17389,United Kingdom,204,2.1,428.4,2010-11-05 15:25:00,0.042581,1
47515,493819,14156,EIRE,144,10.95,1576.8,2010-01-07 12:34:00,0.042528,1
197426,508335,13694,United Kingdom,1200,0.1,120.0,2010-05-14 12:05:00,0.042496,1
437075,531204,17389,United Kingdom,54,8.5,459.0,2010-11-05 15:25:00,0.042494,1
135553,502333,16077,United Kingdom,288,5.45,1569.6,2010-03-24 10:42:00,0.042456,1
268429,515342,12980,United Kingdom,16,34.95,559.2,2010-07-12 09:07:00,0.042421,1
124126,501266,16754,United Kingdom,2016,0.18,362.88,2010-03-15 12:52:00,0.042418,1
39326,492710,17638,United Kingdom,168,1.95,327.6,2009-12-18 09:58:00,0.042361,1
219089,510667,15389,United Kingdom,1200,0.42,504.0,2010-06-02 15:01:00,0.042356,1
304334,519098,17949,United Kingdom,408,0.72,293.76,2010-08-13 11:51:00,0.042355,1
39453,492724,14646,Netherlands,288,1.06,305.28,2009-12-18 10:59:00,0.042299,1
122106,501049,14646,Netherlands,288,1.06,305.28,2010-03-12 10:41:00,0.042299,1
503809,536477,16210,United Kingdom,480,3.39,1627.2,2010-12-01 12:27:00,0.042275,1
90862,497946,13902,Denmark,1968,0.3,590.4,2010-02-15 11:57:00,0.04227,1
90866,497946,13902,Denmark,2880,0.3,864.0,2010-02-15 11:57:00,0.04227,1
208635,509472,18052,United Kingdom,2972,0.29,861.88,2010-05-24 11:11:00,0.04227,1
235467,512170,16308,United Kingdom,2000,0.32,640.0,2010-06-14 11:48:00,0.04227,1
286343,517253,18102,United Kingdom,204,5.95,1213.8,2010-07-27 15:45:00,0.042264,1
7305,490018,17940,United Kingdom,4008,0.25,1002.0,2009-12-03 12:31:00,0.042243,1
7306,490018,17940,United Kingdom,4008,0.25,1002.0,2009-12-03 12:31:00,0.042243,1
249673,513564,17050,United Kingdom,1,300.13,300.13,2010-06-25 14:15:00,0.042233,1
290301,517650,13015,United Kingdom,1,295.0,295.0,2010-07-30 14:00:00,0.042233,1
131424,501874,17133,United Kingdom,640,2.55,1632.0,2010-03-21 12:31:00,0.042188,1
255214,513990,16754,United Kingdom,125,4.65,581.25,2010-06-30 08:34:00,0.042149,1
255233,513992,16754,United Kingdom,125,4.65,581.25,2010-06-30 08:36:00,0.042149,1
416911,529199,17381,United Kingdom,1200,0.65,780.0,2010-10-27 09:31:00,0.042133,1
167668,505227,12482,Sweden,1,874.84,874.84,2010-04-21 10:33:00,0.042059,1
167669,505229,12482,Sweden,1,874.84,874.84,2010-04-21 10:34:00,0.042059,1
131421,501874,17133,United Kingdom,720,0.55,396.0,2010-03-21 12:31:00,0.042046,1
185750,507060,12422,Australia,1,662.25,662.25,2010-05-06 10:08:00,0.042014,1
298941,518505,14277,France,1200,0.25,300.0,2010-08-09 13:10:00,0.041939,1
446548,531866,18102,United Kingdom,400,3.88,1552.0,2010-11-10 11:28:00,0.041931,1
39464,492724,14646,Netherlands,432,0.25,108.0,2009-12-18 10:59:00,0.041917,1
65296,495228,14646,Netherlands,144,1.45,208.8,2010-01-22 08:28:00,0.041916,1
484412,534741,12908,United Kingdom,600,0.65,390.0,2010-11-24 09:29:00,0.041904,1
131357,501869,13848,United Kingdom,1000,0.32,320.0,2010-03-21 12:01:00,0.041892,1
175024,505981,18102,United Kingdom,160,6.38,1020.8,2010-04-27 09:30:00,0.041875,1
327040,521339,15769,United Kingdom,400,1.65,660.0,2010-09-03 12:52:00,0.041828,1
185751,507061,12422,Australia,1,396.2,396.2,2010-05-06 10:09:00,0.041785,1
90869,497946,13902,Denmark,1800,0.15,270.0,2010-02-15 11:57:00,0.041777,1
53254,494244,18102,United Kingdom,160,5.85,936.0,2010-01-12 16:02:00,0.041771,1
224694,511100,17416,United Kingdom,4,69.95,279.8,2010-06-07 08:37:00,0.041714,1
160571,504707,13734,United Kingdom,8,34.95,279.6,2010-04-16 08:42:00,0.041704,1
205492,509198,14156,EIRE,8,34.95,279.6,2010-05-21 08:21:00,0.041704,1
432174,530714,16754,United Kingdom,4320,0.18,777.6,2010-11-04 11:35:00,0.041679,1
296502,518250,14045,United Kingdom,100,8.5,850.0,2010-08-05 17:35:00,0.041667,1
247491,513331,18102,United Kingdom,324,2.3,745.2,2010-06-23 17:35:00,0.041659,1
161449,504851,15482,United Kingdom,32,10.95,350.4,2010-04-18 10:31:00,0.041655,1
367793,525011,14156,EIRE,32,10.95,350.4,2010-10-03 10:52:00,0.041655,1
188369,507273,14195,United Kingdom,392,0.85,333.2,2010-05-07 12:44:00,0.041635,1
284013,516964,16210,United Kingdom,192,3.39,650.88,2010-07-26 09:12:00,0.041613,1
251631,513647,14646,Netherlands,200,1.65,330.0,2010-06-28 08:28:00,0.041587,1
251686,513647,14646,Netherlands,200,1.65,330.0,2010-06-28 08:28:00,0.041587,1
184061,506891,14609,United Kingdom,720,0.16,115.2,2010-05-05 08:58:00,0.041553,1
343583,522929,15117,United Kingdom,500,0.32,160.0,2010-09-17 14:45:00,0.041547,1
418855,529350,17450,United Kingdom,320,2.55,816.0,2010-10-28 09:29:00,0.041501,1
418856,529350,17450,United Kingdom,320,2.55,816.0,2010-10-28 09:29:00,0.041501,1
418857,529350,17450,United Kingdom,320,2.55,816.0,2010-10-28 09:29:00,0.041501,1
349994,523391,16013,United Kingdom,72,4.25,306.0,2010-09-21 20:02:00,0.041462,1
349996,523391,16013,United Kingdom,72,4.25,306.0,2010-09-21 20:02:00,0.041462,1
446547,531866,18102,United Kingdom,102,12.89,1314.78,2010-11-10 11:28:00,0.041461,1
292750,517934,12748,United Kingdom,1,800.0,800.0,2010-08-03 10:52:00,0.041425,1
95377,498395,14646,Netherlands,480,2.55,1224.0,2010-02-18 15:13:00,0.041421,1
522088,537841,13848,United Kingdom,1000,0.32,320.0,2010-12-08 15:10:00,0.041412,1
53229,494243,18102,United Kingdom,100,10.0,1000.0,2010-01-12 15:57:00,0.041376,1
103815,499297,18102,United Kingdom,120,2.0,240.0,2010-02-25 20:16:00,0.041364,1
103816,499297,18102,United Kingdom,120,2.0,240.0,2010-02-25 20:16:00,0.041364,1
103828,499297,18102,United Kingdom,120,2.0,240.0,2010-02-25 20:16:00,0.041364,1
103829,499297,18102,United Kingdom,120,2.0,240.0,2010-02-25 20:16:00,0.041364,1
90860,497946,13902,Denmark,1344,0.25,336.0,2010-02-15 11:57:00,0.041286,1
472549,533952,12643,France,288,2.55,734.4,2010-11-19 12:42:00,0.041234,1
71060,495777,14156,EIRE,1,179.45,179.45,2010-01-26 17:05:00,0.041199,1
174857,505973,14465,United Kingdom,384,0.64,245.76,2010-04-26 17:16:00,0.041157,1
174858,505973,14465,United Kingdom,384,0.64,245.76,2010-04-26 17:16:00,0.041157,1
392310,527101,14956,United Kingdom,625,0.53,331.25,2010-10-14 16:40:00,0.04115,1
392311,527101,14956,United Kingdom,625,0.53,331.25,2010-10-14 16:40:00,0.04115,1
392312,527101,14956,United Kingdom,625,0.53,331.25,2010-10-14 16:40:00,0.04115,1
392313,527101,14956,United Kingdom,625,0.53,331.25,2010-10-14 16:40:00,0.04115,1
113130,500232,15769,United Kingdom,400,1.65,660.0,2010-03-05 11:22:00,0.041143,1
326845,521313,12939,United Kingdom,400,1.65,660.0,2010-09-03 11:55:00,0.041143,1
22199,491148,15061,United Kingdom,48,9.95,477.6,2009-12-10 07:43:00,0.041114,1
195717,508095,12931,United Kingdom,200,2.1,420.0,2010-05-13 08:57:00,0.041062,1
195732,508096,12931,United Kingdom,200,2.1,420.0,2010-05-13 08:59:00,0.041062,1
346548,523124,18251,United Kingdom,768,0.64,491.52,2010-09-20 13:26:00,0.04099,1
300878,518674,14646,Netherlands,2,295.0,590.0,2010-08-10 16:12:00,0.040989,1
232291,511859,17949,United Kingdom,300,0.72,216.0,2010-06-11 10:10:00,0.040987,1
300862,518673,14646,Netherlands,64,10.95,700.8,2010-08-10 16:10:00,0.040983,1
300853,518673,14646,Netherlands,288,2.55,734.4,2010-08-10 16:10:00,0.04095,1
208634,509472,18052,United Kingdom,1500,0.36,540.0,2010-05-24 11:11:00,0.040899,1
142314,502882,16754,United Kingdom,840,1.06,890.4,2010-03-29 10:41:00,0.040888,1
392517,527113,12454,Spain,288,2.95,849.6,2010-10-14 17:33:00,0.04087,1
19696,491025,17157,United Kingdom,96,3.39,325.44,2009-12-08 19:02:00,0.04085,1
347461,523176,17284,United Kingdom,1,229.46,229.46,2010-09-20 16:18:00,0.040824,1
401219,527870,16684,United Kingdom,288,4.95,1425.6,2010-10-19 11:36:00,0.040787,1
103827,499297,18102,United Kingdom,200,0.7,140.0,2010-02-25 20:16:00,0.040785,1
385404,526413,13082,United Kingdom,600,0.65,390.0,2010-10-11 14:17:00,0.040725,1
180521,506471,16754,United Kingdom,240,1.06,254.4,2010-04-30 09:41:00,0.04071,1
226221,511277,14028,United Kingdom,730,1.45,1058.5,2010-06-07 13:33:00,0.040707,1
226222,511277,14028,United Kingdom,730,1.45,1058.5,2010-06-07 13:33:00,0.040707,1
226223,511277,14028,United Kingdom,730,1.45,1058.5,2010-06-07 13:33:00,0.040707,1
145409,503186,18102,United Kingdom,81,12.89,1044.09,2010-03-30 14:47:00,0.040622,1
142427,502887,16754,United Kingdom,400,3.75,1500.0,2010-03-29 11:28:00,0.04061,1
252882,513767,16754,United Kingdom,720,1.85,1332.0,2010-06-28 13:30:00,0.040537,1
206696,509388,14525,United Kingdom,128,2.55,326.4,2010-05-21 17:11:00,0.040489,1
408815,528579,12931,United Kingdom,350,0.72,252.0,2010-10-22 13:18:00,0.040482,1
112899,500173,18102,United Kingdom,216,2.3,496.8,2010-03-05 10:13:00,0.040388,1
292898,517953,16754,United Kingdom,2304,0.18,414.72,2010-08-03 11:56:00,0.040321,1
149403,503597,16754,United Kingdom,1152,0.18,207.36,2010-04-06 09:28:00,0.040286,1
496568,535825,13946,United Kingdom,600,0.25,150.0,2010-11-28 16:21:00,0.040184,1
307662,519404,14646,Netherlands,288,1.06,305.28,2010-08-17 08:56:00,0.040149,1
313907,519913,17133,United Kingdom,320,2.55,816.0,2010-08-22 13:58:00,0.040059,1
434940,530932,18087,United Kingdom,50,10.95,547.5,2010-11-04 17:10:00,0.039988,1
358753,524174,13687,United Kingdom,1308,0.13,170.04,2010-09-27 16:30:00,0.039945,1
450551,532163,16210,United Kingdom,480,3.39,1627.2,2010-11-11 12:19:00,0.039887,1
132431,501918,17949,United Kingdom,480,1.25,600.0,2010-03-22 10:14:00,0.039882,1
95403,498395,14646,Netherlands,720,1.45,1044.0,2010-02-18 15:13:00,0.039873,1
312231,519800,18251,United Kingdom,480,0.42,201.6,2010-08-20 12:28:00,0.039872,1
312232,519800,18251,United Kingdom,480,0.42,201.6,2010-08-20 12:28:00,0.039872,1
519370,537659,18102,United Kingdom,208,3.86,802.88,2010-12-07 16:43:00,0.039862,1
39732,492740,14063,United Kingdom,48,10.95,525.6,2009-12-18 12:27:00,0.039852,1
39734,492740,14063,United Kingdom,48,10.95,525.6,2009-12-18 12:27:00,0.039852,1
39735,492740,14063,United Kingdom,48,10.95,525.6,2009-12-18 12:27:00,0.039852,1
286238,517250,18102,United Kingdom,220,4.58,1007.6,2010-07-27 15:08:00,0.039791,1
286239,517250,18102,United Kingdom,220,4.58,1007.6,2010-07-27 15:08:00,0.039791,1
367654,525008,12557,Spain,144,3.39,488.16,2010-10-03 10:50:00,0.039777,1
390767,526934,18102,United Kingdom,300,2.32,696.0,2010-10-14 09:46:00,0.039762,1
380493,526084,16754,United Kingdom,350,1.65,577.5,2010-10-08 12:03:00,0.039746,1
251770,513653,16754,United Kingdom,320,1.45,464.0,2010-06-28 09:55:00,0.03973,1
28932,491812,13694,United Kingdom,500,1.25,625.0,2009-12-14 13:23:00,0.039597,1
300820,518673,14646,Netherlands,432,1.06,457.92,2010-08-10 16:10:00,0.039576,1
321900,520728,18226,United Kingdom,384,0.85,326.4,2010-08-29 15:47:00,0.039564,1
372028,525284,15061,United Kingdom,72,7.65,550.8,2010-10-05 08:29:00,0.03955,1
390764,526934,18102,United Kingdom,104,9.89,1028.56,2010-10-14 09:46:00,0.039549,1
286340,517253,18102,United Kingdom,120,7.46,895.2,2010-07-27 15:45:00,0.039543,1
286342,517253,18102,United Kingdom,120,7.46,895.2,2010-07-27 15:45:00,0.039543,1
260728,514521,13694,United Kingdom,144,4.25,612.0,2010-07-05 09:33:00,0.03951,1
255234,513993,17949,United Kingdom,300,1.06,318.0,2010-06-30 08:41:00,0.039507,1
290253,517645,14911,EIRE,36,10.95,394.2,2010-07-30 13:31:00,0.039496,1
70978,495735,12745,EIRE,1,201.56,201.56,2010-01-26 16:22:00,0.039457,1
70979,495734,14911,EIRE,1,205.82,205.82,2010-01-26 16:22:00,0.039457,1
113793,500282,15929,United Kingdom,120,4.95,594.0,2010-03-05 14:56:00,0.039401,1
39327,492710,17638,United Kingdom,144,1.95,280.8,2009-12-18 09:58:00,0.039392,1
155954,504166,16029,United Kingdom,36,8.5,306.0,2010-04-12 07:14:00,0.039332,1
251646,513647,14646,Netherlands,192,1.45,278.4,2010-06-28 08:28:00,0.039304,1
49413,493995,13694,United Kingdom,720,0.38,273.6,2010-01-10 13:50:00,0.039251,1
358722,524171,13290,United Kingdom,1,208.63,208.63,2010-09-27 16:29:00,0.039227,1
65315,495228,14646,Netherlands,144,1.65,237.6,2010-01-22 08:28:00,0.039191,1
383522,526239,15769,United Kingdom,400,1.65,660.0,2010-10-11 09:04:00,0.039153,1
383523,526239,15769,United Kingdom,400,1.65,660.0,2010-10-11 09:04:00,0.039153,1
358623,524155,14911,EIRE,288,1.25,360.0,2010-09-27 16:00:00,0.039144,1
416120,529146,17404,Sweden,600,0.65,390.0,2010-10-26 15:48:00,0.039131,1
17493,490785,16029,United Kingdom,936,2.55,2386.8,2009-12-08 11:23:00,0.039078,1
153458,503955,13694,United Kingdom,160,5.95,952.0,2010-04-08 16:43:00,0.039067,1
251687,513647,14646,Netherlands,32,10.95,350.4,2010-06-28 08:28:00,0.039057,1
208626,509472,18052,United Kingdom,2664,0.75,1998.0,2010-05-24 11:11:00,0.039029,1
170313,505536,18102,United Kingdom,120,7.0,840.0,2010-04-22 17:49:00,0.039027,1
326718,521250,15061,United Kingdom,48,10.95,525.6,2010-09-03 11:25:00,0.038937,1
366169,524909,17389,United Kingdom,48,10.95,525.6,2010-10-01 11:34:00,0.038937,1
47128,493762,17941,United Kingdom,576,0.72,414.72,2010-01-06 15:37:00,0.038931,1
230720,511678,18008,United Kingdom,352,2.55,897.6,2010-06-09 15:07:00,0.038929,1
471083,533766,15061,United Kingdom,600,1.88,1128.0,2010-11-18 15:19:00,0.038913,1
11671,490320,13694,United Kingdom,360,0.38,136.8,2009-12-04 15:26:00,0.03887,1
305506,519201,13027,United Kingdom,480,0.4,192.0,2010-08-15 10:33:00,0.038859,1
17417,490763,16013,United Kingdom,400,2.55,1020.0,2009-12-08 10:24:00,0.038852,1
105480,499486,15061,United Kingdom,48,9.95,477.6,2010-02-28 13:42:00,0.038826,1
472548,533952,12643,France,288,1.45,417.6,2010-11-19 12:42:00,0.038823,1
122076,501047,14646,Netherlands,36,10.95,394.2,2010-03-12 10:37:00,0.038794,1
151984,503851,17553,United Kingdom,192,4.25,816.0,2010-04-08 09:44:00,0.038793,1
471739,533820,13093,United Kingdom,96,4.25,408.0,2010-11-19 09:34:00,0.038762,1
39459,492724,14646,Netherlands,288,0.72,207.36,2009-12-18 10:59:00,0.038706,1
39461,492724,14646,Netherlands,288,0.72,207.36,2009-12-18 10:59:00,0.038706,1
88604,497735,16553,United Kingdom,384,0.55,211.2,2010-02-11 18:46:00,0.038675,1
513145,537235,17381,United Kingdom,480,0.36,172.8,2010-12-06 09:45:00,0.038647,1
208636,509472,18052,United Kingdom,1200,0.29,348.0,2010-05-24 11:11:00,0.038618,1
466381,533355,14646,Netherlands,384,2.55,979.2,2010-11-17 10:03:00,0.038569,1
45228,493409,17819,United Kingdom,48,12.75,612.0,2009-12-23 16:58:00,0.038564,1
112845,500169,12497,Germany,240,0.85,204.0,2010-03-05 09:39:00,0.03855,1
24718,491431,15769,United Kingdom,200,1.65,330.0,2009-12-11 09:58:00,0.038539,1
24723,491431,15769,United Kingdom,200,1.65,330.0,2009-12-11 09:58:00,0.038539,1
281560,516786,15769,United Kingdom,200,1.65,330.0,2010-07-23 09:45:00,0.038539,1
281561,516786,15769,United Kingdom,200,1.65,330.0,2010-07-23 09:45:00,0.038539,1
281562,516786,15769,United Kingdom,200,1.65,330.0,2010-07-23 09:45:00,0.038539,1
407890,528423,13629,United Kingdom,200,1.65,330.0,2010-10-22 09:48:00,0.038539,1
188146,507245,17949,United Kingdom,252,1.45,365.4,2010-05-07 10:44:00,0.038507,1
71065,495782,14156,EIRE,1,139.71,139.71,2010-01-26 17:10:00,0.038496,1
370404,525145,16532,United Kingdom,288,3.98,1146.24,2010-10-04 11:52:00,0.03845,1
208627,509472,18052,United Kingdom,1728,0.6,1036.8,2010-05-24 11:11:00,0.038437,1
445788,531837,13777,United Kingdom,192,2.1,403.2,2010-11-10 08:56:00,0.038383,1
459195,532829,15769,United Kingdom,300,1.65,495.0,2010-11-15 09:54:00,0.038242,1
459196,532829,15769,United Kingdom,300,1.65,495.0,2010-11-15 09:54:00,0.038242,1
513148,537235,17381,United Kingdom,324,1.65,534.6,2010-12-06 09:45:00,0.038242,1
45440,493436,13694,United Kingdom,480,1.25,600.0,2010-01-04 13:03:00,0.038231,1
509545,536969,16013,United Kingdom,192,2.75,528.0,2010-12-03 13:10:00,0.038213,1
175019,505981,18102,United Kingdom,320,2.3,736.0,2010-04-27 09:30:00,0.03821,1
175020,505981,18102,United Kingdom,320,2.3,736.0,2010-04-27 09:30:00,0.03821,1
283394,516949,16556,United Kingdom,1,295.0,295.0,2010-07-25 15:32:00,0.038194,1
175021,505981,18102,United Kingdom,160,5.88,940.8,2010-04-27 09:30:00,0.03815,1
311243,519713,14156,EIRE,600,0.72,432.0,2010-08-19 15:36:00,0.038122,1
322002,520736,18102,United Kingdom,204,4.17,850.68,2010-08-31 09:31:00,0.038122,1
354910,523921,14646,Netherlands,216,1.45,313.2,2010-09-24 16:19:00,0.038119,1
354911,523921,14646,Netherlands,216,1.45,313.2,2010-09-24 16:19:00,0.038119,1
221253,510965,16754,United Kingdom,125,3.75,468.75,2010-06-04 11:37:00,0.03811,1
354971,523921,14646,Netherlands,288,0.64,184.32,2010-09-24 16:19:00,0.038093,1
172966,505747,16684,United Kingdom,144,1.69,243.36,2010-04-26 07:20:00,0.038041,1
172968,505747,16684,United Kingdom,144,1.69,243.36,2010-04-26 07:20:00,0.038041,1
122095,501049,14646,Netherlands,144,2.55,367.2,2010-03-12 10:41:00,0.038016,1
84238,497217,14156,EIRE,288,2.55,734.4,2010-02-07 14:27:00,0.038005,1
229541,511552,16754,United Kingdom,1152,0.18,207.36,2010-06-09 09:41:00,0.037982,1
154990,504132,17133,United Kingdom,320,2.55,816.0,2010-04-11 11:22:00,0.037972,1
367045,524969,14646,Netherlands,192,2.55,489.6,2010-10-01 14:38:00,0.037964,1
390757,526934,18102,United Kingdom,200,3.88,776.0,2010-10-14 09:46:00,0.037933,1
147910,503444,16377,United Kingdom,600,0.65,390.0,2010-04-01 10:36:00,0.037833,1
431639,530646,15270,United Kingdom,2,145.0,290.0,2010-11-04 08:37:00,0.037824,1
431650,530647,15270,United Kingdom,2,145.0,290.0,2010-11-04 08:39:00,0.037824,1
483556,534707,13089,United Kingdom,48,10.95,525.6,2010-11-23 16:41:00,0.037793,1
109122,499878,14156,EIRE,288,2.55,734.4,2010-03-03 09:59:00,0.037781,1
247495,513331,18102,United Kingdom,108,6.38,689.04,2010-06-23 17:35:00,0.037722,1
53253,494244,18102,United Kingdom,300,1.4,420.0,2010-01-12 16:02:00,0.03772,1
53223,494243,18102,United Kingdom,300,2.8,840.0,2010-01-12 15:57:00,0.037681,1
269957,515487,16029,United Kingdom,200,4.95,990.0,2010-07-13 10:39:00,0.037678,1
407602,528388,13093,United Kingdom,108,4.25,459.0,2010-10-21 18:37:00,0.037656,1
8665,490091,17949,United Kingdom,600,1.06,636.0,2009-12-03 15:54:00,0.037637,1
301970,518777,12748,United Kingdom,1,800.0,800.0,2010-08-11 15:56:00,0.037573,1
100833,498910,14091,United Kingdom,700,1.06,742.0,2010-02-23 15:17:00,0.037562,1
227441,511335,18102,United Kingdom,204,4.86,991.44,2010-06-08 10:44:00,0.037484,1
471723,533820,13093,United Kingdom,120,2.55,306.0,2010-11-19 09:34:00,0.037455,1
315736,520077,17553,United Kingdom,400,1.25,500.0,2010-08-24 09:49:00,0.037422,1
458700,532822,18102,United Kingdom,144,1.97,283.68,2010-11-15 08:34:00,0.037383,1
71073,495792,17672,United Kingdom,1,114.89,114.89,2010-01-26 17:20:00,0.037359,1
122102,501049,14646,Netherlands,240,1.65,396.0,2010-03-12 10:41:00,0.037314,1
487564,534934,12913,United Kingdom,280,2.55,714.0,2010-11-24 15:23:00,0.03729,1
251099,513621,13414,United Kingdom,600,0.65,390.0,2010-06-27 12:54:00,0.037263,1
47154,493799,16029,United Kingdom,832,2.55,2121.6,2010-01-07 11:12:00,0.037253,1
432176,530714,16754,United Kingdom,816,2.55,2080.8,2010-11-04 11:35:00,0.037253,1
297252,518346,13929,United Kingdom,432,0.36,155.52,2010-08-06 14:09:00,0.037224,1
366013,524874,12931,United Kingdom,200,2.1,420.0,2010-10-01 10:28:00,0.0372,1
201077,508728,12349,Italy,1,200.0,200.0,2010-05-18 09:57:00,0.037184,1
22194,491148,15061,United Kingdom,70,5.95,416.5,2009-12-10 07:43:00,0.037141,1
22195,491148,15061,United Kingdom,70,5.95,416.5,2009-12-10 07:43:00,0.037141,1
214993,510204,16754,United Kingdom,120,1.45,174.0,2010-05-28 07:51:00,0.037111,1
18553,490956,15413,United Kingdom,144,5.45,784.8,2009-12-08 15:10:00,0.037082,1
517006,537456,17450,United Kingdom,402,1.93,775.86,2010-12-07 09:43:00,0.037064,1
251622,513647,14646,Netherlands,288,0.55,158.4,2010-06-28 08:28:00,0.037028,1
251682,513647,14646,Netherlands,288,0.55,158.4,2010-06-28 08:28:00,0.037028,1
58145,494641,15413,United Kingdom,192,3.81,731.52,2010-01-17 11:33:00,0.037019,1
69961,495591,14646,Netherlands,576,1.06,610.56,2010-01-26 10:25:00,0.036942,1
347815,523208,17381,United Kingdom,504,1.06,534.24,2010-09-21 10:45:00,0.036942,1
347816,523208,17381,United Kingdom,504,1.06,534.24,2010-09-21 10:45:00,0.036942,1
347817,523208,17381,United Kingdom,504,1.06,534.24,2010-09-21 10:45:00,0.036942,1
442990,531561,12454,Spain,576,1.06,610.56,2010-11-09 10:09:00,0.036942,1
443159,531578,16013,United Kingdom,672,1.06,712.32,2010-11-09 10:50:00,0.036942,1
437065,531204,17389,United Kingdom,54,7.65,413.1,2010-11-05 15:25:00,0.036941,1
358740,524174,13687,United Kingdom,1872,0.07,131.04,2010-09-27 16:30:00,0.03694,1
372039,525286,15061,United Kingdom,120,3.75,450.0,2010-10-05 08:34:00,0.036914,1
300847,518673,14646,Netherlands,288,1.45,417.6,2010-08-10 16:10:00,0.03691,1
139491,502758,14646,Netherlands,288,1.06,305.28,2010-03-26 13:45:00,0.036874,1
354944,523921,14646,Netherlands,200,1.65,330.0,2010-09-24 16:19:00,0.036851,1
282603,516904,18244,United Kingdom,500,0.32,160.0,2010-07-25 10:30:00,0.036826,1
328348,521403,12744,Singapore,64,10.95,700.8,2010-09-06 10:19:00,0.036825,1
232008,511853,14298,United Kingdom,240,0.25,60.0,2010-06-11 08:08:00,0.036802,1
84248,497217,14156,EIRE,288,1.45,417.6,2010-02-07 14:27:00,0.036758,1
7708,490065,15061,United Kingdom,600,2.1,1260.0,2009-12-03 13:58:00,0.036757,1
53241,494244,18102,United Kingdom,160,4.0,640.0,2010-01-12 16:02:00,0.036752,1
129327,501685,18102,United Kingdom,200,4.58,916.0,2010-03-18 16:35:00,0.03673,1
129328,501685,18102,United Kingdom,200,4.58,916.0,2010-03-18 16:35:00,0.03673,1
129329,501685,18102,United Kingdom,200,4.58,916.0,2010-03-18 16:35:00,0.03673,1
129330,501685,18102,United Kingdom,200,4.58,916.0,2010-03-18 16:35:00,0.03673,1
129331,501685,18102,United Kingdom,200,4.58,916.0,2010-03-18 16:35:00,0.03673,1
273486,515940,18102,United Kingdom,816,1.08,881.28,2010-07-15 15:08:00,0.036729,1
272349,515817,13559,United Kingdom,240,2.75,660.0,2010-07-15 09:52:00,0.036669,1
188195,507254,13694,United Kingdom,432,0.25,108.0,2010-05-07 11:36:00,0.036653,1
113128,500232,15769,United Kingdom,300,1.65,495.0,2010-03-05 11:22:00,0.036604,1
326843,521313,12939,United Kingdom,300,1.65,495.0,2010-09-03 11:55:00,0.036604,1
104452,499388,14646,Netherlands,300,1.65,495.0,2010-02-26 12:43:00,0.036603,1
327041,521339,15769,United Kingdom,300,1.65,495.0,2010-09-03 12:52:00,0.036603,1
327043,521339,15769,United Kingdom,300,1.65,495.0,2010-09-03 12:52:00,0.036603,1
381265,526123,14646,Netherlands,192,2.55,489.6,2010-10-08 13:52:00,0.036595,1
247492,513331,18102,United Kingdom,108,5.88,635.04,2010-06-23 17:35:00,0.036565,1
392516,527113,12454,Spain,288,1.69,486.72,2010-10-14 17:33:00,0.036504,1
503117,536387,16029,United Kingdom,192,3.82,733.44,2010-12-01 09:58:00,0.036389,1
503121,536387,16029,United Kingdom,432,1.25,540.0,2010-12-01 09:58:00,0.036374,1
408574,528571,12621,Germany,384,0.55,211.2,2010-10-22 12:59:00,0.036289,1
224839,511109,16684,United Kingdom,120,4.95,594.0,2010-06-07 09:55:00,0.036274,1
224840,511109,16684,United Kingdom,120,4.95,594.0,2010-06-07 09:55:00,0.036274,1
328325,521400,14145,United Kingdom,120,4.95,594.0,2010-09-06 09:53:00,0.036274,1
243214,512938,14145,United Kingdom,120,4.95,594.0,2010-06-20 13:28:00,0.036227,1
407601,528388,13093,United Kingdom,72,7.65,550.8,2010-10-21 18:37:00,0.03614,1
195707,508094,12931,United Kingdom,250,1.06,265.0,2010-05-13 08:56:00,0.036109,1
442992,531561,12454,Spain,576,1.45,835.2,2010-11-09 10:09:00,0.03606,1
155959,504166,16029,United Kingdom,108,2.55,275.4,2010-04-12 07:14:00,0.036056,1
172958,505747,16684,United Kingdom,108,2.55,275.4,2010-04-26 07:20:00,0.036056,1
90861,497946,13902,Denmark,2504,1.45,3630.8,2010-02-15 11:57:00,0.036045,1
346546,523124,18251,United Kingdom,432,1.25,540.0,2010-09-20 13:26:00,0.036016,1
354928,523921,14646,Netherlands,128,2.55,326.4,2010-09-24 16:19:00,0.035988,1
437252,531214,13798,United Kingdom,128,2.55,326.4,2010-11-05 16:24:00,0.035988,1
195716,508095,12931,United Kingdom,240,1.27,304.8,2010-05-13 08:57:00,0.035942,1
195731,508096,12931,United Kingdom,240,1.27,304.8,2010-05-13 08:59:00,0.035942,1
9521,490142,14258,United Kingdom,60,4.95,297.0,2009-12-04 08:36:00,0.03594,1
301273,518735,18102,United Kingdom,229,6.86,1570.94,2010-08-11 11:58:00,0.03593,1
145403,503186,18102,United Kingdom,204,6.38,1301.52,2010-03-30 14:47:00,0.035889,1
355102,523929,14646,Netherlands,80,4.95,396.0,2010-09-24 16:50:00,0.035883,1
485702,534810,14045,United Kingdom,144,8.5,1224.0,2010-11-24 12:40:00,0.035851,1
297382,518360,15061,United Kingdom,192,1.45,278.4,2010-08-06 16:11:00,0.035848,1
354981,523921,14646,Netherlands,192,1.45,278.4,2010-09-24 16:19:00,0.035848,1
450717,532247,17306,United Kingdom,1440,0.25,360.0,2010-11-11 12:44:00,0.035844,1
201393,508748,17940,United Kingdom,5000,0.5,2500.0,2010-05-18 11:45:00,0.0358,1
201395,508748,17940,United Kingdom,5000,0.5,2500.0,2010-05-18 11:45:00,0.0358,1
519378,537659,18102,United Kingdom,160,3.88,620.8,2010-12-07 16:43:00,0.035789,1
47576,493819,14156,EIRE,608,2.55,1550.4,2010-01-07 12:34:00,0.035758,1
499076,536009,12415,Australia,288,1.45,417.6,2010-11-29 15:07:00,0.03572,1
499173,536009,12415,Australia,288,1.45,417.6,2010-11-29 15:07:00,0.03572,1
187068,507178,14646,Netherlands,64,10.95,700.8,2010-05-06 15:17:00,0.03571,1
503118,536387,16029,United Kingdom,192,3.37,647.04,2010-12-01 09:58:00,0.035709,1
503119,536387,16029,United Kingdom,192,3.37,647.04,2010-12-01 09:58:00,0.035709,1
262890,514729,15061,United Kingdom,432,0.72,311.04,2010-07-06 09:52:00,0.035692,1
390905,526945,18102,United Kingdom,34,16.88,573.92,2010-10-14 10:30:00,0.035667,1
263705,514859,13798,United Kingdom,144,2.55,367.2,2010-07-07 08:44:00,0.035663,1
323469,520879,14045,United Kingdom,100,8.5,850.0,2010-08-31 15:37:00,0.035663,1
431638,530642,17949,United Kingdom,360,1.8,648.0,2010-11-03 16:34:00,0.035659,1
272373,515827,16054,United Kingdom,1,295.0,295.0,2010-07-15 10:20:00,0.035651,1
160684,504715,17404,Sweden,240,1.25,300.0,2010-04-16 10:27:00,0.035646,1
513146,537235,17381,United Kingdom,288,1.06,305.28,2010-12-06 09:45:00,0.035637,1
343638,522940,15876,United Kingdom,216,1.45,313.2,2010-09-17 15:26:00,0.035629,1
25003,491456,18102,United Kingdom,144,3.0,432.0,2009-12-11 11:22:00,0.035606,1
328494,521430,17404,Sweden,1152,0.65,748.8,2010-09-06 11:22:00,0.035596,1
269956,515485,17949,United Kingdom,504,0.72,362.88,2010-07-13 10:37:00,0.035573,1
170305,505534,18102,United Kingdom,400,0.85,340.0,2010-04-22 17:46:00,0.035565,1
170306,505534,18102,United Kingdom,400,0.85,340.0,2010-04-22 17:46:00,0.035565,1
228043,511465,18008,United Kingdom,3500,2.55,8925.0,2010-06-08 12:59:00,0.035549,1
47136,493765,14828,United Kingdom,288,1.45,417.6,2010-01-07 09:34:00,0.035508,1
282757,516916,13082,United Kingdom,516,0.65,335.4,2010-07-25 11:21:00,0.035482,1
11693,490324,13694,United Kingdom,160,2.1,336.0,2009-12-04 15:27:00,0.035457,1
11694,490324,13694,United Kingdom,160,2.1,336.0,2009-12-04 15:27:00,0.035457,1
149558,503612,13027,United Kingdom,720,0.42,302.4,2010-04-06 10:47:00,0.035448,1
196637,508217,17133,United Kingdom,1440,0.55,792.0,2010-05-13 14:57:00,0.035422,1
227428,511330,18102,United Kingdom,624,0.48,299.52,2010-06-08 10:26:00,0.035421,1
8666,490094,17949,United Kingdom,504,1.69,851.76,2009-12-03 15:56:00,0.035387,1
363562,524594,14911,EIRE,1,237.85,237.85,2010-09-29 16:26:00,0.035373,1
208633,509472,18052,United Kingdom,720,0.66,475.2,2010-05-24 11:11:00,0.03537,1
90874,497946,13902,Denmark,696,0.5,348.0,2010-02-15 11:57:00,0.035365,1
404932,528138,12931,United Kingdom,500,0.72,360.0,2010-10-20 15:24:00,0.035354,1
90871,497946,13902,Denmark,1400,0.15,210.0,2010-02-15 11:57:00,0.035341,1
366014,524874,12931,United Kingdom,240,1.27,304.8,2010-10-01 10:28:00,0.035307,1
231968,511853,14298,United Kingdom,288,0.16,46.08,2010-06-11 08:08:00,0.035305,1
84237,497217,14156,EIRE,288,1.85,532.8,2010-02-07 14:27:00,0.035248,1
84247,497217,14156,EIRE,288,1.85,532.8,2010-02-07 14:27:00,0.035248,1
84251,497217,14156,EIRE,288,1.85,532.8,2010-02-07 14:27:00,0.035248,1
208625,509472,18052,United Kingdom,1000,0.3,300.0,2010-05-24 11:11:00,0.035246,1
79037,496584,14911,EIRE,1,608.5,608.5,2010-02-02 14:11:00,0.035204,1
464323,533162,12357,Switzerland,1,850.0,850.0,2010-11-16 14:29:00,0.035204,1
208791,509531,13082,United Kingdom,600,0.65,390.0,2010-05-24 11:50:00,0.035143,1
208637,509472,18052,United Kingdom,1098,1.25,1372.5,2010-05-24 11:11:00,0.035134,1
208638,509472,18052,United Kingdom,1200,1.25,1500.0,2010-05-24 11:11:00,0.035134,1
291491,517754,18102,United Kingdom,300,2.3,690.0,2010-08-02 10:28:00,0.035133,1
392690,527124,14088,United Kingdom,35,8.5,297.5,2010-10-14 19:46:00,0.03512,1
170304,505533,18102,United Kingdom,96,7.26,696.96,2010-04-22 17:44:00,0.035087,1
273501,515944,18102,United Kingdom,192,4.58,879.36,2010-07-15 15:29:00,0.035032,1
151737,503828,12971,United Kingdom,1440,0.16,230.4,2010-04-07 15:43:00,0.034986,1
479945,534395,16013,United Kingdom,960,0.9,864.0,2010-11-22 13:12:00,0.034938,1
459270,532853,12939,United Kingdom,240,3.39,813.6,2010-11-15 10:51:00,0.034894,1
459272,532853,12939,United Kingdom,240,3.39,813.6,2010-11-15 10:51:00,0.034894,1
187152,507181,14646,Netherlands,576,0.55,316.8,2010-05-06 15:27:00,0.034861,1
102349,499167,16029,United Kingdom,192,2.95,566.4,2010-02-25 09:32:00,0.034856,1
102350,499167,16029,United Kingdom,192,2.95,566.4,2010-02-25 09:32:00,0.034856,1
8570,490086,17949,United Kingdom,432,1.85,799.2,2009-12-03 15:48:00,0.03484,1
36630,492415,17428,United Kingdom,192,2.55,489.6,2009-12-16 17:06:00,0.034814,1
392748,527124,14088,United Kingdom,27,10.95,295.65,2010-10-14 19:46:00,0.034785,1
208639,509472,18052,United Kingdom,1128,0.75,846.0,2010-05-24 11:11:00,0.034715,1
426224,530086,16013,United Kingdom,576,0.9,518.4,2010-11-01 13:32:00,0.034711,1
446553,531866,18102,United Kingdom,612,2.31,1413.72,2010-11-10 11:28:00,0.034705,1
446554,531866,18102,United Kingdom,612,2.32,1419.84,2010-11-10 11:28:00,0.034705,1
196638,508217,17133,United Kingdom,480,2.55,1224.0,2010-05-13 14:57:00,0.034698,1
358618,524155,14911,EIRE,36,10.95,394.2,2010-09-27 16:00:00,0.034693,1
355107,523929,14646,Netherlands,50,7.65,382.5,2010-09-24 16:50:00,0.034678,1
358752,524174,13687,United Kingdom,984,0.13,127.92,2010-09-27 16:30:00,0.034673,1
422273,529803,14213,United Kingdom,48,7.65,367.2,2010-10-31 10:37:00,0.034605,1
242241,512804,16943,United Kingdom,1,241.38,241.38,2010-06-18 11:16:00,0.034588,1
239468,512545,14258,United Kingdom,960,0.42,403.2,2010-06-16 13:22:00,0.03456,1
128182,501611,13694,United Kingdom,68,12.75,867.0,2010-03-18 10:51:00,0.034517,1
496569,535825,13946,United Kingdom,432,0.25,108.0,2010-11-28 16:21:00,0.034505,1
273349,515936,18102,United Kingdom,204,4.17,850.68,2010-07-15 15:00:00,0.034457,1
488578,535228,16013,United Kingdom,500,2.55,1275.0,2010-11-25 12:24:00,0.034399,1
181477,506581,14045,United Kingdom,48,8.5,408.0,2010-04-30 14:10:00,0.034381,1
243070,512926,15538,United Kingdom,150,2.55,382.5,2010-06-20 10:49:00,0.03438,1
388899,526761,14646,Netherlands,864,0.72,622.08,2010-10-13 10:53:00,0.034371,1
485007,534760,12931,United Kingdom,1000,0.72,720.0,2010-11-24 10:09:00,0.034371,1
392733,527124,14088,United Kingdom,24,12.75,306.0,2010-10-14 19:46:00,0.034347,1
392734,527124,14088,United Kingdom,24,12.75,306.0,2010-10-14 19:46:00,0.034347,1
154421,504099,12931,United Kingdom,300,0.72,216.0,2010-04-09 14:27:00,0.03433,1
7625,490061,18102,United Kingdom,600,2.0,1200.0,2009-12-03 13:42:00,0.034316,1
7626,490061,18102,United Kingdom,600,2.0,1200.0,2009-12-03 13:42:00,0.034316,1
462566,533075,18084,United Kingdom,213,1.45,308.85,2010-11-16 08:09:00,0.034314,1
47140,493793,17949,United Kingdom,600,1.25,750.0,2010-01-07 10:56:00,0.034299,1
437068,531204,17389,United Kingdom,324,0.36,116.64,2010-11-05 15:25:00,0.034292,1
208624,509472,18052,United Kingdom,808,0.75,606.0,2010-05-24 11:11:00,0.034262,1
310438,519640,16684,United Kingdom,720,0.36,259.2,2010-08-19 10:11:00,0.034254,1
383492,526237,15971,United Kingdom,108,2.95,318.6,2010-10-11 08:12:00,0.034248,1
517723,537618,15061,United Kingdom,80,10.95,876.0,2010-12-07 13:50:00,0.034238,1
401220,527870,16684,United Kingdom,240,4.95,1188.0,2010-10-19 11:36:00,0.034221,1
142206,502877,16532,United Kingdom,240,3.59,861.6,2010-03-29 10:26:00,0.034215,1
153917,503980,13762,United Kingdom,144,1.06,152.64,2010-04-09 08:05:00,0.034212,1
465108,533316,14113,United Kingdom,120,4.25,510.0,2010-11-16 17:21:00,0.034171,1
312200,519793,18251,United Kingdom,500,0.19,95.0,2010-08-20 12:26:00,0.034083,1
312201,519793,18251,United Kingdom,500,0.19,95.0,2010-08-20 12:26:00,0.034083,1
312202,519793,18251,United Kingdom,500,0.19,95.0,2010-08-20 12:26:00,0.034083,1
312203,519793,18251,United Kingdom,500,0.19,95.0,2010-08-20 12:26:00,0.034083,1
234278,512078,13941,United Kingdom,144,4.25,612.0,2010-06-13 12:14:00,0.034015,1
71040,495753,14653,United Kingdom,1,178.31,178.31,2010-01-26 16:29:00,0.03401,1
347600,523195,13802,United Kingdom,200,1.65,330.0,2010-09-21 08:25:00,0.034,1
201394,508748,17940,United Kingdom,2500,0.5,1250.0,2010-05-18 11:45:00,0.033989,1
308613,519514,14156,EIRE,144,5.45,784.8,2010-08-18 09:19:00,0.033981,1
255027,513973,13027,United Kingdom,600,0.42,252.0,2010-06-29 16:28:00,0.033979,1
408308,528474,14866,United Kingdom,160,2.55,408.0,2010-10-22 11:45:00,0.033975,1
408309,528474,14866,United Kingdom,160,2.55,408.0,2010-10-22 11:45:00,0.033975,1
227444,511335,18102,United Kingdom,120,7.46,895.2,2010-06-08 10:44:00,0.033969,1
9674,490147,13408,United Kingdom,160,1.45,232.0,2009-12-04 09:31:00,0.033915,1
65461,495236,17409,United Kingdom,160,1.45,232.0,2010-01-22 09:43:00,0.033915,1
420412,529598,13078,United Kingdom,160,1.45,232.0,2010-10-29 09:36:00,0.033915,1
53200,494243,18102,United Kingdom,288,1.4,403.2,2010-01-12 15:57:00,0.033891,1
195705,508094,12931,United Kingdom,140,2.55,357.0,2010-05-13 08:56:00,0.033878,1
502657,536324,14646,Netherlands,300,1.65,495.0,2010-11-30 16:25:00,0.033846,1
139495,502758,14646,Netherlands,288,0.72,207.36,2010-03-26 13:45:00,0.033815,1
161022,504826,12875,United Kingdom,288,0.72,207.36,2010-04-16 13:12:00,0.033815,1
18171,490933,14063,United Kingdom,72,10.95,788.4,2009-12-08 13:46:00,0.033786,1
18172,490933,14063,United Kingdom,72,10.95,788.4,2009-12-08 13:46:00,0.033786,1
358759,524174,13687,United Kingdom,864,0.13,112.32,2010-09-27 16:30:00,0.033768,1
398264,527454,12939,United Kingdom,168,3.39,569.52,2010-10-18 10:19:00,0.033763,1
398266,527454,12939,United Kingdom,168,3.39,569.52,2010-10-18 10:19:00,0.033763,1
392912,527133,12709,Germany,144,1.49,214.56,2010-10-15 09:33:00,0.033689,1
331080,521692,14911,EIRE,1,125.0,125.0,2010-09-08 08:18:00,0.033684,1
170683,505568,13694,United Kingdom,360,0.38,136.8,2010-04-23 11:12:00,0.033667,1
320493,520663,14062,United Kingdom,216,2.55,550.8,2010-08-27 12:50:00,0.033661,1
7628,490061,18102,United Kingdom,500,2.0,1000.0,2009-12-03 13:42:00,0.033637,1
199923,508594,16656,United Kingdom,576,2.1,1209.6,2010-05-17 12:11:00,0.033633,1
53666,494348,14156,EIRE,1,546.95,546.95,2010-01-13 14:25:00,0.033631,1
63611,495055,14911,EIRE,1,756.85,756.85,2010-01-20 14:46:00,0.033631,1
63612,495056,14911,EIRE,1,756.85,756.85,2010-01-20 14:50:00,0.033631,1
136408,502455,14911,EIRE,1,782.56,782.56,2010-03-24 14:17:00,0.033631,1
84250,497217,14156,EIRE,288,1.69,486.72,2010-02-07 14:27:00,0.033628,1
298926,518505,14277,France,720,0.33,237.6,2010-08-09 13:10:00,0.033591,1
139498,502758,14646,Netherlands,288,0.79,227.52,2010-03-26 13:45:00,0.033589,1
22961,491176,13091,United Kingdom,1,1213.02,1213.02,2009-12-10 11:50:00,0.033582,1
195856,508105,13892,United Kingdom,864,0.29,250.56,2010-05-13 10:32:00,0.033576,1
494524,535666,12621,Germany,32,10.95,350.4,2010-11-28 11:52:00,0.033559,1
405461,528158,14031,United Kingdom,288,1.06,305.28,2010-10-20 17:33:00,0.033541,1
100832,498910,14091,United Kingdom,200,4.25,850.0,2010-02-23 15:17:00,0.033529,1
250382,513589,14970,United Kingdom,40,8.5,340.0,2010-06-27 10:48:00,0.033513,1
442993,531561,12454,Spain,288,2.55,734.4,2010-11-09 10:09:00,0.033465,1
153033,503937,17805,United Kingdom,648,0.64,414.72,2010-04-08 14:36:00,0.033463,1
142428,502887,16754,United Kingdom,600,1.69,1014.0,2010-03-29 11:28:00,0.033409,1
99312,498723,13340,United Kingdom,16,60.0,960.0,2010-02-22 14:54:00,0.0334,1
446558,531866,18102,United Kingdom,608,2.29,1392.32,2010-11-10 11:28:00,0.033382,1
464502,533280,15523,United Kingdom,150,4.65,697.5,2010-11-16 15:27:00,0.03334,1
260398,514509,15369,United Kingdom,108,4.95,534.6,2010-07-04 13:10:00,0.033285,1
322141,520750,15480,Malta,1,1868.56,1868.56,2010-08-31 11:04:00,0.03328,1
295469,518153,17353,United Kingdom,200,1.45,290.0,2010-08-05 08:54:00,0.033259,1
295470,518153,17353,United Kingdom,200,1.45,290.0,2010-08-05 08:54:00,0.033259,1
295471,518153,17353,United Kingdom,200,1.45,290.0,2010-08-05 08:54:00,0.033259,1
295472,518153,17353,United Kingdom,200,1.45,290.0,2010-08-05 08:54:00,0.033259,1
155951,504165,16754,United Kingdom,126,1.69,212.94,2010-04-12 07:07:00,0.033219,1
452534,532384,12748,United Kingdom,243,1.25,303.75,2010-11-11 18:34:00,0.033214,1
449437,532119,13199,United Kingdom,384,0.72,276.48,2010-11-11 09:02:00,0.033172,1
356910,524027,17949,United Kingdom,672,0.42,282.24,2010-09-27 11:04:00,0.033164,1
325960,521184,15769,United Kingdom,400,1.65,660.0,2010-09-02 16:20:00,0.033076,1
169631,505500,13199,United Kingdom,576,0.72,414.72,2010-04-22 14:05:00,0.033049,1
156049,504193,12481,Germany,1,306.0,306.0,2010-04-12 10:10:00,0.033042,1
225532,511164,14028,United Kingdom,830,1.45,1203.5,2010-06-07 12:02:00,0.032986,1
225533,511164,14028,United Kingdom,830,1.45,1203.5,2010-06-07 12:02:00,0.032986,1
225534,511164,14028,United Kingdom,830,1.45,1203.5,2010-06-07 12:02:00,0.032986,1
225589,511176,14028,United Kingdom,830,1.45,1203.5,2010-06-07 12:09:00,0.032986,1
225590,511176,14028,United Kingdom,830,1.45,1203.5,2010-06-07 12:09:00,0.032986,1
225591,511176,14028,United Kingdom,830,1.45,1203.5,2010-06-07 12:09:00,0.032986,1
45444,493436,13694,United Kingdom,468,0.79,369.72,2010-01-04 13:03:00,0.032983,1
3512,489702,17511,United Kingdom,280,2.55,714.0,2009-12-02 10:52:00,0.032959,1
462567,533075,18084,United Kingdom,212,1.45,307.4,2010-11-16 08:09:00,0.032958,1
412331,528769,15260,United Kingdom,288,0.85,244.8,2010-10-25 09:08:00,0.032936,1
386672,526621,13777,United Kingdom,312,3.39,1057.68,2010-10-12 12:31:00,0.032933,1
297384,518360,15061,United Kingdom,160,1.69,270.4,2010-08-06 16:11:00,0.032927,1
29850,491953,15061,United Kingdom,240,2.55,612.0,2009-12-14 15:57:00,0.032915,1
358781,524176,14802,United Kingdom,1,159.54,159.54,2010-09-27 16:34:00,0.032912,1
503120,536387,16029,United Kingdom,432,1.45,626.4,2010-12-01 09:58:00,0.032866,1
297060,518296,15908,United Kingdom,16,35.95,575.2,2010-08-06 11:56:00,0.03286,1
323286,520875,16098,United Kingdom,288,1.49,429.12,2010-08-31 15:17:00,0.032858,1
139787,502771,13694,United Kingdom,360,0.38,136.8,2010-03-26 14:29:00,0.032849,1
139790,502771,13694,United Kingdom,360,0.38,136.8,2010-03-26 14:29:00,0.032849,1
119100,500749,13316,United Kingdom,1440,0.17,244.8,2010-03-10 10:01:00,0.032847,1
119101,500749,13316,United Kingdom,1440,0.17,244.8,2010-03-10 10:01:00,0.032847,1
45815,493537,16029,United Kingdom,300,1.65,495.0,2010-01-04 15:33:00,0.032841,1
53221,494243,18102,United Kingdom,187,4.0,748.0,2010-01-12 15:57:00,0.032836,1
273316,515932,18102,United Kingdom,612,0.8,489.6,2010-07-15 14:47:00,0.032824,1
273323,515933,18102,United Kingdom,624,0.78,486.72,2010-07-15 14:49:00,0.032824,1
192719,507685,16737,United Kingdom,288,1.45,417.6,2010-05-11 09:53:00,0.032818,1
59087,494678,16684,United Kingdom,216,2.1,453.6,2010-01-18 09:12:00,0.032809,1
292604,517909,18260,United Kingdom,1,295.0,295.0,2010-08-03 10:26:00,0.032773,1
292666,517930,15727,United Kingdom,1,295.0,295.0,2010-08-03 10:38:00,0.032773,1
292667,517930,15727,United Kingdom,1,295.0,295.0,2010-08-03 10:38:00,0.032773,1
432175,530714,16754,United Kingdom,1960,1.06,2077.6,2010-11-04 11:35:00,0.032759,1
32195,491986,15838,United Kingdom,300,1.65,495.0,2009-12-15 09:51:00,0.03273,1
386173,526496,15838,United Kingdom,300,1.65,495.0,2010-10-12 09:53:00,0.03273,1
47145,493796,16029,United Kingdom,120,8.5,1020.0,2010-01-07 11:03:00,0.032709,1
416068,529141,13953,United Kingdom,400,1.25,500.0,2010-10-26 15:16:00,0.032689,1
380104,525977,16013,United Kingdom,120,2.75,330.0,2010-10-08 10:46:00,0.032681,1
446555,531866,18102,United Kingdom,20,52.78,1055.6,2010-11-10 11:28:00,0.032675,1
381639,526152,16872,United Kingdom,288,0.65,187.2,2010-10-08 15:20:00,0.032635,1
502675,536324,14646,Netherlands,192,2.55,489.6,2010-11-30 16:25:00,0.032617,1
3294,489675,13777,United Kingdom,168,2.95,495.6,2009-12-02 09:47:00,0.032612,1
228042,511465,18008,United Kingdom,500,2.55,1275.0,2010-06-08 12:59:00,0.03261,1
191329,507464,18102,United Kingdom,612,0.85,520.2,2010-05-10 11:00:00,0.032607,1
454089,532559,16199,United Kingdom,144,2.75,396.0,2010-11-12 12:55:00,0.032565,1
291737,517817,18087,United Kingdom,180,6.35,1143.0,2010-08-02 12:12:00,0.032561,1
291739,517817,18087,United Kingdom,180,6.35,1143.0,2010-08-02 12:12:00,0.032561,1
351492,523581,17949,United Kingdom,216,2.55,550.8,2010-09-22 16:43:00,0.032555,1
351493,523581,17949,United Kingdom,216,2.55,550.8,2010-09-22 16:43:00,0.032555,1
358278,524147,14911,EIRE,288,1.25,360.0,2010-09-27 15:36:00,0.032496,1
336279,522132,18251,United Kingdom,432,0.25,108.0,2010-09-13 09:57:00,0.032479,1
90875,497946,13902,Denmark,576,0.5,288.0,2010-02-15 11:57:00,0.03246,1
274731,516131,12709,Germany,288,0.64,184.32,2010-07-16 15:26:00,0.03241,1
505255,536576,13777,United Kingdom,120,4.65,558.0,2010-12-01 16:11:00,0.032401,1
89809,497897,15538,United Kingdom,14,26.95,377.3,2010-02-14 12:38:00,0.032389,1
429286,530391,16705,United Kingdom,288,1.06,305.28,2010-11-02 17:12:00,0.032372,1
484166,534716,16684,United Kingdom,288,1.06,305.28,2010-11-23 17:43:00,0.032372,1
291490,517754,18102,United Kingdom,200,3.67,734.0,2010-08-02 10:28:00,0.032335,1
519924,537667,17870,United Kingdom,128,2.55,326.4,2010-12-08 08:12:00,0.032272,1
4794,489831,12435,Denmark,480,2.1,1008.0,2009-12-02 13:58:00,0.032247,1
151946,503849,12989,United Kingdom,288,1.65,475.2,2010-04-08 09:25:00,0.032234,1
499134,536009,12415,Australia,144,3.39,488.16,2010-11-29 15:07:00,0.032226,1
381683,526155,17404,Sweden,288,0.42,120.96,2010-10-08 15:56:00,0.032212,1
358751,524174,13687,United Kingdom,768,0.13,99.84,2010-09-27 16:30:00,0.032188,1
308612,519514,14156,EIRE,324,1.25,405.0,2010-08-18 09:19:00,0.032144,1
282683,516913,13875,United Kingdom,1,295.0,295.0,2010-07-25 11:07:00,0.032109,1
355260,523946,16833,United Kingdom,1,295.0,295.0,2010-09-26 11:23:00,0.032109,1
273350,515936,18102,United Kingdom,324,2.3,745.2,2010-07-15 15:00:00,0.032089,1
384322,526385,12989,United Kingdom,648,1.25,810.0,2010-10-11 12:36:00,0.032039,1
392520,527113,12454,Spain,160,2.95,472.0,2010-10-14 17:33:00,0.032021,1
392521,527113,12454,Spain,160,2.95,472.0,2010-10-14 17:33:00,0.032021,1
354943,523921,14646,Netherlands,40,8.5,340.0,2010-09-24 16:19:00,0.032015,1
227125,511313,13064,United Kingdom,1,125.0,125.0,2010-06-07 16:28:00,0.032009,1
127982,501571,18131,United Kingdom,432,0.18,77.76,2010-03-18 08:48:00,0.031952,1
273314,515932,18102,United Kingdom,504,0.8,403.2,2010-07-15 14:47:00,0.031921,1
273317,515932,18102,United Kingdom,504,0.8,403.2,2010-07-15 14:47:00,0.031921,1
432172,530714,16754,United Kingdom,1944,0.72,1399.68,2010-11-04 11:35:00,0.031907,1
273485,515940,18102,United Kingdom,312,2.2,686.4,2010-07-15 15:08:00,0.031891,1
468695,533555,12709,Germany,32,10.95,350.4,2010-11-18 07:59:00,0.031888,1
39426,492724,14646,Netherlands,192,1.45,278.4,2009-12-18 10:59:00,0.031865,1
122091,501049,14646,Netherlands,192,1.45,278.4,2010-03-12 10:41:00,0.031865,1
90807,497937,15769,United Kingdom,400,1.65,660.0,2010-02-15 10:49:00,0.031819,1
90809,497937,15769,United Kingdom,400,1.65,660.0,2010-02-15 10:49:00,0.031819,1
303558,518982,18227,United Kingdom,1,295.0,295.0,2010-08-12 16:45:00,0.031752,1
378758,525905,13776,United Kingdom,1,311.99,311.99,2010-10-07 16:07:00,0.031752,1
378778,525909,13776,United Kingdom,1,311.99,311.99,2010-10-07 16:11:00,0.031752,1
316062,520171,12931,United Kingdom,576,1.45,835.2,2010-08-24 13:16:00,0.031751,1
95434,498398,14646,Netherlands,400,1.85,740.0,2010-02-18 15:19:00,0.031744,1
170321,505540,16029,United Kingdom,200,1.65,330.0,2010-04-22 18:00:00,0.031744,1
261108,514542,18179,United Kingdom,300,1.5,450.0,2010-07-05 10:48:00,0.031726,1
109121,499878,14156,EIRE,288,1.85,532.8,2010-03-03 09:59:00,0.031685,1
109131,499878,14156,EIRE,288,1.85,532.8,2010-03-03 09:59:00,0.031685,1
109135,499878,14156,EIRE,288,1.85,532.8,2010-03-03 09:59:00,0.031685,1
341120,522662,13089,United Kingdom,80,10.95,876.0,2010-09-16 10:56:00,0.031602,1
28423,491757,17949,United Kingdom,504,1.4,705.6,2009-12-14 12:18:00,0.031583,1
358611,524155,14911,EIRE,48,8.5,408.0,2010-09-27 16:00:00,0.031545,1
268526,515349,15513,United Kingdom,1,295.0,295.0,2010-07-12 10:43:00,0.031497,1
268527,515349,15513,United Kingdom,1,295.0,295.0,2010-07-12 10:43:00,0.031497,1
142435,502888,18102,United Kingdom,504,0.85,428.4,2010-03-29 11:33:00,0.03148,1
191328,507464,18102,United Kingdom,504,0.85,428.4,2010-05-10 11:00:00,0.03148,1
164201,504927,12482,Sweden,1440,0.09,129.6,2010-04-19 10:59:00,0.031472,1
230014,511634,17381,United Kingdom,384,2.55,979.2,2010-06-09 12:55:00,0.031378,1
47130,493765,14828,United Kingdom,288,1.05,302.4,2010-01-07 09:34:00,0.031343,1
404612,528119,15061,United Kingdom,600,1.88,1128.0,2010-10-20 14:31:00,0.031336,1
53686,494351,14277,France,1,354.45,354.45,2010-01-13 14:48:00,0.031313,1
286240,517250,18102,United Kingdom,140,4.58,641.2,2010-07-27 15:08:00,0.031311,1
286241,517250,18102,United Kingdom,140,4.58,641.2,2010-07-27 15:08:00,0.031311,1
427286,530178,17949,United Kingdom,396,1.85,732.6,2010-11-02 10:14:00,0.031303,1
442872,531544,17381,United Kingdom,150,1.65,247.5,2010-11-09 07:56:00,0.031278,1
106347,499525,13694,United Kingdom,1200,0.11,132.0,2010-03-01 10:21:00,0.031247,1
522919,537981,17857,United Kingdom,1394,0.55,766.7,2010-12-09 11:35:00,0.031235,1
59080,494678,16684,United Kingdom,288,0.72,207.36,2010-01-18 09:12:00,0.031229,1
236959,512321,16422,United Kingdom,432,0.55,237.6,2010-06-15 09:33:00,0.031215,1
227442,511335,18102,United Kingdom,204,4.0,816.0,2010-06-08 10:44:00,0.031212,1
53220,494243,18102,United Kingdom,163,4.0,652.0,2010-01-12 15:57:00,0.031195,1
305590,519208,15769,United Kingdom,400,1.65,660.0,2010-08-15 11:09:00,0.031192,1
271853,515769,16422,United Kingdom,600,1.06,636.0,2010-07-14 14:31:00,0.031176,1
243347,512945,16119,United Kingdom,72,5.45,392.4,2010-06-20 15:21:00,0.03115,1
105975,499504,17848,United Kingdom,24,12.75,306.0,2010-02-28 15:21:00,0.031138,1
500554,536047,13029,United Kingdom,12,24.95,299.4,2010-11-30 08:59:00,0.031122,1
407921,528431,12973,United Kingdom,2,145.0,290.0,2010-10-22 10:14:00,0.031113,1
388845,526761,14646,Netherlands,800,0.34,272.0,2010-10-13 10:53:00,0.031066,1
65932,495276,14063,United Kingdom,12,35.95,431.4,2010-01-22 11:28:00,0.031064,1
65936,495276,14063,United Kingdom,12,35.95,431.4,2010-01-22 11:28:00,0.031064,1
183379,506839,12503,Spain,560,1.6,896.0,2010-05-04 13:59:00,0.03106,1
367047,524969,14646,Netherlands,288,0.79,227.52,2010-10-01 14:38:00,0.031051,1
315921,520165,13027,United Kingdom,960,0.42,403.2,2010-08-24 12:44:00,0.031018,1
346547,523124,18251,United Kingdom,600,0.42,252.0,2010-09-20 13:26:00,0.031017,1
62835,494919,17404,Sweden,288,0.85,244.8,2010-01-20 08:27:00,0.030992,1
48481,493948,16772,United Kingdom,43,10.75,462.25,2010-01-08 12:38:00,0.030988,1
212909,510043,15389,United Kingdom,300,1.25,375.0,2010-05-26 16:02:00,0.030921,1
90810,497937,15769,United Kingdom,300,1.65,495.0,2010-02-15 10:49:00,0.030918,1
340255,522600,16422,United Kingdom,672,1.45,974.4,2010-09-15 13:34:00,0.030903,1
326721,521254,15061,United Kingdom,240,1.69,405.6,2010-09-03 11:26:00,0.030888,1
369440,525074,12747,United Kingdom,48,7.95,381.6,2010-10-03 14:57:00,0.030862,1
95441,498398,14646,Netherlands,144,4.95,712.8,2010-02-18 15:19:00,0.030784,1
154015,503985,12468,Germany,15,18.0,270.0,2010-04-09 10:08:00,0.030774,1
43871,493258,18102,United Kingdom,112,7.93,888.16,2009-12-22 14:19:00,0.030752,1
74604,496204,15251,United Kingdom,288,1.05,302.4,2010-01-29 12:42:00,0.030694,1
71779,495908,15389,United Kingdom,1440,0.42,604.8,2010-01-27 12:44:00,0.030691,1
71034,495747,12555,Spain,1,129.23,129.23,2010-01-26 16:26:00,0.030661,1
71035,495750,14156,EIRE,1,132.79,132.79,2010-01-26 16:27:00,0.030661,1
401239,527870,16684,United Kingdom,80,10.95,876.0,2010-10-19 11:36:00,0.030658,1
208631,509472,18052,United Kingdom,480,0.75,360.0,2010-05-24 11:11:00,0.030654,1
358769,524174,13687,United Kingdom,500,0.17,85.0,2010-09-27 16:30:00,0.030653,1
42254,492943,14156,EIRE,288,2.55,734.4,2009-12-21 13:04:00,0.030574,1
149408,503602,17949,United Kingdom,300,1.06,318.0,2010-04-06 09:46:00,0.030552,1
450897,532285,17308,United Kingdom,432,1.45,626.4,2010-11-11 13:19:00,0.030525,1
96717,498504,12931,United Kingdom,250,1.45,362.5,2010-02-19 11:29:00,0.030485,1
6456,489890,14646,Netherlands,144,2.75,396.0,2009-12-02 16:53:00,0.030462,1
445791,531837,13777,United Kingdom,120,2.95,354.0,2010-11-10 08:56:00,0.030459,1
432177,530715,15838,United Kingdom,9360,1.69,15818.4,2010-11-04 11:36:00,0.030441,1
499150,536009,12415,Australia,200,2.55,510.0,2010-11-29 15:07:00,0.030437,1
65084,495194,13902,Denmark,864,0.25,216.0,2010-01-21 15:11:00,0.030408,1
142317,502883,16754,United Kingdom,408,0.72,293.76,2010-03-29 10:44:00,0.030375,1
388886,526761,14646,Netherlands,576,0.55,316.8,2010-10-13 10:53:00,0.030372,1
69997,495591,14646,Netherlands,320,1.95,624.0,2010-01-26 10:25:00,0.030356,1
77639,496467,15480,Malta,1,818.19,818.19,2010-02-01 15:17:00,0.030334,1
298952,518505,14277,France,3744,0.05,187.2,2010-08-09 13:10:00,0.030304,1
280780,516742,12908,United Kingdom,600,0.53,318.0,2010-07-22 14:21:00,0.030288,1
11670,490320,13694,United Kingdom,432,0.12,51.84,2009-12-04 15:26:00,0.030279,1
39482,492727,16029,United Kingdom,60,9.45,567.0,2009-12-18 11:10:00,0.030269,1
122077,501047,14646,Netherlands,144,2.1,302.4,2010-03-12 10:37:00,0.030263,1
122078,501047,14646,Netherlands,144,2.1,302.4,2010-03-12 10:37:00,0.030263,1
379890,525970,13694,United Kingdom,144,2.1,302.4,2010-10-08 10:21:00,0.030263,1
491545,535397,14306,United Kingdom,144,2.1,302.4,2010-11-26 10:44:00,0.030263,1
407127,528375,13093,United Kingdom,72,7.65,550.8,2010-10-21 17:29:00,0.030258,1
163050,504914,14845,United Kingdom,600,0.25,150.0,2010-04-19 10:19:00,0.030218,1
71024,495748,16291,Portugal,1,117.72,117.72,2010-01-26 16:26:00,0.030211,1
375151,525585,13027,United Kingdom,1200,0.4,480.0,2010-10-06 11:43:00,0.03021,1
375152,525585,13027,United Kingdom,1200,0.4,480.0,2010-10-06 11:43:00,0.03021,1
319167,520504,18102,United Kingdom,204,5.95,1213.8,2010-08-26 12:43:00,0.030203,1
59091,494678,16684,United Kingdom,400,0.34,136.0,2010-01-18 09:12:00,0.030167,1
238691,512494,15061,United Kingdom,96,10.95,1051.2,2010-06-16 11:02:00,0.030165,1
358745,524174,13687,United Kingdom,480,0.25,120.0,2010-09-27 16:30:00,0.030162,1
46929,493722,16467,United Kingdom,1080,0.21,226.8,2010-01-06 10:58:00,0.030145,1
120678,500903,18251,United Kingdom,480,0.64,307.2,2010-03-11 10:13:00,0.030126,1
120679,500903,18251,United Kingdom,480,0.64,307.2,2010-03-11 10:13:00,0.030126,1
120680,500903,18251,United Kingdom,480,0.64,307.2,2010-03-11 10:13:00,0.030126,1
512691,537214,16422,United Kingdom,288,1.06,305.28,2010-12-05 15:35:00,0.030124,1
512692,537214,16422,United Kingdom,288,1.06,305.28,2010-12-05 15:35:00,0.030124,1
299226,518545,18102,United Kingdom,200,1.19,238.0,2010-08-09 18:26:00,0.030112,1
299227,518545,18102,United Kingdom,200,1.19,238.0,2010-08-09 18:26:00,0.030112,1
299248,518551,18102,United Kingdom,200,1.19,238.0,2010-08-09 18:34:00,0.030112,1
299250,518551,18102,United Kingdom,200,1.19,238.0,2010-08-09 18:34:00,0.030112,1
296503,518250,14045,United Kingdom,192,2.55,489.6,2010-08-05 17:35:00,0.030094,1
113386,500255,17190,United Kingdom,360,0.29,104.4,2010-03-05 13:21:00,0.03009,1
113387,500255,17190,United Kingdom,360,0.29,104.4,2010-03-05 13:21:00,0.03009,1
185784,507062,12709,Germany,24,24.95,598.8,2010-05-06 10:28:00,0.030063,1
471686,533818,12629,Sweden,6,40.0,240.0,2010-11-19 09:18:00,0.030063,1
182943,506740,14911,EIRE,1,269.34,269.34,2010-05-04 10:31:00,0.030061,1
57421,494515,13694,United Kingdom,288,0.36,103.68,2010-01-15 10:24:00,0.030037,1
65300,495228,14646,Netherlands,144,0.72,103.68,2010-01-22 08:28:00,0.030023,1
57415,494515,13694,United Kingdom,288,0.37,106.56,2010-01-15 10:24:00,0.029991,1
57416,494515,13694,United Kingdom,288,0.37,106.56,2010-01-15 10:24:00,0.029991,1
96722,498507,16029,United Kingdom,144,2.55,367.2,2010-02-19 11:41:00,0.029987,1
84391,497225,16422,United Kingdom,720,0.16,115.2,2010-02-07 15:49:00,0.029966,1
512684,537214,16422,United Kingdom,720,0.16,115.2,2010-12-05 15:35:00,0.029966,1
53202,494243,18102,United Kingdom,288,2.0,576.0,2010-01-12 15:57:00,0.029947,1
53222,494243,18102,United Kingdom,312,2.0,624.0,2010-01-12 15:57:00,0.029947,1
129335,501687,14543,United Kingdom,32,12.75,408.0,2010-03-18 16:37:00,0.029913,1
224903,511112,16422,United Kingdom,720,0.16,115.2,2010-06-07 10:10:00,0.029897,1
370156,525106,16422,United Kingdom,720,0.16,115.2,2010-10-04 10:50:00,0.029897,1
142316,502883,16754,United Kingdom,300,1.06,318.0,2010-03-29 10:44:00,0.029879,1
354643,523902,16699,United Kingdom,24,12.75,306.0,2010-09-24 15:15:00,0.029851,1
47555,493819,14156,EIRE,624,0.64,399.36,2010-01-07 12:34:00,0.029842,1
392519,527113,12454,Spain,144,2.95,424.8,2010-10-14 17:33:00,0.029827,1
128213,501614,13694,United Kingdom,360,1.25,450.0,2010-03-18 10:58:00,0.029824,1
124101,501257,17949,United Kingdom,432,2.25,972.0,2010-03-15 12:46:00,0.029813,1
288707,517483,12737,France,1,3610.5,3610.5,2010-07-29 12:29:00,0.029798,1
99314,498723,13340,United Kingdom,15,60.0,900.0,2010-02-22 14:54:00,0.029793,1
99315,498723,13340,United Kingdom,15,60.0,900.0,2010-02-22 14:54:00,0.029793,1
375150,525585,13027,United Kingdom,960,0.4,384.0,2010-10-06 11:43:00,0.02976,1
462510,533074,14298,United Kingdom,360,0.16,57.6,2010-11-16 07:52:00,0.02974,1
170368,505547,12406,Denmark,200,1.45,290.0,2010-04-22 18:41:00,0.029711,1
407684,528399,14156,EIRE,1,50.0,50.0,2010-10-22 08:51:00,0.029685,1
113948,500294,14233,United Kingdom,160,1.45,232.0,2010-03-05 16:35:00,0.029682,1
354925,523921,14646,Netherlands,160,1.45,232.0,2010-09-24 16:19:00,0.029682,1
102471,499176,16684,United Kingdom,432,0.85,367.2,2010-02-25 10:20:00,0.029662,1
102472,499176,16684,United Kingdom,600,0.42,252.0,2010-02-25 10:20:00,0.029653,1
499145,536009,12415,Australia,60,8.95,537.0,2010-11-29 15:07:00,0.029649,1
398203,527449,14644,United Kingdom,32,10.95,350.4,2010-10-18 09:41:00,0.029629,1
355100,523929,14646,Netherlands,120,2.55,306.0,2010-09-24 16:50:00,0.029627,1
78712,496534,17876,United Kingdom,460,1.69,777.4,2010-02-02 13:00:00,0.029624,1
259010,514371,12422,Switzerland,288,0.21,60.48,2010-07-02 09:27:00,0.029623,1
453207,532421,15468,United Kingdom,288,0.21,60.48,2010-11-12 09:39:00,0.029623,1
453208,532421,15468,United Kingdom,288,0.21,60.48,2010-11-12 09:39:00,0.029623,1
70001,495591,14646,Netherlands,400,1.45,580.0,2010-01-26 10:25:00,0.029605,1
195559,508078,12482,Sweden,1440,0.09,129.6,2010-05-12 16:40:00,0.029558,1
195640,508084,12482,Sweden,1440,0.09,129.6,2010-05-12 16:45:00,0.029558,1
358283,524147,14911,EIRE,36,10.95,394.2,2010-09-27 15:36:00,0.029533,1
195969,508147,18092,United Kingdom,600,0.65,390.0,2010-05-13 11:26:00,0.029513,1
224855,511109,16684,United Kingdom,144,2.55,367.2,2010-06-07 09:55:00,0.029506,1
45462,493439,13694,United Kingdom,288,1.25,360.0,2010-01-04 13:25:00,0.029473,1
45463,493439,13694,United Kingdom,288,1.25,360.0,2010-01-04 13:25:00,0.029473,1
53197,494243,18102,United Kingdom,126,5.0,630.0,2010-01-12 15:57:00,0.029448,1
488217,535104,16684,United Kingdom,1152,0.72,829.44,2010-11-25 11:04:00,0.029433,1
498476,535988,14646,Netherlands,48,10.95,525.6,2010-11-29 13:21:00,0.029409,1
488221,535104,16684,United Kingdom,800,1.45,1160.0,2010-11-25 11:04:00,0.029397,1
69988,495591,14646,Netherlands,200,2.95,590.0,2010-01-26 10:25:00,0.029339,1
139492,502758,14646,Netherlands,216,1.45,313.2,2010-03-26 13:45:00,0.02933,1
139493,502758,14646,Netherlands,216,1.45,313.2,2010-03-26 13:45:00,0.02933,1
139517,502759,14646,Netherlands,216,1.45,313.2,2010-03-26 13:46:00,0.02933,1
507442,536785,15061,United Kingdom,320,1.45,464.0,2010-12-02 15:22:00,0.029286,1
109134,499878,14156,EIRE,288,1.69,486.72,2010-03-03 09:59:00,0.029229,1
7008,490010,15061,United Kingdom,480,2.1,1008.0,2009-12-03 12:15:00,0.029224,1
446550,531866,18102,United Kingdom,104,9.38,975.52,2010-11-10 11:28:00,0.02922,1
281512,516781,18102,United Kingdom,107,1.85,197.95,2010-07-23 08:24:00,0.029219,1
243052,512924,14156,EIRE,200,1.45,290.0,2010-06-20 10:47:00,0.029212,1
24815,491439,15291,United Kingdom,120,2.55,306.0,2009-12-11 10:31:00,0.029199,1
39454,492724,14646,Netherlands,120,2.55,306.0,2009-12-18 10:59:00,0.029199,1
446546,531866,18102,United Kingdom,169,5.37,907.53,2010-11-10 11:28:00,0.029187,1
220852,510806,17107,United Kingdom,192,0.72,138.24,2010-06-03 19:05:00,0.029179,1
116183,500454,15538,United Kingdom,400,2.55,1020.0,2010-03-08 12:18:00,0.029102,1
106328,499524,13694,United Kingdom,600,0.24,144.0,2010-03-01 10:19:00,0.029095,1
69922,495591,14646,Netherlands,400,1.65,660.0,2010-01-26 10:25:00,0.029069,1
69956,495591,14646,Netherlands,400,1.65,660.0,2010-01-26 10:25:00,0.029069,1
95410,498395,14646,Netherlands,288,1.45,417.6,2010-02-18 15:13:00,0.029061,1
311244,519713,14156,EIRE,300,1.45,435.0,2010-08-19 15:36:00,0.029061,1
498498,535989,14646,Netherlands,288,1.45,417.6,2010-11-29 13:25:00,0.029007,1
47517,493819,14156,EIRE,96,10.95,1051.2,2010-01-07 12:34:00,0.029001,1
47518,493819,14156,EIRE,96,10.95,1051.2,2010-01-07 12:34:00,0.029001,1
251623,513647,14646,Netherlands,160,1.45,232.0,2010-06-28 08:28:00,0.028995,1
373145,525426,12931,United Kingdom,500,0.72,360.0,2010-10-05 13:03:00,0.028985,1
47550,493819,14156,EIRE,576,1.06,610.56,2010-01-07 12:34:00,0.028972,1
47551,493819,14156,EIRE,576,1.06,610.56,2010-01-07 12:34:00,0.028972,1
230002,511634,17381,United Kingdom,1056,0.36,380.16,2010-06-09 12:55:00,0.028966,1
199221,508500,15272,United Kingdom,1,125.0,125.0,2010-05-16 15:33:00,0.028932,1
363045,524539,14911,EIRE,1,483.15,483.15,2010-09-29 13:49:00,0.028917,1
274852,516141,16128,United Kingdom,240,0.42,100.8,2010-07-16 16:30:00,0.028862,1
266146,515128,12592,Germany,1,715.02,715.02,2010-07-08 14:18:00,0.028843,1
466663,533370,15874,United Kingdom,2,295.0,590.0,2010-11-17 10:31:00,0.02881,1
397903,527436,15786,United Kingdom,1,79.95,79.95,2010-10-18 08:11:00,0.028792,1
65287,495228,14646,Netherlands,96,2.55,244.8,2010-01-22 08:28:00,0.028735,1
48396,493924,12678,France,1,180.0,180.0,2010-01-08 11:25:00,0.028705,1
251715,513649,14646,Netherlands,32,8.5,272.0,2010-06-28 08:34:00,0.028698,1
324965,521112,14646,Netherlands,288,1.45,417.6,2010-09-02 10:47:00,0.028641,1
109132,499878,14156,EIRE,288,1.45,417.6,2010-03-03 09:59:00,0.028625,1
231969,511853,14298,United Kingdom,250,0.16,40.0,2010-06-11 08:08:00,0.028614,1
53195,494243,18102,United Kingdom,271,1.7,460.7,2010-01-12 15:57:00,0.028606,1
246638,513271,13942,United Kingdom,1000,0.32,320.0,2010-06-23 12:35:00,0.028564,1
102465,499176,16684,United Kingdom,336,1.69,567.84,2010-02-25 10:20:00,0.028562,1
507408,536783,15061,United Kingdom,96,7.65,734.4,2010-12-02 15:19:00,0.028531,1
507875,536824,13798,United Kingdom,160,2.55,408.0,2010-12-02 17:24:00,0.028523,1
275173,516153,13798,United Kingdom,200,2.55,510.0,2010-07-18 11:35:00,0.028522,1
287569,517377,15061,United Kingdom,32,10.95,350.4,2010-07-28 17:12:00,0.02852,1
388909,526761,14646,Netherlands,256,2.55,652.8,2010-10-13 10:53:00,0.02846,1
485167,534774,15838,United Kingdom,1584,0.19,300.96,2010-11-24 11:03:00,0.02845,1
157811,504436,14156,EIRE,432,1.85,799.2,2010-04-13 13:33:00,0.028432,1
484384,534738,12377,Switzerland,2,40.0,80.0,2010-11-23 19:24:00,0.028427,1
42251,492943,14156,EIRE,288,1.85,532.8,2009-12-21 13:04:00,0.028392,1
42263,492943,14156,EIRE,288,1.85,532.8,2009-12-21 13:04:00,0.028392,1
42265,492943,14156,EIRE,288,1.85,532.8,2009-12-21 13:04:00,0.028392,1
246791,513283,17414,United Kingdom,600,0.52,312.0,2010-06-23 13:36:00,0.028385,1
58168,494643,13694,United Kingdom,284,1.25,355.0,2010-01-17 11:55:00,0.028344,1
127166,501534,13902,Denmark,992,0.25,248.0,2010-03-17 13:09:00,0.028328,1
205922,509210,12647,Germany,12,18.0,216.0,2010-05-21 09:56:00,0.028312,1
292899,517953,16754,United Kingdom,1120,1.06,1187.2,2010-08-03 11:56:00,0.02831,1
53203,494243,18102,United Kingdom,288,1.3,374.4,2010-01-12 15:57:00,0.028295,1
442989,531561,12454,Spain,288,1.45,417.6,2010-11-09 10:09:00,0.028259,1
576,489523,12931,United Kingdom,800,1.45,1160.0,2009-12-01 11:46:00,0.028233,1
157813,504436,14156,EIRE,432,1.45,626.4,2010-04-13 13:33:00,0.028212,1
65448,495233,13027,United Kingdom,240,0.4,96.0,2010-01-22 09:20:00,0.028179,1
185597,507041,14258,United Kingdom,480,0.42,201.6,2010-05-05 16:24:00,0.028164,1
498505,535990,14646,Netherlands,256,2.95,755.2,2010-11-29 13:27:00,0.02816,1
191322,507463,14147,United Kingdom,144,3.75,540.0,2010-05-10 10:53:00,0.028132,1
196350,508195,16754,United Kingdom,1152,0.18,207.36,2010-05-13 13:25:00,0.028124,1
157814,504436,14156,EIRE,432,1.69,730.08,2010-04-13 13:33:00,0.02811,1
358337,524150,13929,United Kingdom,48,9.95,477.6,2010-09-27 15:41:00,0.028092,1
317478,520343,17949,United Kingdom,504,0.72,362.88,2010-08-25 13:03:00,0.028083,1
59085,494678,16684,United Kingdom,252,1.06,267.12,2010-01-18 09:12:00,0.028071,1
37539,492439,12557,Spain,216,3.39,732.24,2009-12-17 10:39:00,0.028003,1
37540,492439,12557,Spain,216,3.39,732.24,2009-12-17 10:39:00,0.028003,1
266846,515187,14156,EIRE,240,0.55,132.0,2010-07-09 09:46:00,0.028003,1
308578,519514,14156,EIRE,160,2.55,408.0,2010-08-18 09:19:00,0.028003,1
206464,509352,18102,United Kingdom,200,1.49,298.0,2010-05-21 13:33:00,0.027985,1
206466,509352,18102,United Kingdom,200,1.49,298.0,2010-05-21 13:33:00,0.027985,1
52293,494160,18061,United Kingdom,150,2.1,315.0,2010-01-11 16:42:00,0.027932,1
354902,523921,14646,Netherlands,144,1.45,208.8,2010-09-24 16:19:00,0.027888,1
354905,523921,14646,Netherlands,144,1.45,208.8,2010-09-24 16:19:00,0.027888,1
354957,523921,14646,Netherlands,144,1.45,208.8,2010-09-24 16:19:00,0.027888,1
10723,490277,18092,United Kingdom,288,0.72,207.36,2009-12-04 12:37:00,0.027881,1
445807,531839,13777,United Kingdom,216,1.25,270.0,2010-11-10 08:58:00,0.027847,1
94495,498284,13798,United Kingdom,288,1.05,302.4,2010-02-17 16:43:00,0.027825,1
407128,528375,13093,United Kingdom,108,4.25,459.0,2010-10-21 17:29:00,0.027821,1
473585,534002,17735,United Kingdom,1,165.0,165.0,2010-11-19 14:26:00,0.027804,1
246530,513264,17310,United Kingdom,300,2.55,765.0,2010-06-23 11:38:00,0.027758,1
17292,490751,12358,Austria,60,4.95,297.0,2009-12-08 07:59:00,0.027755,1
17294,490751,12358,Austria,60,4.95,297.0,2009-12-08 07:59:00,0.027755,1
17295,490751,12358,Austria,60,4.95,297.0,2009-12-08 07:59:00,0.027755,1
59079,494678,16684,United Kingdom,60,6.95,417.0,2010-01-18 09:12:00,0.02769,1
292896,517953,16754,United Kingdom,720,0.72,518.4,2010-08-03 11:56:00,0.027684,1
270554,515602,14895,United Kingdom,1,295.0,295.0,2010-07-13 14:15:00,0.02763,1
308574,519514,14156,EIRE,288,1.25,360.0,2010-08-18 09:19:00,0.027629,1
279620,516610,13615,United Kingdom,1,295.0,295.0,2010-07-21 14:41:00,0.027627,1
340931,522636,16656,United Kingdom,192,2.1,403.2,2010-09-16 09:54:00,0.027616,1
370606,525173,12989,United Kingdom,432,1.25,540.0,2010-10-04 12:22:00,0.027603,1
6438,489889,14646,Netherlands,288,1.06,305.28,2009-12-02 16:52:00,0.027601,1
454497,532582,15061,United Kingdom,192,1.65,316.8,2010-11-12 14:24:00,0.027579,1
342978,522863,12931,United Kingdom,60,8.5,510.0,2010-09-17 11:37:00,0.027577,1
39404,492720,16772,United Kingdom,36,9.95,358.2,2009-12-18 10:50:00,0.02754,1
310432,519640,16684,United Kingdom,600,0.34,204.0,2010-08-19 10:11:00,0.02751,1
310433,519640,16684,United Kingdom,600,0.34,204.0,2010-08-19 10:11:00,0.02751,1
187874,507235,14298,United Kingdom,240,0.42,100.8,2010-05-07 09:04:00,0.027507,1
266842,515187,14156,EIRE,240,0.42,100.8,2010-07-09 09:46:00,0.027507,1
266843,515187,14156,EIRE,240,0.42,100.8,2010-07-09 09:46:00,0.027507,1
266844,515187,14156,EIRE,240,0.42,100.8,2010-07-09 09:46:00,0.027507,1
266845,515187,14156,EIRE,240,0.42,100.8,2010-07-09 09:46:00,0.027507,1
124099,501256,17949,United Kingdom,450,1.8,810.0,2010-03-15 12:45:00,0.027506,1
281367,516775,15061,United Kingdom,200,0.34,68.0,2010-07-22 19:23:00,0.027502,1
281368,516775,15061,United Kingdom,200,0.34,68.0,2010-07-22 19:23:00,0.027502,1
85220,497339,14911,EIRE,1,365.1,365.1,2010-02-08 15:08:00,0.027501,1
69915,495591,14646,Netherlands,288,1.65,475.2,2010-01-26 10:25:00,0.0275,1
151985,503852,14145,United Kingdom,120,4.95,594.0,2010-04-08 09:47:00,0.027477,1
227658,511435,18102,United Kingdom,612,0.8,489.6,2010-06-08 11:51:00,0.027461,1
227659,511435,18102,United Kingdom,612,0.8,489.6,2010-06-08 11:51:00,0.027461,1
227660,511435,18102,United Kingdom,720,0.8,576.0,2010-06-08 11:51:00,0.027461,1
227661,511435,18102,United Kingdom,612,0.8,489.6,2010-06-08 11:51:00,0.027461,1
227662,511435,18102,United Kingdom,612,0.8,489.6,2010-06-08 11:51:00,0.027461,1
432205,530718,16029,United Kingdom,104,8.49,882.96,2010-11-04 11:38:00,0.02746,1
464499,533280,15523,United Kingdom,150,3.75,562.5,2010-11-16 15:27:00,0.027455,1
464500,533280,15523,United Kingdom,150,3.75,562.5,2010-11-16 15:27:00,0.027455,1
139483,502758,14646,Netherlands,200,1.65,330.0,2010-03-26 13:45:00,0.02744,1
290210,517640,15769,United Kingdom,200,1.65,330.0,2010-07-30 13:05:00,0.02744,1
260510,514513,13029,United Kingdom,12,24.95,299.4,2010-07-04 13:46:00,0.027405,1
51351,494022,15769,United Kingdom,200,1.65,330.0,2010-01-11 09:55:00,0.027402,1
51352,494022,15769,United Kingdom,200,1.65,330.0,2010-01-11 09:55:00,0.027402,1
51353,494022,15769,United Kingdom,200,1.65,330.0,2010-01-11 09:55:00,0.027402,1
51354,494022,15769,United Kingdom,200,1.65,330.0,2010-01-11 09:55:00,0.027402,1
51355,494022,15769,United Kingdom,200,1.65,330.0,2010-01-11 09:55:00,0.027402,1
260771,514525,13629,United Kingdom,200,1.65,330.0,2010-07-05 09:45:00,0.027402,1
383518,526239,15769,United Kingdom,200,1.65,330.0,2010-10-11 09:04:00,0.027402,1
383519,526239,15769,United Kingdom,200,1.65,330.0,2010-10-11 09:04:00,0.027402,1
383520,526239,15769,United Kingdom,200,1.65,330.0,2010-10-11 09:04:00,0.027402,1
383521,526239,15769,United Kingdom,200,1.65,330.0,2010-10-11 09:04:00,0.027402,1
383524,526239,15769,United Kingdom,200,1.65,330.0,2010-10-11 09:04:00,0.027402,1
383525,526239,15769,United Kingdom,200,1.65,330.0,2010-10-11 09:04:00,0.027402,1
392677,527124,14088,United Kingdom,72,3.81,274.32,2010-10-14 19:46:00,0.027402,1
392763,527124,14088,United Kingdom,72,3.81,274.32,2010-10-14 19:46:00,0.027402,1
392764,527124,14088,United Kingdom,72,3.81,274.32,2010-10-14 19:46:00,0.027402,1
459190,532829,15769,United Kingdom,200,1.65,330.0,2010-11-15 09:54:00,0.027402,1
459191,532829,15769,United Kingdom,200,1.65,330.0,2010-11-15 09:54:00,0.027402,1
459192,532829,15769,United Kingdom,200,1.65,330.0,2010-11-15 09:54:00,0.027402,1
459193,532829,15769,United Kingdom,200,1.65,330.0,2010-11-15 09:54:00,0.027402,1
459198,532829,15769,United Kingdom,200,1.65,330.0,2010-11-15 09:54:00,0.027402,1
491074,535367,12863,United Kingdom,48,8.5,408.0,2010-11-25 17:47:00,0.027386,1
291738,517817,18087,United Kingdom,64,10.95,700.8,2010-08-02 12:12:00,0.027368,1
255805,514082,16684,United Kingdom,600,0.65,390.0,2010-06-30 12:02:00,0.027363,1
397253,527418,16684,United Kingdom,24,10.95,262.8,2010-10-17 15:40:00,0.027291,1
324977,521112,14646,Netherlands,256,2.55,652.8,2010-09-02 10:47:00,0.027256,1
175885,506112,16210,United Kingdom,240,3.39,813.6,2010-04-27 13:45:00,0.027219,1
149404,503598,16754,United Kingdom,280,1.06,296.8,2010-04-06 09:30:00,0.027187,1
430512,530514,14646,Netherlands,320,2.55,816.0,2010-11-03 12:23:00,0.027159,1
53213,494243,18102,United Kingdom,208,2.5,520.0,2010-01-12 15:57:00,0.027106,1
53214,494243,18102,United Kingdom,208,2.5,520.0,2010-01-12 15:57:00,0.027106,1
273271,515930,18102,United Kingdom,204,4.17,850.68,2010-07-15 14:38:00,0.027093,1
3307,489675,13777,United Kingdom,240,2.1,504.0,2009-12-02 09:47:00,0.027081,1
71048,495763,16047,EIRE,1,107.14,107.14,2010-01-26 16:34:00,0.027071,1
327504,521361,17858,United Kingdom,6,30.0,180.0,2010-09-03 17:23:00,0.026985,1
327505,521361,17858,United Kingdom,6,30.0,180.0,2010-09-03 17:23:00,0.026985,1
106331,499524,13694,United Kingdom,576,0.21,120.96,2010-03-01 10:19:00,0.026983,1
106332,499524,13694,United Kingdom,576,0.21,120.96,2010-03-01 10:19:00,0.026983,1
71080,495799,13327,United Kingdom,1,81.61,81.61,2010-01-26 17:26:00,0.026963,1
101560,499029,17949,United Kingdom,1008,0.72,725.76,2010-02-24 12:39:00,0.026893,1
230016,511634,17381,United Kingdom,1152,0.72,829.44,2010-06-09 12:55:00,0.026893,1
52243,494150,12980,United Kingdom,16,34.95,559.2,2010-01-11 14:56:00,0.026882,1
323470,520879,14045,United Kingdom,192,2.55,489.6,2010-08-31 15:37:00,0.026882,1
445287,531799,13093,United Kingdom,200,2.55,510.0,2010-11-09 15:39:00,0.026882,1
499077,536009,12415,Australia,256,1.65,422.4,2010-11-29 15:07:00,0.026841,1
181469,506581,14045,United Kingdom,192,1.45,278.4,2010-04-30 14:10:00,0.026815,1
181472,506581,14045,United Kingdom,192,1.45,278.4,2010-04-30 14:10:00,0.026815,1
181475,506581,14045,United Kingdom,192,1.45,278.4,2010-04-30 14:10:00,0.026815,1
90868,497946,13902,Denmark,1200,0.15,180.0,2010-02-15 11:57:00,0.026795,1
3297,489675,13777,United Kingdom,120,4.6,552.0,2009-12-02 09:47:00,0.026787,1
386585,526585,12931,United Kingdom,500,1.06,530.0,2010-10-12 11:52:00,0.026743,1
401126,527796,12454,Spain,576,1.06,610.56,2010-10-19 11:14:00,0.026743,1
294241,518052,12748,United Kingdom,1,334.88,334.88,2010-08-04 11:38:00,0.026723,1
139499,502758,14646,Netherlands,288,0.64,184.32,2010-03-26 13:45:00,0.02672,1
65314,495228,14646,Netherlands,24,9.95,238.8,2010-01-22 08:28:00,0.026676,1
215070,510225,14543,United Kingdom,24,9.95,238.8,2010-05-28 08:47:00,0.026676,1
95407,498395,14646,Netherlands,288,1.65,475.2,2010-02-18 15:13:00,0.026644,1
253196,513783,18008,United Kingdom,248,3.39,840.72,2010-06-28 14:33:00,0.026642,1
251668,513647,14646,Netherlands,144,1.65,237.6,2010-06-28 08:28:00,0.026636,1
299233,518546,18102,United Kingdom,90,2.95,265.5,2010-08-09 18:29:00,0.026623,1
195701,508094,12931,United Kingdom,200,1.06,212.0,2010-05-13 08:56:00,0.026606,1
135241,502300,16029,United Kingdom,72,9.45,680.4,2010-03-24 09:07:00,0.026595,1
230018,511634,17381,United Kingdom,960,1.06,1017.6,2010-06-09 12:55:00,0.026553,1
230019,511634,17381,United Kingdom,960,1.06,1017.6,2010-06-09 12:55:00,0.026553,1
153474,503955,13694,United Kingdom,204,2.55,520.2,2010-04-08 16:43:00,0.02654,1
422272,529803,14213,United Kingdom,50,6.75,337.5,2010-10-31 10:37:00,0.026526,1
139786,502771,13694,United Kingdom,300,0.38,114.0,2010-03-26 14:29:00,0.026507,1
273832,515958,13230,United Kingdom,6,19.95,119.7,2010-07-15 20:16:00,0.0265,1
357676,524106,18194,United Kingdom,150,3.75,562.5,2010-09-27 13:08:00,0.026494,1
227447,511335,18102,United Kingdom,120,5.43,651.6,2010-06-08 10:44:00,0.026493,1
253519,513803,16754,United Kingdom,864,0.18,155.52,2010-06-29 09:06:00,0.026437,1
343628,522936,17949,United Kingdom,120,2.55,306.0,2010-09-17 15:12:00,0.026425,1
39451,492724,14646,Netherlands,216,1.06,228.96,2009-12-18 10:59:00,0.026314,1
122110,501049,14646,Netherlands,216,1.06,228.96,2010-03-12 10:41:00,0.026314,1
286341,517253,18102,United Kingdom,120,4.86,583.2,2010-07-27 15:45:00,0.026251,1
127,489444,12636,USA,1,141.0,141.0,2009-12-01 09:55:00,0.026227,1
423356,529844,16684,United Kingdom,70,6.75,472.5,2010-10-31 13:05:00,0.026219,1
431240,530577,16422,United Kingdom,384,1.45,556.8,2010-11-03 14:36:00,0.02621,1
99313,498723,13340,United Kingdom,10,60.0,600.0,2010-02-22 14:54:00,0.02617,1
81301,496867,13953,United Kingdom,500,1.25,625.0,2010-02-04 12:26:00,0.026153,1
450094,532140,15838,United Kingdom,800,1.65,1320.0,2010-11-11 11:31:00,0.026152,1
106311,499523,13694,United Kingdom,288,1.06,305.28,2010-03-01 10:17:00,0.026104,1
132596,501925,15311,United Kingdom,288,1.06,305.28,2010-03-22 10:33:00,0.026104,1
300857,518673,14646,Netherlands,400,0.72,288.0,2010-08-10 16:10:00,0.02609,1
392742,527124,14088,United Kingdom,24,10.95,262.8,2010-10-14 19:46:00,0.026063,1
28929,491812,13694,United Kingdom,960,0.19,182.4,2009-12-14 13:23:00,0.026046,1
307457,519396,15039,United Kingdom,480,0.42,201.6,2010-08-16 15:36:00,0.026025,1
499079,536009,12415,Australia,480,0.42,201.6,2010-11-29 15:07:00,0.026025,1
47540,493819,14156,EIRE,576,0.64,368.64,2010-01-07 12:34:00,0.026012,1
152701,503907,18251,United Kingdom,576,0.65,374.4,2010-04-08 12:23:00,0.026012,1
401127,527796,12454,Spain,576,1.45,835.2,2010-10-19 11:14:00,0.026009,1
47552,493819,14156,EIRE,480,1.45,696.0,2010-01-07 12:34:00,0.026002,1
403443,528055,13777,United Kingdom,192,3.39,650.88,2010-10-20 11:48:00,0.025966,1
420649,529617,17929,United Kingdom,48,8.5,408.0,2010-10-29 11:19:00,0.025965,1
44691,493325,13694,United Kingdom,240,0.38,91.2,2009-12-23 07:57:00,0.025955,1
250466,513593,15569,United Kingdom,72,4.95,356.4,2010-06-27 10:54:00,0.025932,1
354907,523921,14646,Netherlands,144,1.65,237.6,2010-09-24 16:19:00,0.025894,1
230013,511634,17381,United Kingdom,90,10.95,985.5,2010-06-09 12:55:00,0.025867,1
488768,535243,13089,United Kingdom,80,10.95,876.0,2010-11-25 12:36:00,0.025867,1
106329,499524,13694,United Kingdom,576,0.17,97.92,2010-03-01 10:19:00,0.025865,1
122075,501047,14646,Netherlands,18,14.95,269.1,2010-03-12 10:37:00,0.025864,1
76619,496340,12668,Germany,13,18.0,234.0,2010-01-31 15:45:00,0.025859,1
180335,506458,14543,United Kingdom,36,7.35,264.6,2010-04-29 19:36:00,0.025842,1
47141,493794,17949,United Kingdom,300,1.06,318.0,2010-01-07 10:57:00,0.025811,1
281356,516775,15061,United Kingdom,128,1.65,211.2,2010-07-22 19:23:00,0.025802,1
312210,519793,18251,United Kingdom,246,1.25,307.5,2010-08-20 12:26:00,0.025796,1
273272,515930,18102,United Kingdom,324,2.3,745.2,2010-07-15 14:38:00,0.025778,1
447957,532054,12931,United Kingdom,400,1.45,580.0,2010-11-10 14:24:00,0.025763,1
390658,526919,14316,United Kingdom,576,0.21,120.96,2010-10-13 16:31:00,0.025751,1
47599,493819,14156,EIRE,576,0.55,316.8,2010-01-07 12:34:00,0.025713,1
135247,502300,16029,United Kingdom,72,8.5,612.0,2010-03-24 09:07:00,0.025701,1
251748,513651,14045,United Kingdom,40,8.5,340.0,2010-06-28 09:33:00,0.025671,1
3571,489726,17949,United Kingdom,200,3.75,750.0,2009-12-02 11:07:00,0.025669,1
354916,523921,14646,Netherlands,32,8.5,272.0,2010-09-24 16:19:00,0.025658,1
187084,507178,14646,Netherlands,224,2.55,571.2,2010-05-06 15:17:00,0.025655,1
205957,509211,17949,United Kingdom,204,1.06,216.24,2010-05-21 10:08:00,0.025644,1
447847,532047,13096,United Kingdom,6,69.95,419.7,2010-11-10 14:08:00,0.025634,1
270791,515616,18172,United Kingdom,128,2.55,326.4,2010-07-13 17:03:00,0.025627,1
58147,494641,15413,United Kingdom,120,3.81,457.2,2010-01-17 11:33:00,0.025615,1
286465,517268,14258,United Kingdom,480,0.42,201.6,2010-07-28 09:22:00,0.025597,1
69916,495591,14646,Netherlands,200,2.55,510.0,2010-01-26 10:25:00,0.025596,1
65312,495228,14646,Netherlands,144,0.55,79.2,2010-01-22 08:28:00,0.025594,1
335305,522088,14156,EIRE,480,0.42,201.6,2010-09-12 12:31:00,0.025584,1
401218,527870,16684,United Kingdom,144,4.95,712.8,2010-10-19 11:36:00,0.025541,1
3226,489669,12842,United Kingdom,120,2.55,306.0,2009-12-02 08:15:00,0.025537,1
499174,536009,12415,Australia,120,3.75,450.0,2010-11-29 15:07:00,0.025536,1
53237,494244,18102,United Kingdom,300,1.0,300.0,2010-01-12 16:02:00,0.025526,1
53238,494244,18102,United Kingdom,300,1.0,300.0,2010-01-12 16:02:00,0.025526,1
53239,494244,18102,United Kingdom,300,1.0,300.0,2010-01-12 16:02:00,0.025526,1
53252,494244,18102,United Kingdom,300,1.0,300.0,2010-01-12 16:02:00,0.025526,1
454507,532585,15061,United Kingdom,48,7.65,367.2,2010-11-12 14:28:00,0.025509,1
286184,517242,18102,United Kingdom,400,1.47,588.0,2010-07-27 14:41:00,0.025491,1
432173,530714,16754,United Kingdom,600,1.65,990.0,2010-11-04 11:35:00,0.025482,1
364486,524710,16013,United Kingdom,480,0.9,432.0,2010-09-30 12:45:00,0.02548,1
290209,517639,15694,United Kingdom,32,10.95,350.4,2010-07-30 12:54:00,0.025477,1
251747,513651,14045,United Kingdom,128,2.55,326.4,2010-06-28 09:33:00,0.025476,1
12062,490363,13199,United Kingdom,192,0.72,138.24,2009-12-05 10:11:00,0.025449,1
47152,493798,16029,United Kingdom,96,9.45,907.2,2010-01-07 11:09:00,0.025448,1
392694,527124,14088,United Kingdom,35,7.65,267.75,2010-10-14 19:46:00,0.025396,1
95408,498395,14646,Netherlands,240,2.1,504.0,2010-02-18 15:13:00,0.025394,1
120677,500903,18251,United Kingdom,432,0.53,228.96,2010-03-11 10:13:00,0.025382,1
298931,518505,14277,France,1308,0.13,170.04,2010-08-09 13:10:00,0.025376,1
151292,503805,15061,United Kingdom,64,10.95,700.8,2010-04-07 14:08:00,0.025305,1
389993,526894,12471,Germany,64,10.95,700.8,2010-10-13 14:52:00,0.025305,1
170251,505525,14156,EIRE,500,0.21,105.0,2010-04-22 17:01:00,0.025293,1
347987,523285,12931,United Kingdom,608,1.45,881.6,2010-09-21 12:06:00,0.025284,1
211256,509854,16422,United Kingdom,720,0.16,115.2,2010-05-26 09:24:00,0.025271,1
51494,494042,12510,Spain,1,975.11,975.11,2010-01-11 11:57:00,0.025269,1
43868,493258,18102,United Kingdom,336,1.49,500.64,2009-12-22 14:19:00,0.025268,1
43869,493258,18102,United Kingdom,336,1.49,500.64,2009-12-22 14:19:00,0.025268,1
354945,523921,14646,Netherlands,200,0.72,144.0,2010-09-24 16:19:00,0.025264,1
424149,529937,16539,United Kingdom,1,165.0,165.0,2010-10-31 14:43:00,0.025262,1
273322,515932,18102,United Kingdom,432,0.8,345.6,2010-07-15 14:47:00,0.025251,1
509498,536954,17809,United Kingdom,100,4.25,425.0,2010-12-03 12:41:00,0.025223,1
172963,505747,16684,United Kingdom,40,6.35,254.0,2010-04-26 07:20:00,0.025139,1
522367,537859,14030,United Kingdom,1,165.0,165.0,2010-12-08 16:11:00,0.025105,1
401246,527870,16684,United Kingdom,120,6.75,810.0,2010-10-19 11:36:00,0.0251,1
502648,536324,14646,Netherlands,288,1.06,305.28,2010-11-30 16:25:00,0.02508,1
358778,524174,13687,United Kingdom,1104,0.06,66.24,2010-09-27 16:30:00,0.025019,1
278598,516479,14061,United Kingdom,52,7.0,364.0,2010-07-20 17:22:00,0.025003,1
450092,532140,15838,United Kingdom,450,1.85,832.5,2010-11-11 11:31:00,0.025001,1
349866,523369,14113,United Kingdom,160,1.45,232.0,2010-09-21 18:30:00,0.02499,1
429496,530413,13089,United Kingdom,160,1.45,232.0,2010-11-02 18:45:00,0.02499,1
151392,503814,16656,United Kingdom,384,2.1,806.4,2010-04-07 14:36:00,0.024972,1
275452,516164,15151,United Kingdom,1,295.0,295.0,2010-07-18 12:19:00,0.02496,1
275453,516164,15151,United Kingdom,1,295.0,295.0,2010-07-18 12:19:00,0.02496,1
313340,519887,18260,United Kingdom,1,295.0,295.0,2010-08-22 12:03:00,0.02496,1
368234,525022,17412,United Kingdom,1,295.0,295.0,2010-10-03 12:00:00,0.02496,1
368235,525022,17412,United Kingdom,1,295.0,295.0,2010-10-03 12:00:00,0.02496,1
47520,493819,14156,EIRE,300,2.55,765.0,2010-01-07 12:34:00,0.024947,1
47521,493819,14156,EIRE,300,2.55,765.0,2010-01-07 12:34:00,0.024947,1
47553,493819,14156,EIRE,300,2.55,765.0,2010-01-07 12:34:00,0.024947,1
47554,493819,14156,EIRE,300,2.55,765.0,2010-01-07 12:34:00,0.024947,1
47591,493819,14156,EIRE,320,2.55,816.0,2010-01-07 12:34:00,0.024947,1
122859,501132,14031,United Kingdom,144,1.06,152.64,2010-03-12 17:07:00,0.024902,1
233725,512048,14031,United Kingdom,144,1.06,152.64,2010-06-11 17:33:00,0.024902,1
493957,535633,14031,United Kingdom,144,1.06,152.64,2010-11-26 17:25:00,0.024902,1
82881,496994,13694,United Kingdom,288,0.64,184.32,2010-02-05 11:32:00,0.024892,1
362286,524482,15734,United Kingdom,1,295.0,295.0,2010-09-29 11:40:00,0.024891,1
403383,528051,15874,United Kingdom,1,295.0,295.0,2010-10-20 11:41:00,0.024891,1
437077,531204,17389,United Kingdom,90,3.75,337.5,2010-11-05 15:25:00,0.02488,1
326602,521225,15640,United Kingdom,160,1.45,232.0,2010-09-03 10:48:00,0.024838,1
206465,509352,18102,United Kingdom,200,1.3,260.0,2010-05-21 13:33:00,0.024829,1
375855,525719,12980,United Kingdom,16,34.95,559.2,2010-10-06 14:51:00,0.024829,1
434462,530904,15027,United Kingdom,576,0.36,207.36,2010-11-04 15:24:00,0.024824,1
358750,524174,13687,United Kingdom,684,0.1,68.4,2010-09-27 16:30:00,0.024796,1
69947,495591,14646,Netherlands,144,3.75,540.0,2010-01-26 10:25:00,0.024758,1
69969,495591,14646,Netherlands,144,3.75,540.0,2010-01-26 10:25:00,0.024758,1
69970,495591,14646,Netherlands,144,3.75,540.0,2010-01-26 10:25:00,0.024758,1
287813,517393,13340,United Kingdom,2,295.0,590.0,2010-07-29 10:00:00,0.024722,1
459870,532956,17389,United Kingdom,48,10.95,525.6,2010-11-15 12:19:00,0.024687,1
403943,528085,12980,United Kingdom,16,34.95,559.2,2010-10-20 13:05:00,0.02466,1
7627,490061,18102,United Kingdom,300,2.0,600.0,2009-12-03 13:42:00,0.024642,1
305568,519204,16326,United Kingdom,1,95.0,95.0,2010-08-15 10:55:00,0.024621,1
273351,515936,18102,United Kingdom,108,6.38,689.04,2010-07-15 15:00:00,0.024595,1
355949,523976,16422,United Kingdom,700,0.21,147.0,2010-09-26 14:00:00,0.024538,1
407603,528388,13093,United Kingdom,48,7.65,367.2,2010-10-21 18:37:00,0.024531,1
180447,506463,16258,United Kingdom,12,12.75,153.0,2010-04-30 07:58:00,0.024522,1
425081,530008,13050,United Kingdom,1,92.03,92.03,2010-11-01 09:33:00,0.024467,1
251664,513647,14646,Netherlands,144,1.45,208.8,2010-06-28 08:28:00,0.024461,1
273318,515932,18102,United Kingdom,324,1.47,476.28,2010-07-15 14:47:00,0.024458,1
273319,515932,18102,United Kingdom,324,1.47,476.28,2010-07-15 14:47:00,0.024458,1
273320,515932,18102,United Kingdom,324,1.47,476.28,2010-07-15 14:47:00,0.024458,1
276606,516269,17404,Sweden,480,0.55,264.0,2010-07-19 12:19:00,0.024434,1
210080,509649,13027,United Kingdom,720,0.4,288.0,2010-05-25 11:50:00,0.024424,1
251641,513647,14646,Netherlands,200,0.72,144.0,2010-06-28 08:28:00,0.024424,1
47569,493819,14156,EIRE,198,4.25,841.5,2010-01-07 12:34:00,0.024395,1
281372,516775,15061,United Kingdom,144,1.25,180.0,2010-07-22 19:23:00,0.024384,1
446622,531870,12931,United Kingdom,1000,0.72,720.0,2010-11-10 11:37:00,0.024359,1
194556,507975,15769,United Kingdom,400,1.65,660.0,2010-05-12 10:45:00,0.024312,1
381674,526155,17404,Sweden,144,1.45,208.8,2010-10-08 15:56:00,0.024259,1
339201,522460,13324,United Kingdom,32,10.95,350.4,2010-09-14 16:01:00,0.024188,1
342288,522807,15748,United Kingdom,189,2.1,396.9,2010-09-16 16:55:00,0.024165,1
388868,526761,14646,Netherlands,288,1.45,417.6,2010-10-13 10:53:00,0.024105,1
466366,533355,14646,Netherlands,288,1.45,417.6,2010-11-17 10:03:00,0.024105,1
485005,534758,12931,United Kingdom,288,1.45,417.6,2010-11-24 10:07:00,0.024105,1
383773,526267,12678,France,216,2.1,453.6,2010-10-11 10:56:00,0.024095,1
95378,498395,14646,Netherlands,192,2.55,489.6,2010-02-18 15:13:00,0.024094,1
262352,514695,13798,United Kingdom,50,8.49,424.5,2010-07-05 15:04:00,0.024077,1
358290,524147,14911,EIRE,48,8.5,408.0,2010-09-27 15:36:00,0.024077,1
386587,526585,12931,United Kingdom,280,2.55,714.0,2010-10-12 11:52:00,0.024073,1
401129,527796,12454,Spain,288,2.55,734.4,2010-10-19 11:14:00,0.024073,1
227443,511335,18102,United Kingdom,120,5.95,714.0,2010-06-08 10:44:00,0.024034,1
224846,511109,16684,United Kingdom,240,1.06,254.4,2010-06-07 09:55:00,0.024004,1
301276,518737,18102,United Kingdom,216,3.39,732.24,2010-08-11 12:05:00,0.023997,1
301277,518737,18102,United Kingdom,216,3.39,732.24,2010-08-11 12:05:00,0.023997,1
120676,500903,18251,United Kingdom,288,1.25,360.0,2010-03-11 10:13:00,0.023987,1
505247,536575,13777,United Kingdom,252,1.25,315.0,2010-12-01 16:01:00,0.023981,1
47148,493796,16029,United Kingdom,480,1.25,600.0,2010-01-07 11:03:00,0.023976,1
132432,501918,17949,United Kingdom,240,1.65,396.0,2010-03-22 10:14:00,0.02397,1
84234,497217,14156,EIRE,288,1.06,305.28,2010-02-07 14:27:00,0.023966,1
208628,509472,18052,United Kingdom,624,0.3,187.2,2010-05-24 11:11:00,0.023949,1
172970,505747,16684,United Kingdom,100,2.55,255.0,2010-04-26 07:20:00,0.023935,1
51376,494026,15369,United Kingdom,216,1.69,365.04,2010-01-11 10:11:00,0.023917,1
181515,506603,12989,United Kingdom,50,6.35,317.5,2010-04-30 15:02:00,0.023909,1
372042,525286,15061,United Kingdom,216,1.06,228.96,2010-10-05 08:34:00,0.023906,1
397913,527437,16191,United Kingdom,48,5.95,285.6,2010-10-18 08:11:00,0.023887,1
3573,489727,17949,United Kingdom,450,2.0,900.0,2009-12-02 11:09:00,0.023835,1
120675,500903,18251,United Kingdom,247,1.95,481.65,2010-03-11 10:13:00,0.02383,1
386580,526585,12931,United Kingdom,240,3.75,900.0,2010-10-12 11:52:00,0.023829,1
109119,499878,14156,EIRE,288,1.06,305.28,2010-03-03 09:59:00,0.023822,1
194491,507924,17504,United Kingdom,288,1.06,305.28,2010-05-12 09:53:00,0.023822,1
219392,510725,14646,Netherlands,288,1.06,305.28,2010-06-03 10:26:00,0.023805,1
324968,521112,14646,Netherlands,288,1.06,305.28,2010-09-02 10:47:00,0.023805,1
83214,497039,13758,United Kingdom,1,102.84,102.84,2010-02-05 14:34:00,0.023784,1
120993,500919,15311,United Kingdom,1200,0.11,132.0,2010-03-11 10:48:00,0.023772,1
349046,523338,14866,United Kingdom,48,8.5,408.0,2010-09-21 15:14:00,0.023758,1
381188,526120,13093,United Kingdom,48,7.65,367.2,2010-10-08 13:30:00,0.023748,1
420988,529709,15513,United Kingdom,288,0.36,103.68,2010-10-29 13:03:00,0.023748,1
461452,533009,16191,United Kingdom,288,1.06,305.28,2010-11-15 15:30:00,0.023743,1
499131,536009,12415,Australia,288,1.06,305.28,2010-11-29 15:07:00,0.023743,1
499132,536009,12415,Australia,288,1.06,305.28,2010-11-29 15:07:00,0.023743,1
499133,536009,12415,Australia,288,1.06,305.28,2010-11-29 15:07:00,0.023743,1
356902,524025,13798,United Kingdom,50,8.49,424.5,2010-09-27 10:54:00,0.02372,1
172946,505745,16684,United Kingdom,24,9.95,238.8,2010-04-26 07:17:00,0.023706,1
100828,498910,14091,United Kingdom,104,5.95,618.8,2010-02-23 15:17:00,0.023694,1
507791,536811,15299,United Kingdom,69,7.65,527.85,2010-12-02 16:51:00,0.023644,1
47527,493819,14156,EIRE,400,1.06,424.0,2010-01-07 12:34:00,0.023609,1
47528,493819,14156,EIRE,400,1.06,424.0,2010-01-07 12:34:00,0.023609,1
47556,493819,14156,EIRE,400,1.06,424.0,2010-01-07 12:34:00,0.023609,1
47582,493819,14156,EIRE,400,1.06,424.0,2010-01-07 12:34:00,0.023609,1
52639,494210,15299,United Kingdom,192,3.81,731.52,2010-01-12 11:34:00,0.023607,1
470938,533757,12980,United Kingdom,16,34.95,559.2,2010-11-18 14:31:00,0.023603,1
138681,502669,15523,United Kingdom,50,4.65,232.5,2010-03-26 08:51:00,0.023585,1
161958,504872,12482,Sweden,1440,0.09,129.6,2010-04-18 12:36:00,0.023575,1
178493,506293,13802,United Kingdom,120,3.75,450.0,2010-04-29 09:42:00,0.023574,1
186225,507122,12678,France,300,2.1,630.0,2010-05-06 11:50:00,0.023553,1
286183,517242,18102,United Kingdom,432,0.85,367.2,2010-07-27 14:41:00,0.023552,1
191330,507465,18102,United Kingdom,96,7.26,696.96,2010-05-10 11:02:00,0.023533,1
191331,507465,18102,United Kingdom,96,7.26,696.96,2010-05-10 11:02:00,0.023533,1
24505,491422,17512,United Kingdom,144,0.55,79.2,2009-12-10 19:35:00,0.023504,1
187629,507227,15955,United Kingdom,144,0.55,79.2,2010-05-06 19:49:00,0.023504,1
466361,533355,14646,Netherlands,320,1.65,528.0,2010-11-17 10:03:00,0.023422,1
466375,533355,14646,Netherlands,320,1.65,528.0,2010-11-17 10:03:00,0.023422,1
47531,493819,14156,EIRE,150,5.95,892.5,2010-01-07 12:34:00,0.023376,1
47532,493819,14156,EIRE,150,5.95,892.5,2010-01-07 12:34:00,0.023376,1
47534,493819,14156,EIRE,150,5.95,892.5,2010-01-07 12:34:00,0.023376,1
252884,513767,16754,United Kingdom,408,0.72,293.76,2010-06-28 13:30:00,0.023342,1
288267,517404,12939,United Kingdom,288,2.55,734.4,2010-07-29 11:01:00,0.023339,1
488189,535104,16684,United Kingdom,288,2.55,734.4,2010-11-25 11:04:00,0.023339,1
416180,529152,14156,EIRE,60,6.75,405.0,2010-10-26 16:22:00,0.023332,1
416181,529152,14156,EIRE,60,6.75,405.0,2010-10-26 16:22:00,0.023332,1
392683,527124,14088,United Kingdom,40,6.75,270.0,2010-10-14 19:46:00,0.023292,1
392684,527124,14088,United Kingdom,40,6.75,270.0,2010-10-14 19:46:00,0.023292,1
46037,493613,17949,United Kingdom,408,1.25,510.0,2010-01-05 11:31:00,0.023263,1
71051,495766,12709,Germany,1,84.58,84.58,2010-01-26 16:38:00,0.02322,1
8624,490089,17949,United Kingdom,252,1.85,466.2,2009-12-03 15:52:00,0.023206,1
507418,536784,15061,United Kingdom,240,1.88,451.2,2010-12-02 15:20:00,0.023206,1
330020,521567,13694,United Kingdom,240,1.95,468.0,2010-09-07 10:56:00,0.023191,1
113832,500289,14045,United Kingdom,150,1.65,247.5,2010-03-05 15:36:00,0.023165,1
437083,531204,17389,United Kingdom,150,1.65,247.5,2010-11-05 15:25:00,0.023165,1
307826,519428,16656,United Kingdom,240,2.1,504.0,2010-08-17 10:35:00,0.023144,1
509544,536968,16013,United Kingdom,120,2.75,330.0,2010-12-03 13:09:00,0.023131,1
326370,521206,12823,United Kingdom,60,6.35,381.0,2010-09-02 18:22:00,0.023097,1
522368,537859,14030,United Kingdom,2,145.0,290.0,2010-12-08 16:11:00,0.023088,1
451995,532346,13798,United Kingdom,50,8.49,424.5,2010-11-11 16:13:00,0.023082,1
232566,511925,16684,United Kingdom,240,1.06,254.4,2010-06-11 11:38:00,0.023073,1
111963,500113,13097,United Kingdom,1,308.74,308.74,2010-03-04 12:50:00,0.023072,1
100829,498910,14091,United Kingdom,152,2.55,387.6,2010-02-23 15:17:00,0.022983,1
263004,514797,16422,United Kingdom,240,1.69,405.6,2010-07-06 10:37:00,0.022976,1
317600,520350,16570,United Kingdom,1,295.0,295.0,2010-08-25 13:27:00,0.022955,1
488225,535104,16684,United Kingdom,384,1.45,556.8,2010-11-25 11:04:00,0.022931,1
507421,536784,15061,United Kingdom,72,7.65,550.8,2010-12-02 15:20:00,0.022906,1
230015,511634,17381,United Kingdom,240,2.95,708.0,2010-06-09 12:55:00,0.022894,1
433320,530814,13881,United Kingdom,240,2.55,612.0,2010-11-04 13:10:00,0.022892,1
71082,495801,12570,Spain,1,77.52,77.52,2010-01-26 17:28:00,0.022887,1
46521,493702,18102,United Kingdom,200,4.0,800.0,2010-01-05 14:07:00,0.022878,1
46522,493702,18102,United Kingdom,200,4.0,800.0,2010-01-05 14:07:00,0.022878,1
37538,492439,12557,Spain,144,3.39,488.16,2009-12-17 10:39:00,0.022854,1
112721,500161,12647,Germany,5,18.0,90.0,2010-03-05 07:15:00,0.022853,1
324791,521032,18144,United Kingdom,160,1.45,232.0,2010-09-02 08:06:00,0.022853,1
160678,504715,17404,Sweden,144,1.45,208.8,2010-04-16 10:27:00,0.022834,1
160689,504715,17404,Sweden,144,1.45,208.8,2010-04-16 10:27:00,0.022834,1
205959,509212,12431,Australia,144,1.45,208.8,2010-05-21 10:12:00,0.022834,1
33050,492133,16684,United Kingdom,336,2.1,705.6,2009-12-15 14:18:00,0.022828,1
145405,503186,18102,United Kingdom,324,2.3,745.2,2010-03-30 14:47:00,0.022809,1
159409,504580,17519,United Kingdom,1,79.95,79.95,2010-04-15 08:33:00,0.022776,1
493763,535585,18226,United Kingdom,1,79.95,79.95,2010-11-26 15:51:00,0.022774,1
442991,531561,12454,Spain,160,2.55,408.0,2010-11-09 10:09:00,0.022768,1
442995,531561,12454,Spain,160,2.55,408.0,2010-11-09 10:09:00,0.022768,1
137058,502525,13694,United Kingdom,48,12.75,612.0,2010-03-25 11:28:00,0.022741,1
488230,535104,16684,United Kingdom,144,4.25,612.0,2010-11-25 11:04:00,0.022734,1
472547,533952,12643,France,1,165.0,165.0,2010-11-19 12:42:00,0.022728,1
373423,525440,13777,United Kingdom,288,1.25,360.0,2010-10-05 13:37:00,0.022724,1
6779,489996,17209,United Kingdom,504,0.55,277.2,2009-12-03 11:10:00,0.022713,1
90863,497946,13902,Denmark,960,0.15,144.0,2010-02-15 11:57:00,0.02269,1
47558,493819,14156,EIRE,336,1.45,487.2,2010-01-07 12:34:00,0.022661,1
429541,530418,13331,United Kingdom,1,79.95,79.95,2010-11-03 08:04:00,0.022633,1
358746,524174,13687,United Kingdom,372,0.25,93.0,2010-09-27 16:30:00,0.022612,1
301424,518756,16985,United Kingdom,1,295.0,295.0,2010-08-11 12:59:00,0.022611,1
199149,508498,17905,United Kingdom,1,125.0,125.0,2010-05-16 14:54:00,0.022591,1
42096,492842,12748,United Kingdom,200,2.95,590.0,2009-12-21 11:31:00,0.022562,1
104919,499455,15477,United Kingdom,120,2.55,306.0,2010-02-28 10:37:00,0.022541,1
437410,531237,15465,United Kingdom,120,2.55,306.0,2010-11-07 10:22:00,0.022541,1
298918,518505,14277,France,1872,0.07,131.04,2010-08-09 13:10:00,0.022534,1
430535,530514,14646,Netherlands,512,1.65,844.8,2010-11-03 12:23:00,0.022529,1
390907,526945,18102,United Kingdom,36,12.89,464.04,2010-10-14 10:30:00,0.022519,1
327500,521361,17858,United Kingdom,4,30.0,120.0,2010-09-03 17:23:00,0.022514,1
181875,506687,12931,United Kingdom,250,1.45,362.5,2010-05-02 11:51:00,0.022511,1
286185,517242,18102,United Kingdom,432,0.8,345.6,2010-07-27 14:41:00,0.022486,1
286186,517242,18102,United Kingdom,432,0.8,345.6,2010-07-27 14:41:00,0.022486,1
286187,517242,18102,United Kingdom,432,0.8,345.6,2010-07-27 14:41:00,0.022486,1
366195,524909,17389,United Kingdom,162,2.1,340.2,2010-10-01 11:34:00,0.022471,1
488222,535104,16684,United Kingdom,600,0.42,252.0,2010-11-25 11:04:00,0.022463,1
488223,535104,16684,United Kingdom,600,0.42,252.0,2010-11-25 11:04:00,0.022463,1
59084,494678,16684,United Kingdom,144,1.85,266.4,2010-01-18 09:12:00,0.022397,1
327499,521361,17858,United Kingdom,240,0.12,28.8,2010-09-03 17:23:00,0.022306,1
392518,527113,12454,Spain,40,8.95,358.0,2010-10-14 17:33:00,0.022288,1
430803,530553,14156,EIRE,15,34.95,524.25,2010-11-03 13:29:00,0.022278,1
358735,524174,13687,United Kingdom,444,0.17,75.48,2010-09-27 16:30:00,0.022276,1
53234,494243,18102,United Kingdom,240,2.0,480.0,2010-01-12 15:57:00,0.022185,1
365847,524863,12817,Austria,1,40.0,40.0,2010-10-01 08:57:00,0.022182,1
435505,530967,12817,Austria,1,40.0,40.0,2010-11-05 08:28:00,0.022182,1
47510,493819,14156,EIRE,216,3.39,732.24,2010-01-07 12:34:00,0.022164,1
29012,491812,13694,United Kingdom,360,0.79,284.4,2009-12-14 13:23:00,0.022158,1
47600,493819,14156,EIRE,480,0.72,345.6,2010-01-07 12:34:00,0.022147,1
191326,507464,18102,United Kingdom,396,0.85,336.6,2010-05-10 11:00:00,0.022144,1
191327,507464,18102,United Kingdom,396,0.85,336.6,2010-05-10 11:00:00,0.022144,1
130097,501790,14607,United Kingdom,24,12.75,306.0,2010-03-19 13:17:00,0.022098,1
28930,491812,13694,United Kingdom,864,0.16,138.24,2009-12-14 13:23:00,0.022057,1
22207,491148,15061,United Kingdom,50,5.95,297.5,2009-12-10 07:43:00,0.022046,1
132595,501925,15311,United Kingdom,288,0.72,207.36,2010-03-22 10:33:00,0.022046,1
319166,520504,18102,United Kingdom,120,7.46,895.2,2010-08-26 12:43:00,0.022025,1
327502,521361,17858,United Kingdom,19,12.0,228.0,2010-09-03 17:23:00,0.022025,1
323824,520906,17511,United Kingdom,100,7.45,745.0,2010-09-01 10:30:00,0.021984,1
175018,505981,18102,United Kingdom,160,2.3,368.0,2010-04-27 09:30:00,0.021968,1
175022,505981,18102,United Kingdom,160,2.3,368.0,2010-04-27 09:30:00,0.021968,1
48404,493927,14063,United Kingdom,288,0.36,103.68,2010-01-08 11:50:00,0.021955,1
358774,524174,13687,United Kingdom,2000,0.03,60.0,2010-09-27 16:30:00,0.021951,1
324891,521037,12678,France,1,99.0,99.0,2010-09-02 09:14:00,0.021924,1
175491,506066,13696,United Kingdom,100,7.45,745.0,2010-04-27 11:53:00,0.021919,1
300851,518673,14646,Netherlands,216,1.45,313.2,2010-08-10 16:10:00,0.021916,1
312204,519793,18251,United Kingdom,288,0.38,109.44,2010-08-20 12:26:00,0.021906,1
312205,519793,18251,United Kingdom,288,0.38,109.44,2010-08-20 12:26:00,0.021906,1
102470,499176,16684,United Kingdom,240,1.69,405.6,2010-02-25 10:20:00,0.021869,1
310447,519640,16684,United Kingdom,240,1.69,405.6,2010-08-19 10:11:00,0.021869,1
310453,519640,16684,United Kingdom,240,1.69,405.6,2010-08-19 10:11:00,0.021869,1
147909,503444,16377,United Kingdom,648,0.21,136.08,2010-04-01 10:36:00,0.021867,1
474202,534049,12578,Italy,4,28.0,112.0,2010-11-19 17:21:00,0.021847,1
102463,499176,16684,United Kingdom,160,2.55,408.0,2010-02-25 10:20:00,0.021834,1
297388,518360,15061,United Kingdom,200,0.34,68.0,2010-08-06 16:11:00,0.021818,1
488904,535252,17457,United Kingdom,144,3.45,496.8,2010-11-25 13:05:00,0.021814,1
446621,531870,12931,United Kingdom,576,1.45,835.2,2010-11-10 11:37:00,0.021789,1
69980,495591,14646,Netherlands,480,0.42,201.6,2010-01-26 10:25:00,0.021787,1
69982,495591,14646,Netherlands,480,0.42,201.6,2010-01-26 10:25:00,0.021787,1
149554,503612,13027,United Kingdom,480,0.42,201.6,2010-04-06 10:47:00,0.021787,1
149557,503612,13027,United Kingdom,480,0.42,201.6,2010-04-06 10:47:00,0.021787,1
414589,528972,13027,United Kingdom,480,0.42,201.6,2010-10-26 10:29:00,0.021787,1
237907,512434,12709,Germany,32,10.95,350.4,2010-06-15 15:34:00,0.021772,1
7604,490059,18102,United Kingdom,192,3.0,576.0,2009-12-03 13:30:00,0.021758,1
145408,503186,18102,United Kingdom,108,6.68,721.44,2010-03-30 14:47:00,0.021757,1
358777,524174,13687,United Kingdom,960,0.06,57.6,2010-09-27 16:30:00,0.021729,1
28957,491812,13694,United Kingdom,500,0.38,190.0,2009-12-14 13:23:00,0.021721,1
28958,491812,13694,United Kingdom,500,0.38,190.0,2009-12-14 13:23:00,0.021721,1
47563,493819,14156,EIRE,204,3.39,691.56,2010-01-07 12:34:00,0.02172,1
47567,493819,14156,EIRE,192,3.39,650.88,2010-01-07 12:34:00,0.02172,1
47585,493819,14156,EIRE,192,3.39,650.88,2010-01-07 12:34:00,0.02172,1
469491,533625,13864,United Kingdom,192,3.45,662.4,2010-11-18 12:50:00,0.02172,1
451094,532296,13694,United Kingdom,300,1.65,495.0,2010-11-11 13:48:00,0.02171,1
451096,532296,13694,United Kingdom,300,1.65,495.0,2010-11-11 13:48:00,0.02171,1
451097,532296,13694,United Kingdom,300,1.65,495.0,2010-11-11 13:48:00,0.02171,1
451098,532296,13694,United Kingdom,300,1.65,495.0,2010-11-11 13:48:00,0.02171,1
451099,532296,13694,United Kingdom,300,1.65,495.0,2010-11-11 13:48:00,0.02171,1
451100,532296,13694,United Kingdom,300,1.65,495.0,2010-11-11 13:48:00,0.02171,1
53210,494243,18102,United Kingdom,120,4.0,480.0,2010-01-12 15:57:00,0.021587,1
53211,494243,18102,United Kingdom,120,4.0,480.0,2010-01-12 15:57:00,0.021587,1
88685,497740,13815,Germany,288,0.21,60.48,2010-02-12 10:26:00,0.021575,1
366051,524877,13069,United Kingdom,288,0.21,60.48,2010-10-01 10:33:00,0.021575,1
173333,505806,14911,EIRE,1,371.85,371.85,2010-04-26 11:16:00,0.021569,1
195702,508094,12931,United Kingdom,250,0.65,162.5,2010-05-13 08:56:00,0.021566,1
464634,533292,14744,United Kingdom,250,1.45,362.5,2010-11-16 15:57:00,0.021559,1
356670,524013,15291,United Kingdom,96,4.25,408.0,2010-09-27 09:53:00,0.021555,1
487830,535077,14820,United Kingdom,1,79.95,79.95,2010-11-24 17:15:00,0.021555,1
251655,513647,14646,Netherlands,120,2.1,252.0,2010-06-28 08:28:00,0.021537,1
149406,503600,17949,United Kingdom,300,0.72,216.0,2010-04-06 09:39:00,0.021536,1
197111,508245,17389,United Kingdom,30,8.5,255.0,2010-05-14 09:17:00,0.021527,1
201249,508739,12980,United Kingdom,12,34.95,419.4,2010-05-18 11:23:00,0.021518,1
6455,489890,14646,Netherlands,160,2.1,336.0,2009-12-02 16:53:00,0.021509,1
381675,526155,17404,Sweden,240,0.42,100.8,2010-10-08 15:56:00,0.021496,1
381676,526155,17404,Sweden,240,0.42,100.8,2010-10-08 15:56:00,0.021496,1
381677,526155,17404,Sweden,240,0.42,100.8,2010-10-08 15:56:00,0.021496,1
381690,526155,17404,Sweden,240,0.42,100.8,2010-10-08 15:56:00,0.021496,1
375953,525728,16873,United Kingdom,288,1.06,305.28,2010-10-06 15:34:00,0.021482,1
53231,494243,18102,United Kingdom,240,1.4,336.0,2010-01-12 15:57:00,0.021465,1
180229,506453,14031,United Kingdom,160,1.45,232.0,2010-04-29 18:34:00,0.021441,1
408578,528574,13106,United Kingdom,1,165.0,165.0,2010-10-22 13:10:00,0.021404,1
276065,516194,13881,United Kingdom,432,0.25,108.0,2010-07-19 10:04:00,0.021397,1
262870,514729,15061,United Kingdom,80,6.35,508.0,2010-07-06 09:52:00,0.021385,1
129815,501729,16716,United Kingdom,144,1.85,266.4,2010-03-19 11:05:00,0.021384,1
129818,501729,16716,United Kingdom,144,1.85,266.4,2010-03-19 11:05:00,0.021384,1
308589,519514,14156,EIRE,192,1.85,355.2,2010-08-18 09:19:00,0.021381,1
308591,519514,14156,EIRE,192,1.85,355.2,2010-08-18 09:19:00,0.021381,1
123937,501175,13946,United Kingdom,600,0.25,150.0,2010-03-15 11:00:00,0.021358,1
208790,509531,13082,United Kingdom,600,0.25,150.0,2010-05-24 11:50:00,0.021358,1
443156,531577,16013,United Kingdom,360,0.72,259.2,2010-11-09 10:48:00,0.021348,1
94493,498283,17858,United Kingdom,66,7.0,462.0,2010-02-17 16:40:00,0.021339,1
57220,494504,17848,United Kingdom,150,0.42,63.0,2010-01-14 19:10:00,0.02132,1
69991,495591,14646,Netherlands,384,0.64,245.76,2010-01-26 10:25:00,0.021284,1
102473,499176,16684,United Kingdom,480,0.42,201.6,2010-02-25 10:20:00,0.021244,1
128171,501578,14258,United Kingdom,480,0.42,201.6,2010-03-18 10:22:00,0.021244,1
376758,525760,13694,United Kingdom,480,0.42,201.6,2010-10-07 10:36:00,0.021244,1
290337,517665,13694,United Kingdom,288,0.36,103.68,2010-07-30 14:39:00,0.021182,1
139488,502758,14646,Netherlands,200,1.06,212.0,2010-03-26 13:45:00,0.021172,1
120674,500903,18251,United Kingdom,205,1.95,399.75,2010-03-11 10:13:00,0.021164,1
3619,489748,12980,United Kingdom,12,34.95,419.4,2009-12-02 11:26:00,0.021154,1
447846,532046,15971,United Kingdom,192,2.95,566.4,2010-11-10 14:06:00,0.021101,1
522043,537833,13270,United Kingdom,200,2.95,590.0,2010-12-08 14:53:00,0.021101,1
53205,494243,18102,United Kingdom,225,2.0,450.0,2010-01-12 15:57:00,0.021076,1
53206,494243,18102,United Kingdom,225,2.0,450.0,2010-01-12 15:57:00,0.021076,1
53207,494243,18102,United Kingdom,225,2.0,450.0,2010-01-12 15:57:00,0.021076,1
53227,494243,18102,United Kingdom,224,2.0,448.0,2010-01-12 15:57:00,0.021076,1
151306,503807,15061,United Kingdom,72,9.95,716.4,2010-04-07 14:12:00,0.021051,1
502869,536358,17204,United Kingdom,48,6.95,333.6,2010-11-30 17:58:00,0.021042,1
498495,535988,14646,Netherlands,192,2.55,489.6,2010-11-29 13:21:00,0.021029,1
300868,518673,14646,Netherlands,48,7.65,367.2,2010-08-10 16:10:00,0.021024,1
187051,507178,14646,Netherlands,288,1.06,305.28,2010-05-06 15:17:00,0.020997,1
187055,507178,14646,Netherlands,288,1.06,305.28,2010-05-06 15:17:00,0.020997,1
187056,507178,14646,Netherlands,288,1.06,305.28,2010-05-06 15:17:00,0.020997,1
164200,504927,12482,Sweden,200,1.75,350.0,2010-04-19 10:59:00,0.020952,1
254909,513967,12380,Belgium,1,145.0,145.0,2010-06-29 15:34:00,0.020936,1
158782,504542,13694,United Kingdom,720,0.42,302.4,2010-04-14 12:17:00,0.020935,1
139497,502758,14646,Netherlands,160,1.45,232.0,2010-03-26 13:45:00,0.020931,1
388047,526718,17414,United Kingdom,720,0.16,115.2,2010-10-12 16:53:00,0.020917,1
300828,518673,14646,Netherlands,128,2.55,326.4,2010-08-10 16:10:00,0.020913,1
25939,491635,14298,United Kingdom,432,0.09,38.88,2009-12-11 15:46:00,0.020901,1
49403,493995,13694,United Kingdom,240,1.25,300.0,2010-01-10 13:50:00,0.020896,1
508182,536851,12967,United Kingdom,6,29.95,179.7,2010-12-03 09:49:00,0.020886,1
508188,536851,12967,United Kingdom,6,29.95,179.7,2010-12-03 09:49:00,0.020886,1
113126,500232,15769,United Kingdom,200,1.65,330.0,2010-03-05 11:22:00,0.020859,1
113127,500232,15769,United Kingdom,200,1.65,330.0,2010-03-05 11:22:00,0.020859,1
113129,500232,15769,United Kingdom,200,1.65,330.0,2010-03-05 11:22:00,0.020859,1
113132,500232,15769,United Kingdom,200,1.65,330.0,2010-03-05 11:22:00,0.020859,1
188160,507253,13694,United Kingdom,200,1.65,330.0,2010-05-07 11:35:00,0.020859,1
188161,507253,13694,United Kingdom,200,1.65,330.0,2010-05-07 11:35:00,0.020859,1
242260,512807,14646,Netherlands,200,1.65,330.0,2010-06-18 11:21:00,0.020859,1
242265,512807,14646,Netherlands,200,1.65,330.0,2010-06-18 11:21:00,0.020859,1
195703,508094,12931,United Kingdom,150,1.45,217.5,2010-05-13 08:56:00,0.020855,1
386591,526585,12931,United Kingdom,400,1.06,424.0,2010-10-12 11:52:00,0.020789,1
39457,492724,14646,Netherlands,96,2.95,283.2,2009-12-18 10:59:00,0.020775,1
354900,523921,14646,Netherlands,120,2.1,252.0,2010-09-24 16:19:00,0.02077,1
354912,523921,14646,Netherlands,120,2.1,252.0,2010-09-24 16:19:00,0.02077,1
18554,490956,15413,United Kingdom,96,5.45,523.2,2009-12-08 15:10:00,0.02074,1
22201,491148,15061,United Kingdom,200,0.34,68.0,2009-12-10 07:43:00,0.02073,1
22202,491148,15061,United Kingdom,200,0.34,68.0,2009-12-10 07:43:00,0.02073,1
22203,491148,15061,United Kingdom,200,0.34,68.0,2009-12-10 07:43:00,0.02073,1
22210,491148,15061,United Kingdom,200,0.34,68.0,2009-12-10 07:43:00,0.02073,1
432902,530799,12497,Germany,480,0.64,307.2,2010-11-04 12:31:00,0.020729,1
6454,489890,14646,Netherlands,288,0.85,244.8,2009-12-02 16:53:00,0.020721,1
455822,532650,13854,United Kingdom,24,9.95,238.8,2010-11-14 10:39:00,0.020697,1
146341,503334,13941,United Kingdom,144,4.25,612.0,2010-03-31 12:21:00,0.020694,1
69959,495591,14646,Netherlands,288,1.06,305.28,2010-01-26 10:25:00,0.02067,1
69960,495591,14646,Netherlands,288,1.06,305.28,2010-01-26 10:25:00,0.02067,1
107503,499685,14646,Netherlands,288,1.06,305.28,2010-03-02 10:04:00,0.02067,1
145410,503186,18102,United Kingdom,14,25.62,358.68,2010-03-30 14:47:00,0.020629,1
91069,497952,12380,Belgium,1,1508.65,1508.65,2010-02-15 12:31:00,0.020626,1
39425,492724,14646,Netherlands,24,10.95,262.8,2009-12-18 10:59:00,0.020613,1
389001,526806,13881,United Kingdom,288,2.1,604.8,2010-10-13 11:39:00,0.020588,1
102475,499176,16684,United Kingdom,120,4.95,594.0,2010-02-25 10:20:00,0.020453,1
102476,499176,16684,United Kingdom,120,4.95,594.0,2010-02-25 10:20:00,0.020453,1
310429,519640,16684,United Kingdom,120,4.95,594.0,2010-08-19 10:11:00,0.020453,1
513147,537235,17381,United Kingdom,216,1.06,228.96,2010-12-06 09:45:00,0.020451,1
305594,519209,15893,United Kingdom,288,1.06,305.28,2010-08-15 11:12:00,0.020427,1
232796,511946,15769,United Kingdom,200,1.65,330.0,2010-06-11 12:32:00,0.020415,1
312318,519812,14566,Channel Islands,200,1.65,330.0,2010-08-20 12:55:00,0.020415,1
327038,521339,15769,United Kingdom,200,1.65,330.0,2010-09-03 12:52:00,0.020415,1
327039,521339,15769,United Kingdom,200,1.65,330.0,2010-09-03 12:52:00,0.020415,1
327042,521339,15769,United Kingdom,200,1.65,330.0,2010-09-03 12:52:00,0.020415,1
327044,521339,15769,United Kingdom,200,1.65,330.0,2010-09-03 12:52:00,0.020415,1
327045,521339,15769,United Kingdom,200,1.65,330.0,2010-09-03 12:52:00,0.020415,1
327046,521339,15769,United Kingdom,200,1.65,330.0,2010-09-03 12:52:00,0.020415,1
53233,494243,18102,United Kingdom,204,2.0,408.0,2010-01-12 15:57:00,0.020411,1
130089,501790,14607,United Kingdom,240,0.72,172.8,2010-03-19 13:17:00,0.020381,1
200417,508640,15769,United Kingdom,200,1.65,330.0,2010-05-17 15:14:00,0.020378,1
200418,508640,15769,United Kingdom,200,1.65,330.0,2010-05-17 15:14:00,0.020378,1
499141,536009,12415,Australia,200,1.65,330.0,2010-11-29 15:07:00,0.020378,1
386590,526585,12931,United Kingdom,500,0.55,275.0,2010-10-12 11:52:00,0.020353,1
48767,493964,12714,France,10,18.0,180.0,2010-01-08 16:29:00,0.020328,1
372046,525286,15061,United Kingdom,200,1.06,212.0,2010-10-05 08:34:00,0.020325,1
372047,525286,15061,United Kingdom,200,1.06,212.0,2010-10-05 08:34:00,0.020325,1
251681,513647,14646,Netherlands,96,2.75,264.0,2010-06-28 08:28:00,0.020317,1
19695,491024,17157,United Kingdom,72,3.39,244.08,2009-12-08 19:00:00,0.020307,1
355090,523929,14646,Netherlands,48,5.95,285.6,2010-09-24 16:50:00,0.020287,1
172954,505745,16684,United Kingdom,48,4.95,237.6,2010-04-26 07:17:00,0.020249,1
10334,490156,13093,United Kingdom,144,1.65,237.6,2009-12-04 10:32:00,0.020185,1
397938,527439,12376,Switzerland,2,40.0,80.0,2010-10-18 08:42:00,0.02018,1
143336,502991,12931,United Kingdom,250,1.45,362.5,2010-03-29 14:57:00,0.020175,1
145406,503186,18102,United Kingdom,204,3.67,748.68,2010-03-30 14:47:00,0.020175,1
461793,533060,16087,United Kingdom,96,3.39,325.44,2010-11-15 16:44:00,0.020171,1
349045,523338,14866,United Kingdom,100,5.95,595.0,2010-09-21 15:14:00,0.020143,1
111353,500072,15538,United Kingdom,15,26.95,404.25,2010-03-04 11:44:00,0.02013,1
43870,493258,18102,United Kingdom,200,3.38,676.0,2009-12-22 14:19:00,0.020127,1
520247,537698,13199,United Kingdom,384,0.72,276.48,2010-12-08 10:51:00,0.020095,1
160676,504715,17404,Sweden,240,0.55,132.0,2010-04-16 10:27:00,0.020091,1
160677,504715,17404,Sweden,240,0.55,132.0,2010-04-16 10:27:00,0.020091,1
160687,504715,17404,Sweden,240,0.55,132.0,2010-04-16 10:27:00,0.020091,1
160690,504715,17404,Sweden,240,0.55,132.0,2010-04-16 10:27:00,0.020091,1
450093,532140,15838,United Kingdom,300,1.85,555.0,2010-11-11 11:31:00,0.020081,1
430513,530514,14646,Netherlands,240,2.55,612.0,2010-11-03 12:23:00,0.020079,1
312228,519800,18251,United Kingdom,200,1.45,290.0,2010-08-20 12:28:00,0.020069,1
170316,505538,16013,United Kingdom,100,3.75,375.0,2010-04-22 17:53:00,0.020051,1
505245,536575,13777,United Kingdom,128,2.55,326.4,2010-12-01 16:01:00,0.020012,1
505257,536576,13777,United Kingdom,128,2.55,326.4,2010-12-01 16:11:00,0.020012,1
324960,521112,14646,Netherlands,256,1.65,422.4,2010-09-02 10:47:00,0.019993,1
324961,521112,14646,Netherlands,256,1.65,422.4,2010-09-02 10:47:00,0.019993,1
324962,521112,14646,Netherlands,256,1.65,422.4,2010-09-02 10:47:00,0.019993,1
312236,519800,18251,United Kingdom,150,2.1,315.0,2010-08-20 12:28:00,0.019991,1
175320,506000,16088,United Kingdom,64,9.95,636.8,2010-04-27 10:56:00,0.019981,1
46525,493703,18102,United Kingdom,150,4.0,600.0,2010-01-05 14:08:00,0.019949,1
127171,501534,13902,Denmark,1110,0.15,166.5,2010-03-17 13:09:00,0.019911,1
195855,508105,13892,United Kingdom,576,0.19,109.44,2010-05-13 10:32:00,0.019873,1
195706,508094,12931,United Kingdom,150,1.65,247.5,2010-05-13 08:56:00,0.019861,1
162516,504895,18172,United Kingdom,128,2.55,326.4,2010-04-18 14:15:00,0.019853,1
274732,516131,12709,Germany,216,0.53,114.48,2010-07-16 15:26:00,0.019853,1
82467,496963,17949,United Kingdom,144,0.42,60.48,2010-02-04 19:44:00,0.019825,1
311354,519717,13089,United Kingdom,32,10.95,350.4,2010-08-19 16:16:00,0.019824,1
192338,507659,17077,United Kingdom,36,8.5,306.0,2010-05-10 16:36:00,0.019797,1
100827,498910,14091,United Kingdom,240,1.45,348.0,2010-02-23 15:17:00,0.019787,1
212671,509982,12924,United Kingdom,276,2.1,579.6,2010-05-26 14:28:00,0.019777,1
466664,533370,15874,United Kingdom,1,165.0,165.0,2010-11-17 10:31:00,0.019736,1
503185,536392,13705,United Kingdom,1,165.0,165.0,2010-12-01 10:29:00,0.019736,1
6440,489889,14646,Netherlands,288,0.72,207.36,2009-12-02 16:52:00,0.019732,1
53247,494244,18102,United Kingdom,300,0.85,255.0,2010-01-12 16:02:00,0.0197,1
53248,494244,18102,United Kingdom,300,0.85,255.0,2010-01-12 16:02:00,0.0197,1
53249,494244,18102,United Kingdom,300,0.85,255.0,2010-01-12 16:02:00,0.0197,1
479944,534393,16013,United Kingdom,144,2.75,396.0,2010-11-22 13:09:00,0.0197,1
69917,495591,14646,Netherlands,120,4.25,510.0,2010-01-26 10:25:00,0.019685,1
517052,537461,15649,United Kingdom,120,4.25,510.0,2010-12-07 10:06:00,0.019685,1
446624,531872,12931,United Kingdom,500,0.72,360.0,2010-11-10 11:38:00,0.019676,1
299231,518546,18102,United Kingdom,50,4.96,248.0,2010-08-09 18:29:00,0.019673,1
299238,518548,18102,United Kingdom,50,4.95,247.5,2010-08-09 18:31:00,0.019673,1
196368,508196,16754,United Kingdom,125,4.65,581.25,2010-05-13 13:30:00,0.019671,1
196369,508196,16754,United Kingdom,125,4.65,581.25,2010-05-13 13:30:00,0.019671,1
311190,519710,16684,United Kingdom,240,2.55,612.0,2010-08-19 14:52:00,0.019634,1
153473,503955,13694,United Kingdom,150,2.55,382.5,2010-04-08 16:43:00,0.019617,1
49412,493995,13694,United Kingdom,720,0.12,86.4,2010-01-10 13:50:00,0.019615,1
228040,511462,12647,Germany,1,290.0,290.0,2010-06-08 12:55:00,0.019612,1
57408,494515,13694,United Kingdom,240,0.42,100.8,2010-01-15 10:24:00,0.019601,1
57409,494515,13694,United Kingdom,240,0.42,100.8,2010-01-15 10:24:00,0.019601,1
57410,494515,13694,United Kingdom,240,0.42,100.8,2010-01-15 10:24:00,0.019601,1
57412,494515,13694,United Kingdom,250,0.42,105.0,2010-01-15 10:24:00,0.019601,1
160679,504715,17404,Sweden,240,0.42,100.8,2010-04-16 10:27:00,0.019601,1
160680,504715,17404,Sweden,240,0.42,100.8,2010-04-16 10:27:00,0.019601,1
160681,504715,17404,Sweden,240,0.42,100.8,2010-04-16 10:27:00,0.019601,1
379884,525970,13694,United Kingdom,250,0.42,105.0,2010-10-08 10:21:00,0.019601,1
488218,535104,16684,United Kingdom,360,1.06,381.6,2010-11-25 11:04:00,0.019557,1
128209,501614,13694,United Kingdom,130,2.95,383.5,2010-03-18 10:58:00,0.019554,1
36668,492418,15498,United Kingdom,2,79.95,159.9,2009-12-16 17:27:00,0.019539,1
292897,517953,16754,United Kingdom,400,1.65,660.0,2010-08-03 11:56:00,0.019533,1
142431,502888,18102,United Kingdom,360,0.85,306.0,2010-03-29 11:33:00,0.019518,1
142432,502888,18102,United Kingdom,360,0.85,306.0,2010-03-29 11:33:00,0.019518,1
142433,502888,18102,United Kingdom,360,0.85,306.0,2010-03-29 11:33:00,0.019518,1
142434,502888,18102,United Kingdom,360,0.85,306.0,2010-03-29 11:33:00,0.019518,1
285931,517226,16013,United Kingdom,72,7.5,540.0,2010-07-27 13:14:00,0.019488,1
145841,503243,12980,United Kingdom,8,34.95,279.6,2010-03-31 09:43:00,0.019459,1
372041,525286,15061,United Kingdom,96,3.39,325.44,2010-10-05 08:34:00,0.019444,1
101691,499039,14646,Netherlands,192,2.55,489.6,2010-02-24 13:16:00,0.01943,1
298930,518505,14277,France,984,0.13,127.92,2010-08-09 13:10:00,0.01943,1
403572,528070,14543,United Kingdom,150,3.39,508.5,2010-10-20 12:24:00,0.019428,1
403574,528070,14543,United Kingdom,150,3.39,508.5,2010-10-20 12:24:00,0.019428,1
525397,538171,17530,United Kingdom,1,35.95,35.95,2010-12-09 20:01:00,0.019425,1
242254,512807,14646,Netherlands,96,3.75,360.0,2010-06-18 11:21:00,0.019422,1
308576,519514,14156,EIRE,216,1.69,365.04,2010-08-18 09:19:00,0.019406,1
308587,519514,14156,EIRE,216,1.69,365.04,2010-08-18 09:19:00,0.019406,1
211445,509873,17511,United Kingdom,100,7.45,745.0,2010-05-26 11:12:00,0.019404,1
106333,499524,13694,United Kingdom,432,0.21,90.72,2010-03-01 10:19:00,0.019377,1
32725,492073,15413,United Kingdom,50,9.95,497.5,2009-12-15 13:11:00,0.019362,1
92488,498105,15372,United Kingdom,384,0.85,326.4,2010-02-16 13:52:00,0.019344,1
366170,524909,17389,United Kingdom,42,8.5,357.0,2010-10-01 11:34:00,0.019333,1
90808,497937,15769,United Kingdom,200,1.65,330.0,2010-02-15 10:49:00,0.01931,1
90811,497937,15769,United Kingdom,200,1.65,330.0,2010-02-15 10:49:00,0.01931,1
47572,493819,14156,EIRE,300,1.45,435.0,2010-01-07 12:34:00,0.019304,1
47574,493819,14156,EIRE,300,1.45,435.0,2010-01-07 12:34:00,0.019304,1
28956,491812,13694,United Kingdom,480,0.38,182.4,2009-12-14 13:23:00,0.019284,1
45466,493439,13694,United Kingdom,480,0.38,182.4,2010-01-04 13:25:00,0.019284,1
450091,532140,15838,United Kingdom,400,1.65,660.0,2010-11-11 11:31:00,0.019276,1
450095,532140,15838,United Kingdom,400,1.65,660.0,2010-11-11 11:31:00,0.019276,1
499091,536009,12415,Australia,192,1.65,316.8,2010-11-29 15:07:00,0.019272,1
386584,526585,12931,United Kingdom,140,4.25,595.0,2010-10-12 11:52:00,0.019263,1
26487,491661,15956,United Kingdom,128,2.55,326.4,2009-12-13 11:16:00,0.019239,1
154912,504126,13854,United Kingdom,160,1.45,232.0,2010-04-11 10:44:00,0.019238,1
274851,516141,16128,United Kingdom,144,0.72,103.68,2010-07-16 16:30:00,0.019238,1
354915,523921,14646,Netherlands,144,0.72,103.68,2010-09-24 16:19:00,0.019238,1
465272,533336,12714,France,9,18.0,162.0,2010-11-16 18:10:00,0.019216,1
392747,527124,14088,United Kingdom,10,16.95,169.5,2010-10-14 19:46:00,0.01918,1
507986,536839,15093,United Kingdom,288,0.21,60.48,2010-12-02 18:25:00,0.019153,1
357333,524097,13694,United Kingdom,150,3.75,562.5,2010-09-27 12:16:00,0.019135,1
195634,508082,12482,Sweden,200,1.65,330.0,2010-05-12 16:43:00,0.019133,1
505284,536581,13777,United Kingdom,200,1.65,330.0,2010-12-01 16:19:00,0.019133,1
189021,507366,18094,United Kingdom,144,1.06,152.64,2010-05-07 16:28:00,0.019126,1
297383,518360,15061,United Kingdom,144,1.06,152.64,2010-08-06 16:11:00,0.019126,1
355061,523924,14031,United Kingdom,144,1.06,152.64,2010-09-24 16:36:00,0.019126,1
442865,531544,17381,United Kingdom,80,3.39,271.2,2010-11-09 07:56:00,0.019102,1
354903,523921,14646,Netherlands,144,1.25,180.0,2010-09-24 16:19:00,0.01907,1
354930,523921,14646,Netherlands,144,1.25,180.0,2010-09-24 16:19:00,0.01907,1
349851,523367,18092,United Kingdom,250,0.53,132.5,2010-09-21 18:16:00,0.019069,1
399020,527502,17381,United Kingdom,288,1.65,475.2,2010-10-18 12:22:00,0.019068,1
373399,525438,13777,United Kingdom,120,4.65,558.0,2010-10-05 13:29:00,0.019009,1
428318,530325,15523,United Kingdom,120,4.65,558.0,2010-11-02 13:36:00,0.019009,1
149410,503603,16029,United Kingdom,200,1.65,330.0,2010-04-06 09:51:00,0.019006,1
312209,519793,18251,United Kingdom,144,1.95,280.8,2010-08-20 12:26:00,0.019,1
15136,490671,16684,United Kingdom,144,3.39,488.16,2009-12-07 12:56:00,0.018919,1
46926,493722,16467,United Kingdom,1440,0.09,129.6,2010-01-06 10:58:00,0.018906,1
274808,516137,17680,United Kingdom,4,34.95,139.8,2010-07-16 16:07:00,0.018887,1
51507,494045,12510,Spain,1,435.88,435.88,2010-01-11 12:01:00,0.018856,1
251625,513647,14646,Netherlands,144,0.64,92.16,2010-06-28 08:28:00,0.018826,1
298406,518422,16839,United Kingdom,144,0.64,92.16,2010-08-09 08:55:00,0.018826,1
298937,518505,14277,France,864,0.13,112.32,2010-08-09 13:10:00,0.018767,1
407129,528375,13093,United Kingdom,48,7.65,367.2,2010-10-21 17:29:00,0.018751,1
454499,532582,15061,United Kingdom,200,1.06,212.0,2010-11-12 14:24:00,0.018727,1
454500,532582,15061,United Kingdom,200,1.06,212.0,2010-11-12 14:24:00,0.018727,1
74600,496204,15251,United Kingdom,288,0.36,103.68,2010-01-29 12:42:00,0.018722,1
139482,502758,14646,Netherlands,144,1.45,208.8,2010-03-26 13:45:00,0.018718,1
275691,516177,16656,United Kingdom,288,0.72,207.36,2010-07-18 14:16:00,0.018707,1
306173,519242,16553,United Kingdom,288,0.72,207.36,2010-08-15 14:12:00,0.018707,1
406405,528328,14045,United Kingdom,192,2.55,489.6,2010-10-21 13:20:00,0.018681,1
165135,505008,15538,United Kingdom,15,26.95,404.25,2010-04-19 12:55:00,0.018671,1
152693,503907,18251,United Kingdom,288,1.45,417.6,2010-04-08 12:23:00,0.018641,1
152694,503907,18251,United Kingdom,288,1.45,417.6,2010-04-08 12:23:00,0.018641,1
152695,503907,18251,United Kingdom,288,1.45,417.6,2010-04-08 12:23:00,0.018641,1
65325,495229,14646,Netherlands,100,1.45,145.0,2010-01-22 08:30:00,0.018611,1
151393,503814,16656,United Kingdom,360,0.95,342.0,2010-04-07 14:36:00,0.018599,1
122097,501049,14646,Netherlands,96,2.75,264.0,2010-03-12 10:41:00,0.018596,1
101022,498928,13694,United Kingdom,600,0.25,150.0,2010-02-24 10:18:00,0.018559,1
319161,520503,18102,United Kingdom,400,0.8,320.0,2010-08-26 12:40:00,0.018558,1
319162,520503,18102,United Kingdom,400,0.8,320.0,2010-08-26 12:40:00,0.018558,1
319163,520503,18102,United Kingdom,400,0.8,320.0,2010-08-26 12:40:00,0.018558,1
284281,517001,16422,United Kingdom,200,2.55,510.0,2010-07-26 11:28:00,0.018519,1
375972,525729,13089,United Kingdom,32,10.95,350.4,2010-10-06 15:43:00,0.018508,1
468386,533541,15100,United Kingdom,32,10.95,350.4,2010-11-17 15:54:00,0.018508,1
135246,502300,16029,United Kingdom,50,9.95,497.5,2010-03-24 09:07:00,0.0185,1
194407,507916,15061,United Kingdom,48,9.95,477.6,2010-05-12 09:18:00,0.0185,1
224852,511109,16684,United Kingdom,50,6.35,317.5,2010-06-07 09:55:00,0.018465,1
392732,527124,14088,United Kingdom,2,39.95,79.9,2010-10-14 19:46:00,0.018462,1
118246,500685,17907,United Kingdom,1008,0.21,211.68,2010-03-09 12:33:00,0.018459,1
42247,492943,14156,EIRE,288,1.06,305.28,2009-12-21 13:04:00,0.018454,1
434791,530922,14676,United Kingdom,432,0.36,155.52,2010-11-04 16:37:00,0.018391,1
494676,535673,16133,United Kingdom,2,110.0,220.0,2010-11-28 12:07:00,0.018388,1
358749,524174,13687,United Kingdom,567,0.08,45.36,2010-09-27 16:30:00,0.018352,1
231965,511853,14298,United Kingdom,144,0.21,30.24,2010-06-11 08:08:00,0.018345,1
3316,489676,13777,United Kingdom,240,1.45,348.0,2009-12-02 09:49:00,0.018296,1
391229,527041,12798,Japan,432,0.65,280.8,2010-10-14 12:27:00,0.018296,1
47511,493819,14156,EIRE,288,1.85,532.8,2010-01-07 12:34:00,0.018228,1
106334,499524,13694,United Kingdom,360,0.42,151.2,2010-03-01 10:19:00,0.018227,1
320491,520663,14062,United Kingdom,144,1.85,266.4,2010-08-27 12:50:00,0.018217,1
320492,520663,14062,United Kingdom,144,1.85,266.4,2010-08-27 12:50:00,0.018217,1
200412,508637,12725,Italy,1,220.0,220.0,2010-05-17 14:54:00,0.018216,1
291648,517766,14427,United Kingdom,1,295.0,295.0,2010-08-02 11:25:00,0.018204,1
401213,527870,16684,United Kingdom,288,1.69,486.72,2010-10-19 11:36:00,0.018128,1
227654,511435,18102,United Kingdom,324,1.47,476.28,2010-06-08 11:51:00,0.018046,1
227655,511435,18102,United Kingdom,324,1.47,476.28,2010-06-08 11:51:00,0.018046,1
484350,534737,15061,United Kingdom,30,6.75,202.5,2010-11-23 19:20:00,0.01803,1
484356,534737,15061,United Kingdom,30,6.75,202.5,2010-11-23 19:20:00,0.01803,1
185232,507021,15381,United Kingdom,10,34.95,349.5,2010-05-05 14:35:00,0.018008,1
325775,521170,15043,United Kingdom,32,10.95,350.4,2010-09-02 15:09:00,0.018008,1
260397,514509,15369,United Kingdom,72,4.95,356.4,2010-07-04 13:10:00,0.018004,1
260399,514509,15369,United Kingdom,72,4.95,356.4,2010-07-04 13:10:00,0.018004,1
484164,534716,16684,United Kingdom,108,2.75,297.0,2010-11-23 17:43:00,0.017989,1
196366,508196,16754,United Kingdom,125,3.75,468.75,2010-05-13 13:30:00,0.01795,1
227657,511435,18102,United Kingdom,432,0.8,345.6,2010-06-08 11:51:00,0.017939,1
416736,529180,17809,United Kingdom,40,6.75,270.0,2010-10-26 18:27:00,0.017924,1
229603,511558,13802,United Kingdom,144,2.55,367.2,2010-06-09 10:12:00,0.017913,1
90884,497946,13902,Denmark,504,0.3,151.2,2010-02-15 11:57:00,0.017886,1
254083,513919,15769,United Kingdom,400,1.65,660.0,2010-06-29 12:11:00,0.017886,1
28927,491812,13694,United Kingdom,576,0.19,109.44,2009-12-14 13:23:00,0.017884,1
32249,491996,14063,United Kingdom,144,2.55,367.2,2009-12-15 10:50:00,0.017876,1
273315,515932,18102,United Kingdom,360,0.8,288.0,2010-07-15 14:47:00,0.017876,1
442994,531561,12454,Spain,144,2.55,367.2,2010-11-09 10:09:00,0.017876,1
18549,490956,15413,United Kingdom,480,0.42,201.6,2009-12-08 15:10:00,0.017864,1
18550,490956,15413,United Kingdom,480,0.42,201.6,2009-12-08 15:10:00,0.017864,1
464495,533280,15523,United Kingdom,480,0.42,201.6,2010-11-16 15:27:00,0.017864,1
292540,517893,15061,United Kingdom,32,10.95,350.4,2010-08-03 09:00:00,0.017836,1
386589,526585,12931,United Kingdom,300,1.45,435.0,2010-10-12 11:52:00,0.017826,1
454092,532560,16013,United Kingdom,120,2.75,330.0,2010-11-12 12:56:00,0.017813,1
71561,495880,18008,United Kingdom,200,2.55,510.0,2010-01-27 11:40:00,0.017798,1
71562,495880,18008,United Kingdom,200,2.55,510.0,2010-01-27 11:40:00,0.017798,1
71480,495815,12549,USA,288,1.05,302.4,2010-01-27 10:35:00,0.01779,1
253197,513783,18008,United Kingdom,198,2.55,504.9,2010-06-28 14:33:00,0.017789,1
141838,502870,13373,United Kingdom,288,0.21,60.48,2010-03-28 16:17:00,0.017764,1
197632,508381,13089,United Kingdom,144,1.45,208.8,2010-05-14 14:10:00,0.017733,1
499423,536020,14113,United Kingdom,96,4.25,408.0,2010-11-29 15:53:00,0.017731,1
327503,521361,17858,United Kingdom,17,12.0,204.0,2010-09-03 17:23:00,0.017727,1
308113,519474,14045,United Kingdom,600,0.42,252.0,2010-08-17 12:22:00,0.017718,1
101075,498931,12482,Sweden,480,0.42,201.6,2010-02-24 10:24:00,0.017684,1
360053,524288,17450,United Kingdom,139,4.14,575.46,2010-09-28 12:44:00,0.01767,1
34062,492230,16605,United Kingdom,144,0.42,60.48,2009-12-15 19:03:00,0.017661,1
328493,521430,17404,Sweden,576,0.21,120.96,2010-09-06 11:22:00,0.017631,1
307589,519402,15854,United Kingdom,60,4.95,297.0,2010-08-17 08:36:00,0.017591,1
502916,536363,13093,United Kingdom,16,10.95,175.2,2010-11-30 19:27:00,0.01759,1
101065,498931,12482,Sweden,288,1.06,305.28,2010-02-24 10:24:00,0.017569,1
466382,533355,14646,Netherlands,288,1.06,305.28,2010-11-17 10:03:00,0.017569,1
349995,523391,16013,United Kingdom,72,2.75,198.0,2010-09-21 20:02:00,0.017562,1
232677,511934,16209,United Kingdom,96,3.39,325.44,2010-06-11 11:58:00,0.017553,1
58175,494643,13694,United Kingdom,240,1.25,300.0,2010-01-17 11:55:00,0.017516,1
310221,519615,16843,United Kingdom,288,0.65,187.2,2010-08-19 09:05:00,0.017493,1
57407,494515,13694,United Kingdom,60,4.95,297.0,2010-01-15 10:24:00,0.017489,1
483492,534704,16003,United Kingdom,4,45.95,183.8,2010-11-23 16:30:00,0.017485,1
96716,498504,12931,United Kingdom,200,1.25,250.0,2010-02-19 11:29:00,0.017452,1
29109,491815,13694,United Kingdom,468,0.38,177.84,2009-12-14 13:36:00,0.017446,1
308593,519514,14156,EIRE,192,1.69,324.48,2010-08-18 09:19:00,0.017419,1
305591,519208,15769,United Kingdom,200,1.65,330.0,2010-08-15 11:09:00,0.017413,1
305592,519208,15769,United Kingdom,200,1.65,330.0,2010-08-15 11:09:00,0.017413,1
305593,519208,15769,United Kingdom,200,1.65,330.0,2010-08-15 11:09:00,0.017413,1
343863,522953,14646,Netherlands,200,1.65,330.0,2010-09-19 11:53:00,0.017413,1
53199,494243,18102,United Kingdom,288,1.0,288.0,2010-01-12 15:57:00,0.017408,1
471757,533821,12562,France,144,0.72,103.68,2010-11-19 09:35:00,0.017405,1
388879,526761,14646,Netherlands,256,1.65,422.4,2010-10-13 10:53:00,0.01737,1
466476,533362,16422,United Kingdom,720,0.16,115.2,2010-11-17 10:10:00,0.017361,1
319160,520503,18102,United Kingdom,400,0.85,340.0,2010-08-26 12:40:00,0.017299,1
206448,509351,14220,United Kingdom,24,10.95,262.8,2010-05-21 13:29:00,0.017296,1
183380,506839,12503,Spain,1,230.0,230.0,2010-05-04 13:59:00,0.017293,1
28963,491812,13694,United Kingdom,300,0.85,255.0,2009-12-14 13:23:00,0.017291,1
126701,501480,13027,United Kingdom,480,0.4,192.0,2010-03-17 10:10:00,0.017289,1
126702,501480,13027,United Kingdom,480,0.4,192.0,2010-03-17 10:10:00,0.017289,1
126703,501480,13027,United Kingdom,480,0.4,192.0,2010-03-17 10:10:00,0.017289,1
409973,528621,14800,United Kingdom,1,79.95,79.95,2010-10-24 10:41:00,0.017275,1
409974,528621,14800,United Kingdom,1,79.95,79.95,2010-10-24 10:41:00,0.017275,1
138976,502738,12791,Netherlands,1,131.68,131.68,2010-03-26 12:08:00,0.017274,1
195711,508094,12931,United Kingdom,200,0.72,144.0,2010-05-13 08:56:00,0.017244,1
449433,532118,17930,United Kingdom,200,0.72,144.0,2010-11-11 08:29:00,0.017244,1
487834,535078,16401,United Kingdom,200,0.72,144.0,2010-11-25 08:20:00,0.017244,1
132019,501899,13798,United Kingdom,24,9.95,238.8,2010-03-21 15:33:00,0.017235,1
499078,536009,12415,Australia,40,8.5,340.0,2010-11-29 15:07:00,0.017209,1
155016,504135,16276,United Kingdom,192,1.69,324.48,2010-04-11 12:02:00,0.017208,1
342977,522863,12931,United Kingdom,250,0.72,180.0,2010-09-17 11:37:00,0.017195,1
401128,527796,12454,Spain,288,1.45,417.6,2010-10-19 11:14:00,0.017164,1
11665,490320,13694,United Kingdom,180,0.65,117.0,2009-12-04 15:26:00,0.017135,1
477478,534225,15377,United Kingdom,36,6.95,250.2,2010-11-22 08:55:00,0.017114,1
153570,503959,13694,United Kingdom,240,1.25,300.0,2010-04-08 16:49:00,0.017083,1
386586,526585,12931,United Kingdom,300,1.65,495.0,2010-10-12 11:52:00,0.017078,1
517210,537476,15838,United Kingdom,300,1.65,495.0,2010-12-07 11:26:00,0.017078,1
69979,495591,14646,Netherlands,120,3.25,390.0,2010-01-26 10:25:00,0.017057,1
445272,531799,13093,United Kingdom,48,7.65,367.2,2010-11-09 15:39:00,0.017048,1
39447,492724,14646,Netherlands,72,4.25,306.0,2009-12-18 10:59:00,0.017044,1
401240,527870,16684,United Kingdom,96,6.95,667.2,2010-10-19 11:36:00,0.016968,1
224783,511105,13815,Germany,288,0.21,60.48,2010-06-07 09:37:00,0.016952,1
94450,498276,16422,United Kingdom,720,0.16,115.2,2010-02-17 15:41:00,0.016942,1
425100,530007,16611,United Kingdom,1,79.95,79.95,2010-11-01 09:33:00,0.016934,1
21451,491094,12709,Germany,1,216.0,216.0,2009-12-09 13:49:00,0.016931,1
305504,519201,13027,United Kingdom,240,0.4,96.0,2010-08-15 10:33:00,0.016917,1
473997,534034,16422,United Kingdom,192,0.64,122.88,2010-11-19 15:41:00,0.016915,1
473998,534034,16422,United Kingdom,192,0.64,122.88,2010-11-19 15:41:00,0.016915,1
180484,506467,16754,United Kingdom,120,1.45,174.0,2010-04-30 09:06:00,0.016901,1
53209,494243,18102,United Kingdom,104,4.0,416.0,2010-01-12 15:57:00,0.016881,1
416862,529196,12537,Sweden,3,40.0,120.0,2010-10-27 08:36:00,0.016861,1
65328,495229,14646,Netherlands,100,1.65,165.0,2010-01-22 08:30:00,0.01684,1
65329,495229,14646,Netherlands,100,1.65,165.0,2010-01-22 08:30:00,0.01684,1
74605,496205,12823,United Kingdom,70,5.95,416.5,2010-01-29 12:52:00,0.016839,1
43659,493181,18251,United Kingdom,576,0.38,218.88,2009-12-22 12:01:00,0.01682,1
43660,493181,18251,United Kingdom,576,0.38,218.88,2009-12-22 12:01:00,0.01682,1
43661,493181,18251,United Kingdom,576,0.38,218.88,2009-12-22 12:01:00,0.01682,1
47602,493819,14156,EIRE,216,2.95,637.2,2010-01-07 12:34:00,0.016806,1
47603,493819,14156,EIRE,216,2.95,637.2,2010-01-07 12:34:00,0.016806,1
274034,516011,14911,EIRE,1,50.0,50.0,2010-07-16 09:45:00,0.016789,1
452745,532418,14911,EIRE,1,50.0,50.0,2010-11-12 09:10:00,0.016789,1
471659,533816,14932,Channel Islands,1,50.0,50.0,2010-11-19 09:16:00,0.016789,1
393639,527204,13802,United Kingdom,200,1.06,212.0,2010-10-15 11:50:00,0.016778,1
4876,489835,15061,United Kingdom,200,2.55,510.0,2009-12-02 14:15:00,0.016751,1
90870,497946,13902,Denmark,600,0.15,90.0,2010-02-15 11:57:00,0.016723,1
330000,521566,13694,United Kingdom,288,0.85,244.8,2010-09-07 10:54:00,0.016707,1
330022,521567,13694,United Kingdom,288,0.85,244.8,2010-09-07 10:56:00,0.016707,1
243702,512955,12469,Thailand,192,1.45,278.4,2010-06-21 10:30:00,0.016694,1
243703,512955,12469,Thailand,192,1.45,278.4,2010-06-21 10:30:00,0.016694,1
333882,521984,14708,United Kingdom,1,79.95,79.95,2010-09-10 10:26:00,0.016665,1
353625,523766,14875,United Kingdom,1,79.95,79.95,2010-09-24 10:29:00,0.016665,1
437081,531204,17389,United Kingdom,84,3.39,284.76,2010-11-05 15:25:00,0.016632,1
437085,531204,17389,United Kingdom,84,3.39,284.76,2010-11-05 15:25:00,0.016632,1
393063,527145,12409,Switzerland,12,16.95,203.4,2010-10-15 10:24:00,0.016606,1
137064,502525,13694,United Kingdom,300,1.65,495.0,2010-03-25 11:28:00,0.016596,1
450099,532141,15838,United Kingdom,300,1.65,495.0,2010-11-11 11:32:00,0.016596,1
47525,493819,14156,EIRE,300,1.65,495.0,2010-01-07 12:34:00,0.016586,1
47526,493819,14156,EIRE,300,1.65,495.0,2010-01-07 12:34:00,0.016586,1
47529,493819,14156,EIRE,300,1.65,495.0,2010-01-07 12:34:00,0.016586,1
47530,493819,14156,EIRE,300,1.65,495.0,2010-01-07 12:34:00,0.016586,1
401211,527870,16684,United Kingdom,270,1.69,456.3,2010-10-19 11:36:00,0.016585,1
308601,519514,14156,EIRE,80,6.35,508.0,2010-08-18 09:19:00,0.016557,1
308611,519514,14156,EIRE,80,6.35,508.0,2010-08-18 09:19:00,0.016557,1
308614,519514,14156,EIRE,80,6.35,508.0,2010-08-18 09:19:00,0.016557,1
308616,519514,14156,EIRE,80,6.35,508.0,2010-08-18 09:19:00,0.016557,1
355108,523929,14646,Netherlands,100,2.55,255.0,2010-09-24 16:50:00,0.016552,1
195709,508094,12931,United Kingdom,128,1.69,216.32,2010-05-13 08:56:00,0.016551,1
266928,515253,18260,United Kingdom,160,1.45,232.0,2010-07-09 11:43:00,0.016551,1
316064,520171,12931,United Kingdom,48,8.5,408.0,2010-08-24 13:16:00,0.016526,1
437070,531204,17389,United Kingdom,210,0.42,88.2,2010-11-05 15:25:00,0.016517,1
104949,499458,13941,United Kingdom,256,0.36,92.16,2010-02-28 10:57:00,0.016451,1
310436,519640,16684,United Kingdom,432,0.36,155.52,2010-08-19 10:11:00,0.016417,1
95411,498396,14646,Netherlands,200,1.85,370.0,2010-02-18 15:16:00,0.016402,1
95412,498396,14646,Netherlands,200,1.85,370.0,2010-02-18 15:16:00,0.016402,1
95433,498398,14646,Netherlands,200,1.85,370.0,2010-02-18 15:19:00,0.016402,1
34091,492235,14460,United Kingdom,144,0.36,51.84,2009-12-15 19:06:00,0.016398,1
273273,515930,18102,United Kingdom,108,6.38,689.04,2010-07-15 14:38:00,0.016394,1
251630,513647,14646,Netherlands,144,1.06,152.64,2010-06-28 08:28:00,0.016385,1
430530,530514,14646,Netherlands,288,1.45,417.6,2010-11-03 12:23:00,0.016385,1
298356,518418,12567,France,4,29.95,119.8,2010-08-09 08:26:00,0.016362,1
498479,535988,14646,Netherlands,144,2.55,367.2,2010-11-29 13:21:00,0.016345,1
47565,493819,14156,EIRE,144,3.39,488.16,2010-01-07 12:34:00,0.016341,1
69923,495591,14646,Netherlands,128,2.75,352.0,2010-01-26 10:25:00,0.016327,1
255232,513992,16754,United Kingdom,84,3.75,315.0,2010-06-30 08:36:00,0.016276,1
300816,518673,14646,Netherlands,192,1.45,278.4,2010-08-10 16:10:00,0.016259,1
300825,518673,14646,Netherlands,200,1.45,290.0,2010-08-10 16:10:00,0.016259,1
58968,494672,14404,United Kingdom,1,79.95,79.95,2010-01-17 15:46:00,0.016241,1
129414,501695,12989,United Kingdom,144,1.65,237.6,2010-03-18 18:37:00,0.016194,1
488213,535104,16684,United Kingdom,270,1.69,456.3,2010-11-25 11:04:00,0.016186,1
128215,501614,13694,United Kingdom,240,1.25,300.0,2010-03-18 10:58:00,0.016168,1
232567,511926,15079,United Kingdom,108,2.55,275.4,2010-06-11 11:44:00,0.016136,1
58146,494641,15413,United Kingdom,144,2.1,302.4,2010-01-17 11:33:00,0.016132,1
410247,528630,17389,United Kingdom,144,2.1,302.4,2010-10-24 11:18:00,0.016132,1
469258,533588,13089,United Kingdom,48,10.95,525.6,2010-11-18 11:55:00,0.016126,1
392676,527124,14088,United Kingdom,66,3.81,251.46,2010-10-14 19:46:00,0.016101,1
213316,510067,13802,United Kingdom,200,2.55,510.0,2010-05-27 11:05:00,0.016038,1
288271,517404,12939,United Kingdom,200,2.55,510.0,2010-07-29 11:01:00,0.016038,1
185785,507062,12709,Germany,12,24.95,299.4,2010-05-06 10:28:00,0.015993,1
139791,502771,13694,United Kingdom,144,1.65,237.6,2010-03-26 14:29:00,0.015989,1
139792,502771,13694,United Kingdom,144,1.65,237.6,2010-03-26 14:29:00,0.015989,1
484317,534728,15189,United Kingdom,120,2.1,252.0,2010-11-23 18:47:00,0.015979,1
96484,498447,16467,United Kingdom,192,0.72,138.24,2010-02-19 10:20:00,0.015961,1
379902,525970,13694,United Kingdom,192,0.72,138.24,2010-10-08 10:21:00,0.015961,1
491525,535395,15793,United Kingdom,192,0.72,138.24,2010-11-26 10:36:00,0.015961,1
485328,534793,13694,United Kingdom,120,4.25,510.0,2010-11-24 11:42:00,0.01596,1
485329,534793,13694,United Kingdom,120,4.25,510.0,2010-11-24 11:42:00,0.01596,1
22208,491148,15061,United Kingdom,130,1.27,165.1,2009-12-10 07:43:00,0.015955,1
33052,492133,16684,United Kingdom,120,4.95,594.0,2009-12-15 14:18:00,0.01595,1
157782,504436,14156,EIRE,480,0.42,201.6,2010-04-13 13:33:00,0.015947,1
157783,504436,14156,EIRE,480,0.42,201.6,2010-04-13 13:33:00,0.015947,1
157792,504436,14156,EIRE,480,0.42,201.6,2010-04-13 13:33:00,0.015947,1
157810,504436,14156,EIRE,480,0.42,201.6,2010-04-13 13:33:00,0.015947,1
29013,491812,13694,United Kingdom,240,1.25,300.0,2009-12-14 13:23:00,0.015931,1
29014,491812,13694,United Kingdom,240,1.25,300.0,2009-12-14 13:23:00,0.015931,1
29021,491812,13694,United Kingdom,240,1.25,300.0,2009-12-14 13:23:00,0.015931,1
45441,493436,13694,United Kingdom,240,1.25,300.0,2010-01-04 13:03:00,0.015931,1
45442,493436,13694,United Kingdom,240,1.25,300.0,2010-01-04 13:03:00,0.015931,1
45447,493436,13694,United Kingdom,240,1.25,300.0,2010-01-04 13:03:00,0.015931,1
47541,493819,14156,EIRE,280,1.65,462.0,2010-01-07 12:34:00,0.015926,1
505248,536576,13777,United Kingdom,144,2.1,302.4,2010-12-01 16:11:00,0.015913,1
102469,499176,16684,United Kingdom,144,2.55,367.2,2010-02-25 10:20:00,0.015903,1
163888,504920,17474,United Kingdom,36,8.5,306.0,2010-04-19 10:43:00,0.015903,1
354489,523877,15044,United Kingdom,1,98.88,98.88,2010-09-24 13:08:00,0.015882,1
62831,494919,17404,Sweden,240,0.55,132.0,2010-01-20 08:27:00,0.01588,1
62832,494919,17404,Sweden,240,0.55,132.0,2010-01-20 08:27:00,0.01588,1
62833,494919,17404,Sweden,240,0.55,132.0,2010-01-20 08:27:00,0.01588,1
62834,494919,17404,Sweden,240,0.55,132.0,2010-01-20 08:27:00,0.01588,1
102460,499176,16684,United Kingdom,288,0.72,207.36,2010-02-25 10:20:00,0.015877,1
310443,519640,16684,United Kingdom,288,0.72,207.36,2010-08-19 10:11:00,0.015877,1
324964,521112,14646,Netherlands,288,0.72,207.36,2010-09-02 10:47:00,0.015877,1
324974,521112,14646,Netherlands,288,0.72,207.36,2010-09-02 10:47:00,0.015877,1
29958,491961,15640,United Kingdom,160,1.45,232.0,2009-12-14 16:36:00,0.015868,1
156839,504336,16705,United Kingdom,160,1.45,232.0,2010-04-12 16:38:00,0.015868,1
236828,512306,15093,United Kingdom,160,1.45,232.0,2010-06-14 16:25:00,0.015868,1
507790,536810,15299,United Kingdom,204,1.49,303.96,2010-12-02 16:50:00,0.015868,1
88932,497802,13027,United Kingdom,240,0.4,96.0,2010-02-12 13:52:00,0.015846,1
88933,497802,13027,United Kingdom,240,0.4,96.0,2010-02-12 13:52:00,0.015846,1
88934,497802,13027,United Kingdom,240,0.4,96.0,2010-02-12 13:52:00,0.015846,1
88935,497802,13027,United Kingdom,240,0.4,96.0,2010-02-12 13:52:00,0.015846,1
88936,497802,13027,United Kingdom,240,0.4,96.0,2010-02-12 13:52:00,0.015846,1
88937,497802,13027,United Kingdom,240,0.4,96.0,2010-02-12 13:52:00,0.015846,1
162958,504909,15410,United Kingdom,144,0.72,103.68,2010-04-19 08:57:00,0.015845,1
53193,494243,18102,United Kingdom,200,1.7,340.0,2010-01-12 15:57:00,0.015838,1
307941,519470,18102,United Kingdom,96,6.76,648.96,2010-08-17 11:52:00,0.015792,1
307953,519468,18102,United Kingdom,96,6.76,648.96,2010-08-17 11:52:00,0.015792,1
298929,518505,14277,France,768,0.13,99.84,2010-08-09 13:10:00,0.015784,1
253099,513776,16754,United Kingdom,160,2.55,408.0,2010-06-28 14:01:00,0.015761,1
325887,521181,13629,United Kingdom,200,1.65,330.0,2010-09-02 16:07:00,0.015722,1
325959,521183,15769,United Kingdom,200,1.65,330.0,2010-09-02 16:19:00,0.015722,1
392283,527096,13225,United Kingdom,200,1.65,330.0,2010-10-14 16:26:00,0.015722,1
151824,503834,12482,Sweden,384,0.36,138.24,2010-04-07 16:13:00,0.015715,1
151825,503834,12482,Sweden,384,0.36,138.24,2010-04-07 16:13:00,0.015715,1
151826,503834,12482,Sweden,384,0.36,138.24,2010-04-07 16:13:00,0.015715,1
430536,530514,14646,Netherlands,320,1.65,528.0,2010-11-03 12:23:00,0.01571,1
433318,530813,13881,United Kingdom,480,0.42,201.6,2010-11-04 13:09:00,0.015707,1
336267,522131,16013,United Kingdom,250,0.72,180.0,2010-09-13 09:56:00,0.015688,1
155441,504147,17675,United Kingdom,30,8.5,255.0,2010-04-11 13:27:00,0.015642,1
437069,531204,17389,United Kingdom,204,0.42,85.68,2010-11-05 15:25:00,0.015637,1
219091,510669,14033,United Kingdom,576,0.19,109.44,2010-06-02 15:10:00,0.015621,1
285478,517124,12801,Sweden,5,40.0,200.0,2010-07-27 09:38:00,0.015563,1
510983,537127,13831,United Kingdom,128,2.55,326.4,2010-12-05 12:13:00,0.015562,1
29845,491953,15061,United Kingdom,192,1.45,278.4,2009-12-14 15:57:00,0.015561,1
499140,536009,12415,Australia,200,1.45,290.0,2010-11-29 15:07:00,0.015561,1
230717,511677,13199,United Kingdom,384,0.72,276.48,2010-06-09 14:58:00,0.015455,1
53242,494244,18102,United Kingdom,300,0.7,210.0,2010-01-12 16:02:00,0.015445,1
53243,494244,18102,United Kingdom,300,0.7,210.0,2010-01-12 16:02:00,0.015445,1
53244,494244,18102,United Kingdom,300,0.7,210.0,2010-01-12 16:02:00,0.015445,1
53245,494244,18102,United Kingdom,300,0.7,210.0,2010-01-12 16:02:00,0.015445,1
53246,494244,18102,United Kingdom,300,0.7,210.0,2010-01-12 16:02:00,0.015445,1
53250,494244,18102,United Kingdom,300,0.7,210.0,2010-01-12 16:02:00,0.015445,1
53251,494244,18102,United Kingdom,300,0.7,210.0,2010-01-12 16:02:00,0.015445,1
90864,497946,13902,Denmark,482,0.25,120.5,2010-02-15 11:57:00,0.01543,1
495772,535799,16720,United Kingdom,6,32.0,192.0,2010-11-28 14:49:00,0.015391,1
441474,531474,16553,United Kingdom,576,0.18,103.68,2010-11-08 14:14:00,0.015379,1
510253,537034,13081,United Kingdom,96,1.85,177.6,2010-12-03 17:20:00,0.015379,1
510254,537034,13081,United Kingdom,96,1.85,177.6,2010-12-03 17:20:00,0.015379,1
510255,537034,13081,United Kingdom,96,1.85,177.6,2010-12-03 17:20:00,0.015379,1
510256,537034,13081,United Kingdom,96,1.85,177.6,2010-12-03 17:20:00,0.015379,1
305784,519222,15838,United Kingdom,200,1.65,330.0,2010-08-15 12:20:00,0.015366,1
305788,519223,13629,United Kingdom,200,1.65,330.0,2010-08-15 12:22:00,0.015366,1
187057,507178,14646,Netherlands,144,2.55,367.2,2010-05-06 15:17:00,0.015365,1
187128,507179,14646,Netherlands,144,2.55,367.2,2010-05-06 15:24:00,0.015365,1
307653,519404,14646,Netherlands,240,0.42,100.8,2010-08-17 08:56:00,0.015364,1
92483,498105,15372,United Kingdom,384,0.72,276.48,2010-02-16 13:52:00,0.015362,1
199764,508529,18102,United Kingdom,224,1.74,389.76,2010-05-17 11:12:00,0.015348,1
199765,508529,18102,United Kingdom,224,1.74,389.76,2010-05-17 11:12:00,0.015348,1
255806,514082,16684,United Kingdom,480,0.55,264.0,2010-06-30 12:02:00,0.015302,1
381684,526155,17404,Sweden,144,1.25,180.0,2010-10-08 15:56:00,0.01527,1
195627,508080,12482,Sweden,200,1.45,290.0,2010-05-12 16:42:00,0.015267,1
195633,508082,12482,Sweden,200,1.45,290.0,2010-05-12 16:43:00,0.015267,1
228041,511463,12647,Germany,293,1.95,571.35,2010-06-08 12:55:00,0.015267,1
254823,513963,13694,United Kingdom,200,1.65,330.0,2010-06-29 15:17:00,0.01526,1
254824,513963,13694,United Kingdom,200,1.65,330.0,2010-06-29 15:17:00,0.01526,1
254825,513963,13694,United Kingdom,200,1.65,330.0,2010-06-29 15:17:00,0.01526,1
254827,513963,13694,United Kingdom,200,1.65,330.0,2010-06-29 15:17:00,0.01526,1
254828,513963,13694,United Kingdom,200,1.65,330.0,2010-06-29 15:17:00,0.01526,1
254829,513963,13694,United Kingdom,200,1.65,330.0,2010-06-29 15:17:00,0.01526,1
254830,513963,13694,United Kingdom,200,1.65,330.0,2010-06-29 15:17:00,0.01526,1
254832,513963,13694,United Kingdom,200,1.65,330.0,2010-06-29 15:17:00,0.01526,1
254833,513963,13694,United Kingdom,200,1.65,330.0,2010-06-29 15:17:00,0.01526,1
458698,532822,18102,United Kingdom,120,1.66,199.2,2010-11-15 08:34:00,0.015257,1
481656,534505,17870,United Kingdom,204,2.55,520.2,2010-11-23 11:39:00,0.015249,1
59088,494678,16684,United Kingdom,240,0.42,100.8,2010-01-18 09:12:00,0.01523,1
224838,511109,16684,United Kingdom,240,0.42,100.8,2010-06-07 09:55:00,0.01523,1
276599,516269,17404,Sweden,384,0.65,249.6,2010-07-19 12:19:00,0.015201,1
145407,503186,18102,United Kingdom,108,5.88,635.04,2010-03-30 14:47:00,0.015192,1
512909,537224,13174,United Kingdom,1,49.95,49.95,2010-12-05 16:24:00,0.015163,1
409248,528595,15067,United Kingdom,1,79.95,79.95,2010-10-22 14:30:00,0.015155,1
473584,534002,17735,United Kingdom,1,79.95,79.95,2010-11-19 14:26:00,0.015155,1
49405,493995,13694,United Kingdom,144,1.95,280.8,2010-01-10 13:50:00,0.015151,1
49414,493995,13694,United Kingdom,144,1.95,280.8,2010-01-10 13:50:00,0.015151,1
65297,495228,14646,Netherlands,96,1.45,139.2,2010-01-22 08:28:00,0.015149,1
53230,494243,18102,United Kingdom,216,1.4,302.4,2010-01-12 15:57:00,0.015144,1
358768,524174,13687,United Kingdom,400,0.17,68.0,2010-09-27 16:30:00,0.015107,1
299239,518548,18102,United Kingdom,76,2.95,224.2,2010-08-09 18:31:00,0.015102,1
152700,503907,18251,United Kingdom,576,0.32,184.32,2010-04-08 12:23:00,0.0151,1
506856,536736,17381,United Kingdom,600,0.29,174.0,2010-12-02 12:59:00,0.0151,1
437078,531204,17389,United Kingdom,80,3.39,271.2,2010-11-05 15:25:00,0.015092,1
172996,505755,13408,United Kingdom,160,1.45,232.0,2010-04-26 09:47:00,0.015074,1
497469,535907,17389,United Kingdom,152,2.55,387.6,2010-11-29 11:26:00,0.015062,1
298281,518413,14101,United Kingdom,300,0.29,87.0,2010-08-08 15:15:00,0.015042,1
507405,536783,15061,United Kingdom,70,6.75,472.5,2010-12-02 15:19:00,0.015038,1
324967,521112,14646,Netherlands,216,1.45,313.2,2010-09-02 10:47:00,0.015009,1
219700,510742,13694,United Kingdom,432,0.55,237.6,2010-06-03 12:21:00,0.014985,1
454557,532589,15061,United Kingdom,50,6.35,317.5,2010-11-12 14:32:00,0.014973,1
180253,506454,16422,United Kingdom,50,4.65,232.5,2010-04-29 19:05:00,0.014955,1
444210,531748,14156,EIRE,8,34.95,279.6,2010-11-09 13:03:00,0.014947,1
420587,529609,14088,United Kingdom,40,6.75,270.0,2010-10-29 10:31:00,0.014941,1
69955,495591,14646,Netherlands,300,0.72,216.0,2010-01-26 10:25:00,0.014919,1
69999,495591,14646,Netherlands,300,0.72,216.0,2010-01-26 10:25:00,0.014919,1
195704,508094,12931,United Kingdom,156,1.25,195.0,2010-05-13 08:56:00,0.014872,1
392743,527124,14088,United Kingdom,32,6.95,222.4,2010-10-14 19:46:00,0.01487,1
116059,500389,16029,United Kingdom,48,8.5,408.0,2010-03-08 11:26:00,0.014841,1
447094,531950,12823,United Kingdom,100,7.65,765.0,2010-11-10 12:19:00,0.014821,1
447095,531957,12823,United Kingdom,100,7.65,765.0,2010-11-10 12:20:00,0.014821,1
85897,497360,12437,France,13,18.0,234.0,2010-02-09 09:17:00,0.014818,1
298923,518505,14277,France,480,0.25,120.0,2010-08-09 13:10:00,0.014803,1
318428,520406,16652,United Kingdom,216,1.06,228.96,2010-08-26 09:23:00,0.014803,1
392740,527124,14088,United Kingdom,18,10.95,197.1,2010-10-14 19:46:00,0.01478,1
510380,537040,13089,United Kingdom,144,1.45,208.8,2010-12-05 10:27:00,0.014771,1
135244,502300,16029,United Kingdom,200,1.65,330.0,2010-03-24 09:07:00,0.014759,1
246381,513209,15769,United Kingdom,200,1.65,330.0,2010-06-23 09:46:00,0.014759,1
218825,510649,14298,United Kingdom,480,0.42,201.6,2010-06-02 13:23:00,0.014752,1
69,489438,18102,United Kingdom,60,6.4,384.0,2009-12-01 09:24:00,0.014747,1
47588,493819,14156,EIRE,300,1.06,318.0,2010-01-07 12:34:00,0.014714,1
47589,493819,14156,EIRE,300,1.06,318.0,2010-01-07 12:34:00,0.014714,1
510897,537065,12567,France,4,42.95,171.8,2010-12-05 11:57:00,0.014689,1
497446,535902,17389,United Kingdom,30,10.95,328.5,2010-11-29 11:24:00,0.014618,1
235466,512169,13383,United Kingdom,288,1.06,305.28,2010-06-14 11:45:00,0.014606,1
284284,517001,16422,United Kingdom,288,1.06,305.28,2010-07-26 11:28:00,0.014606,1
425730,530062,17306,United Kingdom,288,1.06,305.28,2010-11-01 11:38:00,0.014606,1
326734,521269,13408,United Kingdom,144,1.45,208.8,2010-09-03 11:31:00,0.014573,1
68237,495404,14439,Greece,18,12.75,229.5,2010-01-25 09:48:00,0.014554,1
189203,507374,17920,United Kingdom,100,3.75,375.0,2010-05-09 11:13:00,0.014533,1
208177,509443,14560,United Kingdom,240,0.42,100.8,2010-05-23 16:02:00,0.014503,1
139514,502759,14646,Netherlands,240,0.42,100.8,2010-03-26 13:46:00,0.014495,1
139515,502759,14646,Netherlands,240,0.42,100.8,2010-03-26 13:46:00,0.014495,1
139516,502759,14646,Netherlands,240,0.42,100.8,2010-03-26 13:46:00,0.014495,1
302880,518900,15061,United Kingdom,248,1.45,359.6,2010-08-12 14:11:00,0.01449,1
128303,501621,16422,United Kingdom,720,0.16,115.2,2010-03-18 11:37:00,0.014449,1
142679,502906,18102,United Kingdom,72,7.26,522.72,2010-03-29 12:52:00,0.014436,1
142680,502906,18102,United Kingdom,72,7.26,522.72,2010-03-29 12:52:00,0.014436,1
149374,503593,14835,United Kingdom,108,1.65,178.2,2010-04-01 19:34:00,0.014413,1
416626,529166,16191,United Kingdom,216,1.06,228.96,2010-10-26 17:36:00,0.014403,1
47575,493819,14156,EIRE,208,2.55,530.4,2010-01-07 12:34:00,0.014371,1
300789,518673,14646,Netherlands,288,0.72,207.36,2010-08-10 16:10:00,0.014371,1
254082,513919,15769,United Kingdom,300,1.65,495.0,2010-06-29 12:11:00,0.01434,1
246394,513211,16029,United Kingdom,64,8.49,543.36,2010-06-23 10:07:00,0.014315,1
232015,511853,14298,United Kingdom,128,0.36,46.08,2010-06-11 08:08:00,0.014306,1
59045,494676,17591,United Kingdom,1,45.95,45.95,2010-01-17 16:09:00,0.014285,1
321505,520707,17584,United Kingdom,394,0.38,149.72,2010-08-29 12:43:00,0.014284,1
218,489460,16167,United Kingdom,576,0.21,120.96,2009-12-01 10:46:00,0.014272,1
274708,516131,12709,Germany,144,1.06,152.64,2010-07-16 15:26:00,0.01426,1
345744,523010,13881,United Kingdom,144,2.1,302.4,2010-09-20 10:05:00,0.014248,1
440660,531395,12435,Denmark,144,2.1,302.4,2010-11-08 10:07:00,0.014248,1
137648,502602,16943,United Kingdom,1,241.38,241.38,2010-03-25 13:34:00,0.014242,1
83301,497100,14298,United Kingdom,374,0.09,33.66,2010-02-05 15:04:00,0.014209,1
310233,519616,13892,United Kingdom,288,0.38,109.44,2010-08-19 09:07:00,0.014201,1
238708,512510,15061,United Kingdom,48,10.95,525.6,2010-06-16 11:07:00,0.014175,1
305060,519192,14525,United Kingdom,144,0.42,60.48,2010-08-13 16:58:00,0.014172,1
215303,510239,13929,United Kingdom,144,0.65,93.6,2010-05-28 09:59:00,0.014171,1
491372,535387,15210,United Kingdom,144,0.65,93.6,2010-11-26 09:09:00,0.014171,1
28933,491812,13694,United Kingdom,288,0.85,244.8,2009-12-14 13:23:00,0.014147,1
139458,502756,13931,United Kingdom,288,0.21,60.48,2010-03-26 13:42:00,0.014146,1
139459,502756,13931,United Kingdom,288,0.21,60.48,2010-03-26 13:42:00,0.014146,1
22137,491143,16029,United Kingdom,36,9.45,340.2,2009-12-09 16:50:00,0.014116,1
109792,499959,12380,Belgium,1,200.0,200.0,2010-03-03 12:53:00,0.014098,1
199242,508502,12731,France,160,1.45,232.0,2010-05-16 15:39:00,0.014072,1
476928,534209,14146,United Kingdom,160,1.45,232.0,2010-11-21 15:55:00,0.014072,1
409842,528617,13165,United Kingdom,100,1.69,169.0,2010-10-22 17:04:00,0.014068,1
409843,528617,13165,United Kingdom,100,1.69,169.0,2010-10-22 17:04:00,0.014068,1
499682,536029,15649,United Kingdom,72,4.25,306.0,2010-11-29 16:34:00,0.014066,1
232055,511855,12681,France,5,18.0,90.0,2010-06-11 08:25:00,0.01405,1
261489,514583,17949,United Kingdom,252,1.85,466.2,2010-07-05 12:06:00,0.014026,1
324971,521112,14646,Netherlands,216,1.65,356.4,2010-09-02 10:47:00,0.014024,1
437084,531204,17389,United Kingdom,78,3.39,264.42,2010-11-05 15:25:00,0.013995,1
347906,523229,17381,United Kingdom,504,0.29,146.16,2010-09-21 10:55:00,0.013994,1
276044,516194,13881,United Kingdom,240,1.06,254.4,2010-07-19 10:04:00,0.013979,1
276073,516194,13881,United Kingdom,240,1.06,254.4,2010-07-19 10:04:00,0.013979,1
345779,523011,13881,United Kingdom,240,1.06,254.4,2010-09-20 10:07:00,0.013979,1
345792,523011,13881,United Kingdom,240,1.06,254.4,2010-09-20 10:07:00,0.013979,1
497390,535879,12358,Austria,5,40.0,200.0,2010-11-29 10:56:00,0.013973,1
347592,523194,13375,United Kingdom,120,2.1,252.0,2010-09-21 08:12:00,0.013967,1
242248,512807,14646,Netherlands,192,1.06,203.52,2010-06-18 11:21:00,0.013946,1
242249,512807,14646,Netherlands,192,1.06,203.52,2010-06-18 11:21:00,0.013946,1
242250,512807,14646,Netherlands,192,1.06,203.52,2010-06-18 11:21:00,0.013946,1
242251,512807,14646,Netherlands,192,1.06,203.52,2010-06-18 11:21:00,0.013946,1
242252,512807,14646,Netherlands,192,1.06,203.52,2010-06-18 11:21:00,0.013946,1
28965,491812,13694,United Kingdom,432,0.38,164.16,2009-12-14 13:23:00,0.013937,1
129816,501729,16716,United Kingdom,144,1.69,243.36,2010-03-19 11:05:00,0.013935,1
129817,501729,16716,United Kingdom,144,1.69,243.36,2010-03-19 11:05:00,0.013935,1
412323,528767,14911,EIRE,1,50.0,50.0,2010-10-25 08:12:00,0.013932,1
484170,534716,16684,United Kingdom,160,1.45,232.0,2010-11-23 17:43:00,0.013928,1
121499,501006,14646,Netherlands,288,1.06,305.28,2010-03-11 14:33:00,0.013918,1
378032,525878,16191,United Kingdom,288,1.06,305.28,2010-10-07 14:21:00,0.013918,1
181771,506679,18260,United Kingdom,16,10.95,175.2,2010-05-02 10:48:00,0.013907,1
493994,535641,15465,United Kingdom,16,10.95,175.2,2010-11-28 10:23:00,0.013907,1
510375,537038,15465,United Kingdom,16,10.95,175.2,2010-12-05 10:12:00,0.013907,1
355737,523965,13777,United Kingdom,72,4.65,334.8,2010-09-26 13:19:00,0.013857,1
420490,529602,14088,United Kingdom,23,9.95,228.85,2010-10-29 09:57:00,0.013849,1
491672,535400,15550,United Kingdom,6,34.95,209.7,2010-11-26 11:08:00,0.013843,1
416182,529152,14156,EIRE,96,3.75,360.0,2010-10-26 16:22:00,0.013821,1
41281,492784,17841,United Kingdom,1,39.95,39.95,2009-12-18 17:24:00,0.013795,1
57937,494635,15945,United Kingdom,1,39.95,39.95,2010-01-15 17:36:00,0.013795,1
96454,498445,16656,United Kingdom,144,0.95,136.8,2010-02-19 10:01:00,0.013785,1
34066,492232,12971,United Kingdom,1,35.95,35.95,2009-12-15 19:04:00,0.013777,1
366187,524909,17389,United Kingdom,252,0.36,90.72,2010-10-01 11:34:00,0.013751,1
134045,502111,12455,Cyprus,32,10.95,350.4,2010-03-23 10:30:00,0.013738,1
329943,521560,14952,United Kingdom,32,10.95,350.4,2010-09-07 10:17:00,0.013738,1
316779,520214,14895,United Kingdom,192,0.36,69.12,2010-08-25 07:46:00,0.013735,1
154275,504065,16087,United Kingdom,96,3.39,325.44,2010-04-09 12:33:00,0.01373,1
33416,492202,15514,United Kingdom,432,0.36,155.52,2009-12-15 16:23:00,0.013722,1
47543,493819,14156,EIRE,192,2.55,489.6,2010-01-07 12:34:00,0.013713,1
47590,493819,14156,EIRE,200,2.55,510.0,2010-01-07 12:34:00,0.013713,1
47592,493819,14156,EIRE,200,2.55,510.0,2010-01-07 12:34:00,0.013713,1
170309,505534,18102,United Kingdom,246,0.85,209.1,2010-04-22 17:46:00,0.013712,1
517051,537460,17616,United Kingdom,128,2.55,326.4,2010-12-07 10:04:00,0.013698,1
116137,500448,17857,United Kingdom,350,0.72,252.0,2010-03-08 12:09:00,0.013688,1
418854,529350,17450,United Kingdom,288,0.55,158.4,2010-10-28 09:29:00,0.013684,1
71766,495906,13694,United Kingdom,288,1.25,360.0,2010-01-27 12:39:00,0.013678,1
279117,516561,12989,United Kingdom,288,1.25,360.0,2010-07-21 12:15:00,0.013678,1
343671,522943,12543,Spain,5,28.0,140.0,2010-09-17 15:51:00,0.013675,1
69996,495591,14646,Netherlands,200,1.65,330.0,2010-01-26 10:25:00,0.013663,1
70000,495591,14646,Netherlands,200,1.65,330.0,2010-01-26 10:25:00,0.013663,1
330005,521566,13694,United Kingdom,200,1.65,330.0,2010-09-07 10:54:00,0.013663,1
330006,521566,13694,United Kingdom,200,1.65,330.0,2010-09-07 10:54:00,0.013663,1
330007,521566,13694,United Kingdom,200,1.65,330.0,2010-09-07 10:54:00,0.013663,1
330008,521566,13694,United Kingdom,200,1.65,330.0,2010-09-07 10:54:00,0.013663,1
330009,521566,13694,United Kingdom,200,1.65,330.0,2010-09-07 10:54:00,0.013663,1
330010,521566,13694,United Kingdom,200,1.65,330.0,2010-09-07 10:54:00,0.013663,1
330011,521566,13694,United Kingdom,200,1.65,330.0,2010-09-07 10:54:00,0.013663,1
330012,521566,13694,United Kingdom,200,1.65,330.0,2010-09-07 10:54:00,0.013663,1
330028,521568,17511,United Kingdom,200,1.65,330.0,2010-09-07 10:59:00,0.013663,1
330034,521568,17511,United Kingdom,200,1.65,330.0,2010-09-07 10:59:00,0.013663,1
443148,531573,16684,United Kingdom,200,1.65,330.0,2010-11-09 10:42:00,0.013663,1
453225,532422,16133,United Kingdom,144,0.64,92.16,2010-11-12 09:44:00,0.013661,1
174955,505977,13881,United Kingdom,240,1.06,254.4,2010-04-27 09:01:00,0.013654,1
174963,505977,13881,United Kingdom,240,1.06,254.4,2010-04-27 09:01:00,0.013654,1
291853,517844,13113,United Kingdom,32,10.95,350.4,2010-08-02 12:55:00,0.013646,1
412966,528881,14292,United Kingdom,32,10.95,350.4,2010-10-25 12:18:00,0.013646,1
459926,532961,12471,Germany,32,10.95,350.4,2010-11-15 12:31:00,0.013646,1
83867,497205,17841,United Kingdom,5,34.95,174.75,2010-02-07 11:57:00,0.013642,1
48665,493961,17841,United Kingdom,4,34.95,139.8,2010-01-08 15:16:00,0.013639,1
219251,510678,15812,United Kingdom,60,4.95,297.0,2010-06-03 08:49:00,0.013595,1
431697,530648,14062,United Kingdom,60,4.95,297.0,2010-11-04 08:41:00,0.013595,1
431699,530648,14062,United Kingdom,60,4.95,297.0,2010-11-04 08:41:00,0.013595,1
319846,520558,15079,United Kingdom,128,2.55,326.4,2010-08-26 16:42:00,0.013572,1
488224,535104,16684,United Kingdom,288,1.25,360.0,2010-11-25 11:04:00,0.013541,1
502350,536247,13199,United Kingdom,384,0.72,276.48,2010-11-30 14:45:00,0.013541,1
390711,526930,17409,United Kingdom,176,1.45,255.2,2010-10-14 09:31:00,0.013518,1
12278,490382,12359,Cyprus,200,0.34,68.0,2009-12-05 13:32:00,0.013506,1
401243,527870,16684,United Kingdom,60,9.95,597.0,2010-10-19 11:36:00,0.013499,1
25402,491570,13418,United Kingdom,160,1.45,232.0,2009-12-11 12:51:00,0.013485,1
414574,528970,14298,United Kingdom,2,110.0,220.0,2010-10-26 10:24:00,0.01347,1
298408,518422,16839,United Kingdom,16,10.95,175.2,2010-08-09 08:55:00,0.013458,1
276400,516264,13734,United Kingdom,10,34.95,349.5,2010-07-19 12:04:00,0.013395,1
399792,527602,13881,United Kingdom,192,1.65,316.8,2010-10-18 13:42:00,0.013379,1
459268,532853,12939,United Kingdom,96,4.25,408.0,2010-11-15 10:51:00,0.013347,1
106322,499523,13694,United Kingdom,300,0.32,96.0,2010-03-01 10:17:00,0.013341,1
372040,525286,15061,United Kingdom,144,1.45,208.8,2010-10-05 08:34:00,0.013332,1
405457,528158,14031,United Kingdom,160,1.45,232.0,2010-10-20 17:33:00,0.013305,1
304526,519165,17865,United Kingdom,72,4.95,356.4,2010-08-13 12:59:00,0.013228,1
153918,503980,13762,United Kingdom,120,0.53,63.6,2010-04-09 08:05:00,0.013193,1
82309,496945,15061,United Kingdom,120,2.55,306.0,2010-02-04 17:38:00,0.013183,1
306749,519342,12687,Sweden,1,280.0,280.0,2010-08-16 12:10:00,0.013172,1
306172,519242,16553,United Kingdom,288,0.65,187.2,2010-08-15 14:12:00,0.013171,1
499097,536009,12415,Australia,400,0.34,136.0,2010-11-29 15:07:00,0.013089,1
187052,507178,14646,Netherlands,216,1.45,313.2,2010-05-06 15:17:00,0.013082,1
187053,507178,14646,Netherlands,216,1.45,313.2,2010-05-06 15:17:00,0.013082,1
226175,511270,14159,United Kingdom,210,1.45,304.5,2010-06-07 13:03:00,0.013062,1
47512,493819,14156,EIRE,288,1.25,360.0,2010-01-07 12:34:00,0.01305,1
405587,528162,14180,United Kingdom,1,79.95,79.95,2010-10-21 09:19:00,0.013036,1
275626,516169,15218,United Kingdom,176,1.45,255.2,2010-07-18 13:31:00,0.013023,1
195708,508094,12931,United Kingdom,72,4.25,306.0,2010-05-13 08:56:00,0.013006,1
12277,490382,12359,Cyprus,2,49.95,99.9,2009-12-05 13:32:00,0.013005,1
112838,500169,12497,Germany,9,18.0,162.0,2010-03-05 09:39:00,0.012982,1
23780,491314,15032,United Kingdom,200,1.65,330.0,2009-12-10 15:27:00,0.012981,1
23781,491314,15032,United Kingdom,200,1.65,330.0,2009-12-10 15:27:00,0.012981,1
23782,491314,15032,United Kingdom,200,1.65,330.0,2009-12-10 15:27:00,0.012981,1
23783,491314,15032,United Kingdom,200,1.65,330.0,2009-12-10 15:27:00,0.012981,1
95374,498395,14646,Netherlands,200,1.65,330.0,2010-02-18 15:13:00,0.012981,1
95438,498398,14646,Netherlands,200,1.65,330.0,2010-02-18 15:19:00,0.012981,1
95439,498398,14646,Netherlands,200,1.65,330.0,2010-02-18 15:19:00,0.012981,1
400024,527688,14566,Channel Islands,200,1.65,330.0,2010-10-18 14:57:00,0.012981,1
400025,527688,14566,Channel Islands,200,1.65,330.0,2010-10-18 14:57:00,0.012981,1
400026,527688,14566,Channel Islands,200,1.65,330.0,2010-10-18 14:57:00,0.012981,1
400027,527688,14566,Channel Islands,200,1.65,330.0,2010-10-18 14:57:00,0.012981,1
51411,494029,12913,United Kingdom,144,1.85,266.4,2010-01-11 10:24:00,0.012958,1
383193,526222,12676,Sweden,3,40.0,120.0,2010-10-10 14:56:00,0.012953,1
88559,497715,15061,United Kingdom,300,0.34,102.0,2010-02-11 17:33:00,0.012936,1
44699,493326,18092,United Kingdom,288,0.65,187.2,2009-12-23 09:20:00,0.012928,1
308588,519514,14156,EIRE,288,0.65,187.2,2010-08-18 09:19:00,0.012928,1
3315,489676,13777,United Kingdom,120,2.55,306.0,2009-12-02 09:49:00,0.012916,1
137057,502525,13694,United Kingdom,576,0.19,109.44,2010-03-25 11:28:00,0.012915,1
317994,520370,12875,United Kingdom,864,0.17,146.88,2010-08-25 14:35:00,0.012907,1
367811,525011,14156,EIRE,24,8.49,203.76,2010-10-03 10:52:00,0.012898,1
486325,534847,14646,Netherlands,288,1.06,305.28,2010-11-24 13:34:00,0.012895,1
243698,512955,12469,Thailand,288,0.42,120.96,2010-06-21 10:30:00,0.012857,1
243699,512955,12469,Thailand,288,0.42,120.96,2010-06-21 10:30:00,0.012857,1
243707,512955,12469,Thailand,288,0.42,120.96,2010-06-21 10:30:00,0.012857,1
417390,529306,13093,United Kingdom,96,7.65,734.4,2010-10-27 12:52:00,0.012848,1
386588,526585,12931,United Kingdom,300,1.06,318.0,2010-10-12 11:52:00,0.012813,1
290221,517643,14828,United Kingdom,200,0.72,144.0,2010-07-30 13:13:00,0.012791,1
22121,491138,16168,United Kingdom,1,79.95,79.95,2009-12-09 16:26:00,0.012787,1
212788,510002,13881,United Kingdom,84,4.95,415.8,2010-05-26 15:09:00,0.012771,1
212789,510002,13881,United Kingdom,84,4.95,415.8,2010-05-26 15:09:00,0.012771,1
437066,531204,17389,United Kingdom,72,3.75,270.0,2010-11-05 15:25:00,0.012757,1
285620,517144,18026,United Kingdom,66,6.95,458.7,2010-07-27 10:37:00,0.012749,1
390193,526907,17978,United Kingdom,288,0.72,207.36,2010-10-13 15:22:00,0.012748,1
251629,513647,14646,Netherlands,72,3.39,244.08,2010-06-28 08:28:00,0.012732,1
346549,523124,18251,United Kingdom,432,0.36,155.52,2010-09-20 13:26:00,0.012687,1
124809,501303,14195,United Kingdom,192,0.85,163.2,2010-03-15 17:12:00,0.012675,1
415556,529091,12371,Switzerland,6,40.0,240.0,2010-10-26 13:37:00,0.012663,1
286753,517315,15372,United Kingdom,288,1.25,360.0,2010-07-28 11:39:00,0.012661,1
57419,494515,13694,United Kingdom,192,0.64,122.88,2010-01-15 10:24:00,0.012634,1
57420,494515,13694,United Kingdom,192,0.64,122.88,2010-01-15 10:24:00,0.012634,1
124774,501300,14062,United Kingdom,60,4.95,297.0,2010-03-15 16:35:00,0.012627,1
124775,501300,14062,United Kingdom,60,4.95,297.0,2010-03-15 16:35:00,0.012627,1
124776,501300,14062,United Kingdom,60,4.95,297.0,2010-03-15 16:35:00,0.012627,1
274880,516145,13074,United Kingdom,120,1.45,174.0,2010-07-16 16:53:00,0.012623,1
354906,523921,14646,Netherlands,120,1.45,174.0,2010-09-24 16:19:00,0.012623,1
354965,523921,14646,Netherlands,120,1.45,174.0,2010-09-24 16:19:00,0.012623,1
354966,523921,14646,Netherlands,120,1.45,174.0,2010-09-24 16:19:00,0.012623,1
354967,523921,14646,Netherlands,120,1.45,174.0,2010-09-24 16:19:00,0.012623,1
354968,523921,14646,Netherlands,120,1.45,174.0,2010-09-24 16:19:00,0.012623,1
354969,523921,14646,Netherlands,120,1.45,174.0,2010-09-24 16:19:00,0.012623,1
3235,489671,14135,United Kingdom,200,0.65,130.0,2009-12-02 08:58:00,0.012622,1
3236,489671,14135,United Kingdom,200,0.65,130.0,2009-12-02 08:58:00,0.012622,1
386582,526585,12931,United Kingdom,200,2.1,420.0,2010-10-12 11:52:00,0.012589,1
401247,527870,16684,United Kingdom,192,2.1,403.2,2010-10-19 11:36:00,0.012589,1
108397,499780,12809,Portugal,1,119.6,119.6,2010-03-02 14:19:00,0.012537,1
25956,491635,14298,United Kingdom,200,0.38,76.0,2009-12-11 15:46:00,0.012534,1
25957,491635,14298,United Kingdom,200,0.38,76.0,2009-12-11 15:46:00,0.012534,1
347486,523182,14906,United Kingdom,1,68.44,68.44,2010-09-20 16:30:00,0.012528,1
488201,535104,16684,United Kingdom,240,1.69,405.6,2010-11-25 11:04:00,0.012456,1
95375,498395,14646,Netherlands,288,0.79,227.52,2010-02-18 15:13:00,0.012438,1
187079,507178,14646,Netherlands,288,0.79,227.52,2010-05-06 15:17:00,0.012438,1
334064,522016,15291,United Kingdom,288,0.21,60.48,2010-09-10 11:30:00,0.012413,1
420751,529622,13815,Germany,288,0.21,60.48,2010-10-29 11:42:00,0.012413,1
313908,519913,17133,United Kingdom,288,0.55,158.4,2010-08-22 13:58:00,0.012397,1
188980,507360,13209,United Kingdom,144,0.72,103.68,2010-05-07 15:37:00,0.012395,1
274709,516131,12709,Germany,144,0.72,103.68,2010-07-16 15:26:00,0.012395,1
274710,516131,12709,Germany,144,0.72,103.68,2010-07-16 15:26:00,0.012395,1
274711,516131,12709,Germany,144,0.72,103.68,2010-07-16 15:26:00,0.012395,1
274712,516131,12709,Germany,144,0.72,103.68,2010-07-16 15:26:00,0.012395,1
274713,516131,12709,Germany,144,0.72,103.68,2010-07-16 15:26:00,0.012395,1
274714,516131,12709,Germany,144,0.72,103.68,2010-07-16 15:26:00,0.012395,1
53204,494243,18102,United Kingdom,264,1.0,264.0,2010-01-12 15:57:00,0.012388,1
145404,503186,18102,United Kingdom,216,2.3,496.8,2010-03-30 14:47:00,0.012383,1
47557,493819,14156,EIRE,480,0.42,201.6,2010-01-07 12:34:00,0.012379,1
47559,493819,14156,EIRE,480,0.42,201.6,2010-01-07 12:34:00,0.012379,1
47560,493819,14156,EIRE,480,0.42,201.6,2010-01-07 12:34:00,0.012379,1
47561,493819,14156,EIRE,480,0.42,201.6,2010-01-07 12:34:00,0.012379,1
328961,521482,15809,United Kingdom,1,295.0,295.0,2010-09-06 13:20:00,0.012363,1
426334,530087,16732,United Kingdom,1,295.0,295.0,2010-11-01 13:33:00,0.012363,1
508165,536848,13408,United Kingdom,80,2.55,204.0,2010-12-03 09:39:00,0.012295,1
406997,528363,14442,Channel Islands,2,145.0,290.0,2010-10-21 15:38:00,0.012289,1
488216,535104,16684,United Kingdom,288,1.06,305.28,2010-11-25 11:04:00,0.01228,1
288265,517404,12939,United Kingdom,200,1.95,390.0,2010-07-29 11:01:00,0.012279,1
288266,517404,12939,United Kingdom,200,1.95,390.0,2010-07-29 11:01:00,0.012279,1
153929,503981,13197,United Kingdom,2,39.95,79.9,2010-04-09 09:14:00,0.012271,1
401122,527796,12454,Spain,160,2.55,408.0,2010-10-19 11:14:00,0.012247,1
401125,527796,12454,Spain,160,2.55,408.0,2010-10-19 11:14:00,0.012247,1
366185,524909,17389,United Kingdom,42,7.65,321.3,2010-10-01 11:34:00,0.012242,1
155014,504135,16276,United Kingdom,200,1.45,290.0,2010-04-11 12:02:00,0.012192,1
162123,504879,12482,Sweden,200,1.45,290.0,2010-04-18 12:49:00,0.012192,1
162125,504879,12482,Sweden,200,1.45,290.0,2010-04-18 12:49:00,0.012192,1
53477,494277,14063,United Kingdom,108,3.39,366.12,2010-01-13 10:32:00,0.012158,1
53478,494277,14063,United Kingdom,108,3.39,366.12,2010-01-13 10:32:00,0.012158,1
451382,532305,12356,Portugal,50,8.49,424.5,2010-11-11 14:23:00,0.012114,1
65317,495228,14646,Netherlands,96,1.65,158.4,2010-01-22 08:28:00,0.012074,1
102474,499176,16684,United Kingdom,200,1.65,330.0,2010-02-25 10:20:00,0.012053,1
310458,519640,16684,United Kingdom,200,1.65,330.0,2010-08-19 10:11:00,0.012053,1
3295,489675,13777,United Kingdom,240,1.06,254.4,2009-12-02 09:47:00,0.012045,1
229542,511553,16754,United Kingdom,240,1.06,254.4,2010-06-09 09:42:00,0.012045,1
392913,527133,12709,Germany,8,18.0,144.0,2010-10-15 09:33:00,0.012022,1
471778,533822,12647,Germany,8,18.0,144.0,2010-11-19 09:40:00,0.012022,1
174,489447,12362,Belgium,1,130.0,130.0,2009-12-01 10:10:00,0.01198,1
245375,513122,12634,USA,1,130.0,130.0,2010-06-22 10:05:00,0.01198,1
310457,519640,16684,United Kingdom,192,1.45,278.4,2010-08-19 10:11:00,0.011974,1
92239,498097,16525,United Kingdom,288,1.06,305.28,2010-02-16 13:12:00,0.011951,1
202703,508909,13783,United Kingdom,288,0.85,244.8,2010-05-19 10:11:00,0.01195,1
357326,524096,13694,United Kingdom,120,4.25,510.0,2010-09-27 12:14:00,0.011948,1
53228,494243,18102,United Kingdom,120,2.8,336.0,2010-01-12 15:57:00,0.011945,1
53232,494243,18102,United Kingdom,120,2.8,336.0,2010-01-12 15:57:00,0.011945,1
310217,519614,14911,EIRE,1,50.0,50.0,2010-08-19 08:47:00,0.01191,1
68,489438,18102,United Kingdom,60,6.38,382.8,2009-12-01 09:24:00,0.011878,1
33051,492133,16684,United Kingdom,480,0.42,201.6,2009-12-15 14:18:00,0.011868,1
316308,520187,17388,United Kingdom,480,0.42,201.6,2010-08-24 14:23:00,0.011868,1
266298,515156,16466,United Kingdom,1,125.0,125.0,2010-07-08 15:29:00,0.011866,1
113254,500235,12823,United Kingdom,50,6.35,317.5,2010-03-05 11:55:00,0.011863,1
6441,489889,14646,Netherlands,288,0.55,158.4,2009-12-02 16:52:00,0.011852,1
6442,489889,14646,Netherlands,288,0.55,158.4,2009-12-02 16:52:00,0.011852,1
6445,489889,14646,Netherlands,288,0.55,158.4,2009-12-02 16:52:00,0.011852,1
160444,504700,17032,United Kingdom,1,57.63,57.63,2010-04-15 18:08:00,0.011844,1
316075,520173,12931,United Kingdom,120,3.75,450.0,2010-08-24 13:20:00,0.011838,1
185032,507005,16422,United Kingdom,288,1.06,305.28,2010-05-05 14:21:00,0.011826,1
185033,507005,16422,United Kingdom,288,1.06,305.28,2010-05-05 14:21:00,0.011826,1
131330,501866,13668,United Kingdom,300,0.35,105.0,2010-03-21 11:51:00,0.011821,1
177411,506230,13694,United Kingdom,160,2.55,408.0,2010-04-28 12:27:00,0.011811,1
15138,490672,16684,United Kingdom,216,2.1,453.6,2009-12-07 12:58:00,0.011799,1
270790,515614,12823,United Kingdom,50,6.35,317.5,2010-07-13 16:36:00,0.011799,1
388472,526741,16701,United Kingdom,200,0.65,130.0,2010-10-12 18:16:00,0.011794,1
263706,514860,13199,United Kingdom,192,0.72,138.24,2010-07-07 08:46:00,0.011778,1
116074,500400,16754,United Kingdom,140,2.55,357.0,2010-03-08 11:32:00,0.011775,1
388911,526761,14646,Netherlands,432,0.36,155.52,2010-10-13 10:53:00,0.011765,1
388912,526761,14646,Netherlands,432,0.36,155.52,2010-10-13 10:53:00,0.011765,1
308595,519514,14156,EIRE,192,1.45,278.4,2010-08-18 09:19:00,0.01174,1
446289,531844,13809,Cyprus,192,1.45,278.4,2010-11-10 09:35:00,0.01174,1
122079,501047,14646,Netherlands,144,1.06,152.64,2010-03-12 10:37:00,0.011738,1
215378,510250,15061,United Kingdom,144,1.06,152.64,2010-05-28 10:36:00,0.011738,1
215393,510262,14006,United Kingdom,144,1.06,152.64,2010-05-28 10:59:00,0.011738,1
215394,510262,14006,United Kingdom,144,1.06,152.64,2010-05-28 10:59:00,0.011738,1
353689,523768,14134,United Kingdom,144,1.06,152.64,2010-09-24 10:29:00,0.011738,1
392718,527124,14088,United Kingdom,40,5.95,238.0,2010-10-14 19:46:00,0.011712,1
88606,497735,16553,United Kingdom,192,0.72,138.24,2010-02-11 18:46:00,0.011663,1
170360,505547,12406,Denmark,200,0.72,144.0,2010-04-22 18:41:00,0.011663,1
326412,521208,14739,United Kingdom,192,0.72,138.24,2010-09-02 18:32:00,0.011663,1
326413,521208,14739,United Kingdom,192,0.72,138.24,2010-09-02 18:32:00,0.011663,1
79361,496612,15061,United Kingdom,24,9.95,238.8,2010-02-03 07:31:00,0.011658,1
308570,519514,14156,EIRE,144,1.85,266.4,2010-08-18 09:19:00,0.011655,1
112423,500135,16096,United Kingdom,4,69.95,279.8,2010-03-04 15:44:00,0.01162,1
522979,538005,13090,United Kingdom,72,8.5,612.0,2010-12-09 12:12:00,0.011614,1
386581,526585,12931,United Kingdom,400,0.72,288.0,2010-10-12 11:52:00,0.011604,1
472551,533952,12643,France,192,1.06,203.52,2010-11-19 12:42:00,0.011603,1
307952,519468,18102,United Kingdom,120,3.86,463.2,2010-08-17 11:52:00,0.011556,1
451392,532305,12356,Portugal,18,18.0,324.0,2010-11-11 14:23:00,0.011532,1
221254,510965,16754,United Kingdom,126,1.69,212.94,2010-06-04 11:37:00,0.011527,1
312235,519800,18251,United Kingdom,144,1.45,208.8,2010-08-20 12:28:00,0.011516,1
394471,527290,13145,United Kingdom,72,4.25,306.0,2010-10-15 14:08:00,0.011515,1
415480,529084,12524,Germany,144,2.55,367.2,2010-10-26 13:15:00,0.011476,1
258936,514369,12477,Germany,10,12.75,127.5,2010-07-02 08:26:00,0.011471,1
298947,518505,14277,France,500,0.17,85.0,2010-08-09 13:10:00,0.011468,1
236829,512306,15093,United Kingdom,144,1.69,243.36,2010-06-14 16:25:00,0.011462,1
319165,520504,18102,United Kingdom,120,4.86,583.2,2010-08-26 12:43:00,0.011461,1
236316,512285,13069,United Kingdom,288,0.72,207.36,2010-06-14 14:27:00,0.011458,1
253098,513776,16754,United Kingdom,288,0.72,207.36,2010-06-28 14:01:00,0.011458,1
253103,513776,16754,United Kingdom,288,0.72,207.36,2010-06-28 14:01:00,0.011458,1
405585,528162,14180,United Kingdom,4,42.95,171.8,2010-10-21 09:19:00,0.011457,1
89491,497882,12748,United Kingdom,1,100.0,100.0,2010-02-14 11:42:00,0.011455,1
282653,516909,12748,United Kingdom,1,95.0,95.0,2010-07-25 11:02:00,0.011455,1
290521,517713,12748,United Kingdom,1,95.0,95.0,2010-08-01 11:18:00,0.011455,1
305589,519207,12748,United Kingdom,1,95.0,95.0,2010-08-15 11:06:00,0.011455,1
328323,521400,14145,United Kingdom,60,4.95,297.0,2010-09-06 09:53:00,0.011427,1
328324,521400,14145,United Kingdom,60,4.95,297.0,2010-09-06 09:53:00,0.011427,1
229602,511558,13802,United Kingdom,50,8.49,424.5,2010-06-09 10:12:00,0.011423,1
320501,520663,14062,United Kingdom,144,1.69,243.36,2010-08-27 12:50:00,0.011407,1
382185,526180,16839,United Kingdom,24,9.95,238.8,2010-10-10 11:42:00,0.011355,1
253198,513784,12741,USA,1,170.0,170.0,2010-06-28 14:36:00,0.011345,1
310455,519640,16684,United Kingdom,360,0.42,151.2,2010-08-19 10:11:00,0.011316,1
310456,519640,16684,United Kingdom,360,0.42,151.2,2010-08-19 10:11:00,0.011316,1
46930,493722,16467,United Kingdom,288,0.72,207.36,2010-01-06 10:58:00,0.0113,1
46935,493722,16467,United Kingdom,288,0.72,207.36,2010-01-06 10:58:00,0.0113,1
388903,526761,14646,Netherlands,288,0.72,207.36,2010-10-13 10:53:00,0.0113,1
466354,533355,14646,Netherlands,288,0.72,207.36,2010-11-17 10:03:00,0.0113,1
202602,508899,16839,United Kingdom,60,4.95,297.0,2010-05-19 08:39:00,0.011249,1
194411,507918,15061,United Kingdom,160,1.69,270.4,2010-05-12 09:24:00,0.011236,1
139796,502771,13694,United Kingdom,240,0.38,91.2,2010-03-26 14:29:00,0.011221,1
66595,495340,14031,United Kingdom,100,1.45,145.0,2010-01-22 17:31:00,0.011173,1
95638,498431,14031,United Kingdom,160,1.45,232.0,2010-02-18 17:29:00,0.011163,1
10365,490160,13777,United Kingdom,96,2.55,244.8,2009-12-04 10:52:00,0.011128,1
96468,498446,13093,United Kingdom,96,2.55,244.8,2010-02-19 10:16:00,0.011128,1
266905,515192,18225,United Kingdom,96,2.55,244.8,2010-07-09 10:26:00,0.011128,1
353706,523768,14134,United Kingdom,96,2.55,244.8,2010-09-24 10:29:00,0.011128,1
393068,527145,12409,Switzerland,96,2.55,244.8,2010-10-15 10:24:00,0.011128,1
88145,497622,16525,United Kingdom,484,0.38,183.92,2010-02-11 12:24:00,0.011113,1
95389,498395,14646,Netherlands,300,0.72,216.0,2010-02-18 15:13:00,0.011113,1
147715,503431,14643,United Kingdom,4,34.95,139.8,2010-04-01 08:33:00,0.011098,1
468706,533557,16915,United Kingdom,4,34.95,139.8,2010-11-18 08:31:00,0.011098,1
47583,493819,14156,EIRE,224,2.1,470.4,2010-01-07 12:34:00,0.011095,1
47584,493819,14156,EIRE,224,2.1,470.4,2010-01-07 12:34:00,0.011095,1
177743,506250,16327,United Kingdom,576,0.21,120.96,2010-04-28 13:34:00,0.011074,1
106312,499523,13694,United Kingdom,192,1.25,240.0,2010-03-01 10:17:00,0.011071,1
372044,525286,15061,United Kingdom,128,1.65,211.2,2010-10-05 08:34:00,0.01106,1
160253,504686,15354,United Kingdom,1,94.8,94.8,2010-04-15 16:17:00,0.011059,1
160254,504687,15354,United Kingdom,1,94.8,94.8,2010-04-15 16:21:00,0.011059,1
160255,504688,15354,United Kingdom,1,94.8,94.8,2010-04-15 16:24:00,0.011059,1
354963,523921,14646,Netherlands,72,3.39,244.08,2010-09-24 16:19:00,0.011053,1
307639,519404,14646,Netherlands,200,0.72,144.0,2010-08-17 08:56:00,0.011041,1
367042,524969,14646,Netherlands,200,0.72,144.0,2010-10-01 14:38:00,0.011032,1
251677,513647,14646,Netherlands,96,2.55,244.8,2010-06-28 08:28:00,0.01096,1
477461,534222,14134,United Kingdom,96,2.55,244.8,2010-11-22 08:09:00,0.01096,1
276604,516269,17404,Sweden,576,0.21,120.96,2010-07-19 12:19:00,0.010938,1
503004,536374,15100,United Kingdom,32,10.95,350.4,2010-12-01 09:09:00,0.01093,1
39419,492724,14646,Netherlands,144,0.85,122.4,2009-12-18 10:59:00,0.010923,1
182533,506715,13113,United Kingdom,18,10.75,193.5,2010-05-02 15:48:00,0.01092,1
310451,519640,16684,United Kingdom,144,2.1,302.4,2010-08-19 10:11:00,0.010883,1
351672,523592,14060,United Kingdom,144,2.1,302.4,2010-09-23 10:09:00,0.010883,1
29846,491953,15061,United Kingdom,160,1.69,270.4,2009-12-14 15:57:00,0.010878,1
377708,525861,14961,United Kingdom,41,9.95,407.95,2010-10-07 13:19:00,0.01086,1
47513,493819,14156,EIRE,288,1.06,305.28,2010-01-07 12:34:00,0.010842,1
432894,530799,12497,Germany,288,1.06,305.28,2010-11-04 12:31:00,0.010842,1
255213,513990,16754,United Kingdom,126,1.69,212.94,2010-06-30 08:34:00,0.010831,1
275942,516189,12625,Germany,7,18.0,126.0,2010-07-18 15:56:00,0.010815,1
65290,495228,14646,Netherlands,120,0.42,50.4,2010-01-22 08:28:00,0.010796,1
202704,508909,13783,United Kingdom,500,0.21,105.0,2010-05-19 10:11:00,0.010782,1
317477,520342,13090,United Kingdom,48,8.5,408.0,2010-08-25 13:02:00,0.010762,1
420582,529608,15221,United Kingdom,8,21.95,175.6,2010-10-29 10:28:00,0.010712,1
308606,519514,14156,EIRE,72,5.45,392.4,2010-08-18 09:19:00,0.010698,1
33646,492221,15637,United Kingdom,288,0.36,103.68,2009-12-15 17:54:00,0.010694,1
412330,528769,15260,United Kingdom,144,1.45,208.8,2010-10-25 09:08:00,0.010635,1
299229,518545,18102,United Kingdom,120,1.33,159.6,2010-08-09 18:26:00,0.010624,1
299230,518545,18102,United Kingdom,120,1.33,159.6,2010-08-09 18:26:00,0.010624,1
127174,501534,13902,Denmark,420,0.45,189.0,2010-03-17 13:09:00,0.010621,1
88984,497809,17547,United Kingdom,4,34.95,139.8,2010-02-12 14:34:00,0.010615,1
488195,535104,16684,United Kingdom,256,1.65,422.4,2010-11-25 11:04:00,0.010607,1
133869,502097,15793,United Kingdom,192,0.72,138.24,2010-03-23 08:40:00,0.010605,1
428319,530325,15523,United Kingdom,100,4.65,465.0,2010-11-02 13:36:00,0.010602,1
297327,518354,13199,United Kingdom,192,0.72,138.24,2010-08-06 14:52:00,0.010596,1
367043,524969,14646,Netherlands,192,0.72,138.24,2010-10-01 14:38:00,0.010596,1
367044,524969,14646,Netherlands,192,0.72,138.24,2010-10-01 14:38:00,0.010596,1
328496,521430,17404,Sweden,240,1.25,300.0,2010-09-06 11:22:00,0.010588,1
166303,505146,13694,United Kingdom,120,3.39,406.8,2010-04-20 11:26:00,0.010536,1
401222,527870,16684,United Kingdom,120,3.45,414.0,2010-10-19 11:36:00,0.010536,1
49188,493980,13410,United Kingdom,120,2.55,306.0,2010-01-10 11:59:00,0.010497,1
45356,493434,13798,United Kingdom,288,1.05,302.4,2010-01-04 12:54:00,0.010492,1
106665,499619,17305,United Kingdom,288,1.06,305.28,2010-03-01 12:47:00,0.010492,1
239766,512563,13916,United Kingdom,1,125.0,125.0,2010-06-16 14:34:00,0.010469,1
367037,524969,14646,Netherlands,240,0.36,86.4,2010-10-01 14:38:00,0.010457,1
367038,524969,14646,Netherlands,240,0.36,86.4,2010-10-01 14:38:00,0.010457,1
310723,519674,14533,United Kingdom,720,0.16,115.2,2010-08-19 12:23:00,0.010426,1
383823,526267,12678,France,180,1.25,225.0,2010-10-11 10:56:00,0.010417,1
392682,527124,14088,United Kingdom,30,6.75,202.5,2010-10-14 19:46:00,0.010376,1
206993,509398,12809,Portugal,6,28.0,168.0,2010-05-23 11:08:00,0.010336,1
65293,495228,14646,Netherlands,96,1.06,101.76,2010-01-22 08:28:00,0.010327,1
196358,508194,14648,United Kingdom,432,0.36,155.52,2010-05-13 13:25:00,0.010312,1
391645,527057,16211,United Kingdom,240,1.25,300.0,2010-10-14 13:20:00,0.010298,1
170250,505525,14156,EIRE,32,8.5,272.0,2010-04-22 17:01:00,0.010292,1
301275,518737,18102,United Kingdom,108,5.55,599.4,2010-08-11 12:05:00,0.01027,1
82880,496994,13694,United Kingdom,96,2.75,264.0,2010-02-05 11:32:00,0.010259,1
180254,506454,16422,United Kingdom,120,0.42,50.4,2010-04-29 19:05:00,0.010258,1
281369,516775,15061,United Kingdom,120,0.42,50.4,2010-07-22 19:23:00,0.010258,1
326882,521318,16754,United Kingdom,150,1.65,247.5,2010-09-03 12:06:00,0.010257,1
95406,498395,14646,Netherlands,288,0.72,207.36,2010-02-18 15:13:00,0.01024,1
95440,498398,14646,Netherlands,288,0.72,207.36,2010-02-18 15:19:00,0.01024,1
187075,507178,14646,Netherlands,288,0.72,207.36,2010-05-06 15:17:00,0.01024,1
182447,506710,13465,United Kingdom,16,10.95,175.2,2010-05-02 15:30:00,0.010221,1
182530,506715,13113,United Kingdom,16,10.95,175.2,2010-05-02 15:48:00,0.010221,1
283401,516951,17677,United Kingdom,16,10.95,175.2,2010-07-25 15:38:00,0.010221,1
291309,517744,15640,United Kingdom,16,10.95,175.2,2010-08-01 15:55:00,0.010221,1
306476,519257,17340,United Kingdom,16,10.95,175.2,2010-08-15 15:44:00,0.010221,1
321941,520730,13093,United Kingdom,16,10.95,175.2,2010-08-29 15:54:00,0.010221,1
424346,529978,13760,United Kingdom,16,10.95,175.2,2010-10-31 15:18:00,0.010221,1
494678,535673,16133,United Kingdom,144,1.85,266.4,2010-11-28 12:07:00,0.010212,1
199282,508501,13798,United Kingdom,200,1.06,212.0,2010-05-16 15:39:00,0.010208,1
70977,495733,14911,EIRE,1,68.34,68.34,2010-01-26 16:21:00,0.010205,1
411168,528727,15640,United Kingdom,24,9.95,238.8,2010-10-24 13:21:00,0.010181,1
316082,520173,12931,United Kingdom,140,2.55,357.0,2010-08-24 13:20:00,0.010167,1
128218,501614,13694,United Kingdom,148,1.95,288.6,2010-03-18 10:58:00,0.010166,1
345215,522993,18064,United Kingdom,144,1.65,237.6,2010-09-19 15:36:00,0.010162,1
166070,505077,15061,United Kingdom,216,1.06,228.96,2010-04-20 09:32:00,0.010156,1
315674,520074,16713,United Kingdom,216,1.06,228.96,2010-08-24 09:28:00,0.010156,1
324792,521033,12898,United Kingdom,144,1.06,152.64,2010-09-02 08:08:00,0.010144,1
445595,531816,15027,United Kingdom,240,1.06,254.4,2010-11-09 16:53:00,0.010135,1
116136,500448,17857,United Kingdom,300,0.72,216.0,2010-03-08 12:09:00,0.01013,1
124098,501251,17949,United Kingdom,300,0.72,216.0,2010-03-15 12:44:00,0.01013,1
501560,536183,13802,United Kingdom,200,2.55,510.0,2010-11-30 12:28:00,0.01013,1
49406,493995,13694,United Kingdom,180,1.25,225.0,2010-01-10 13:50:00,0.010118,1
275625,516169,15218,United Kingdom,160,1.45,232.0,2010-07-18 13:31:00,0.010118,1
29851,491953,15061,United Kingdom,120,2.55,306.0,2009-12-14 15:57:00,0.01009,1
499148,536009,12415,Australia,120,2.55,306.0,2010-11-29 15:07:00,0.01009,1
249675,513565,16422,United Kingdom,1,72.45,72.45,2010-06-25 14:15:00,0.010078,1
172798,505740,13762,United Kingdom,144,1.45,208.8,2010-04-25 15:51:00,0.010075,1
209960,509636,16525,United Kingdom,432,0.36,155.52,2010-05-25 10:39:00,0.010042,1
65322,495228,14646,Netherlands,96,1.25,120.0,2010-01-22 08:28:00,0.010019,1
177415,506231,13694,United Kingdom,720,0.21,151.2,2010-04-28 12:28:00,0.009983,1
96516,498473,12931,United Kingdom,100,2.1,210.0,2010-02-19 10:44:00,0.009971,1
136032,502426,13199,United Kingdom,384,0.72,276.48,2010-03-24 12:33:00,0.00996,1
177412,506230,13694,United Kingdom,384,0.72,276.48,2010-04-28 12:27:00,0.00996,1
187125,507179,14646,Netherlands,128,2.55,326.4,2010-05-06 15:24:00,0.009958,1
303382,518967,14548,United Kingdom,128,2.55,326.4,2010-08-12 15:48:00,0.009958,1
397177,527416,13798,United Kingdom,144,1.69,243.36,2010-10-17 15:34:00,0.009944,1
47519,493819,14156,EIRE,160,2.55,408.0,2010-01-07 12:34:00,0.009868,1
488577,535227,15291,United Kingdom,160,2.55,408.0,2010-11-25 12:23:00,0.009868,1
46523,493703,18102,United Kingdom,120,4.0,480.0,2010-01-05 14:08:00,0.009844,1
46524,493703,18102,United Kingdom,120,4.0,480.0,2010-01-05 14:08:00,0.009844,1
135686,502393,12524,Germany,144,2.55,367.2,2010-03-24 11:49:00,0.009813,1
106673,499619,17305,United Kingdom,100,5.95,595.0,2010-03-01 12:47:00,0.009792,1
66120,495300,12510,Spain,8,28.0,224.0,2010-01-22 13:39:00,0.009786,1
429276,530391,16705,United Kingdom,144,1.65,237.6,2010-11-02 17:12:00,0.009775,1
379904,525970,13694,United Kingdom,128,1.06,135.68,2010-10-08 10:21:00,0.009774,1
222081,511013,16133,United Kingdom,144,0.64,92.16,2010-06-04 15:03:00,0.009731,1
188027,507235,14298,United Kingdom,240,0.11,26.4,2010-05-07 09:04:00,0.009711,1
378014,525877,15838,United Kingdom,200,1.85,370.0,2010-10-07 14:13:00,0.009658,1
378015,525877,15838,United Kingdom,200,1.85,370.0,2010-10-07 14:13:00,0.009658,1
419513,529507,16129,United Kingdom,1,165.0,165.0,2010-10-28 14:29:00,0.009637,1
474182,534048,13089,United Kingdom,96,1.45,139.2,2010-11-19 17:18:00,0.009601,1
9293,490127,14156,EIRE,1,50.0,50.0,2009-12-03 18:13:00,0.009591,1
407598,528386,14911,EIRE,1,50.0,50.0,2010-10-21 18:32:00,0.009591,1
486321,534847,14646,Netherlands,300,0.85,255.0,2010-11-24 13:34:00,0.009587,1
39416,492724,14646,Netherlands,200,0.38,76.0,2009-12-18 10:59:00,0.009586,1
47548,493819,14156,EIRE,192,2.1,403.2,2010-01-07 12:34:00,0.009569,1
47549,493819,14156,EIRE,192,2.1,403.2,2010-01-07 12:34:00,0.009569,1
357327,524096,13694,United Kingdom,768,0.12,92.16,2010-09-27 12:14:00,0.009519,1
128217,501614,13694,United Kingdom,144,1.95,280.8,2010-03-18 10:58:00,0.009513,1
450902,532287,15100,United Kingdom,32,10.95,350.4,2010-11-11 13:23:00,0.009508,1
25674,491625,13668,United Kingdom,60,4.95,297.0,2009-12-11 14:28:00,0.009503,1
195854,508104,16088,United Kingdom,40,9.95,398.0,2010-05-13 10:16:00,0.009494,1
194553,507975,15769,United Kingdom,200,1.65,330.0,2010-05-12 10:45:00,0.009462,1
194554,507975,15769,United Kingdom,200,1.65,330.0,2010-05-12 10:45:00,0.009462,1
194555,507975,15769,United Kingdom,200,1.65,330.0,2010-05-12 10:45:00,0.009462,1
194557,507975,15769,United Kingdom,200,1.65,330.0,2010-05-12 10:45:00,0.009462,1
194599,507996,17511,United Kingdom,200,1.65,330.0,2010-05-12 10:56:00,0.009462,1
246396,513212,16029,United Kingdom,200,1.65,330.0,2010-06-23 10:09:00,0.009462,1
392693,527124,14088,United Kingdom,28,7.65,214.2,2010-10-14 19:46:00,0.009454,1
243704,512955,12469,Thailand,96,3.75,360.0,2010-06-21 10:30:00,0.009427,1
139485,502758,14646,Netherlands,96,2.75,264.0,2010-03-26 13:45:00,0.009418,1
6451,489889,14646,Netherlands,216,1.06,228.96,2009-12-02 16:52:00,0.009417,1
151789,503831,12482,Sweden,216,1.06,228.96,2010-04-07 16:06:00,0.009417,1
151790,503831,12482,Sweden,216,1.06,228.96,2010-04-07 16:06:00,0.009417,1
151828,503834,12482,Sweden,216,1.06,228.96,2010-04-07 16:13:00,0.009417,1
151829,503834,12482,Sweden,216,1.06,228.96,2010-04-07 16:13:00,0.009417,1
505276,536579,13777,United Kingdom,216,1.06,228.96,2010-12-01 16:16:00,0.009417,1
347683,523200,14676,United Kingdom,300,0.36,108.0,2010-09-21 09:26:00,0.009405,1
370313,525113,13329,United Kingdom,24,12.75,306.0,2010-10-04 11:30:00,0.009392,1
187991,507235,14298,United Kingdom,144,0.36,51.84,2010-05-07 09:04:00,0.009372,1
360637,524317,14298,United Kingdom,288,1.06,305.28,2010-09-28 14:24:00,0.009352,1
354464,523872,15044,United Kingdom,1,84.15,84.15,2010-09-24 13:00:00,0.009313,1
463376,533120,14156,EIRE,72,6.95,500.4,2010-11-16 12:32:00,0.009294,1
193910,507843,15149,United Kingdom,2,110.0,220.0,2010-05-11 13:51:00,0.009224,1
482788,534657,14252,United Kingdom,2,110.0,220.0,2010-11-23 13:36:00,0.009224,1
95379,498395,14646,Netherlands,192,1.45,278.4,2010-02-18 15:13:00,0.009216,1
149053,503569,13074,United Kingdom,200,1.45,290.0,2010-04-01 15:40:00,0.009216,1
422393,529811,15569,United Kingdom,96,3.39,325.44,2010-10-31 11:06:00,0.009216,1
303116,518942,12748,United Kingdom,1,150.0,150.0,2010-08-12 14:48:00,0.009201,1
210081,509649,13027,United Kingdom,480,0.4,192.0,2010-05-25 11:50:00,0.009199,1
210082,509649,13027,United Kingdom,480,0.4,192.0,2010-05-25 11:50:00,0.009199,1
210084,509649,13027,United Kingdom,480,0.4,192.0,2010-05-25 11:50:00,0.009199,1
94594,498301,13767,United Kingdom,160,1.45,232.0,2010-02-18 09:20:00,0.009142,1
151961,503850,15640,United Kingdom,160,1.45,232.0,2010-04-08 09:43:00,0.009142,1
159443,504585,12540,Spain,160,1.45,232.0,2010-04-15 09:15:00,0.009142,1
390712,526930,17409,United Kingdom,160,1.45,232.0,2010-10-14 09:31:00,0.009142,1
390783,526935,13089,United Kingdom,160,1.45,232.0,2010-10-14 09:50:00,0.009142,1
326708,521244,15061,United Kingdom,128,1.65,211.2,2010-09-03 11:23:00,0.009121,1
326717,521250,15061,United Kingdom,128,1.65,211.2,2010-09-03 11:25:00,0.009121,1
100127,498827,13798,United Kingdom,50,8.49,424.5,2010-02-23 11:36:00,0.009099,1
427386,530223,13090,United Kingdom,48,8.5,408.0,2010-11-02 11:23:00,0.009099,1
39733,492740,14063,United Kingdom,24,10.95,262.8,2009-12-18 12:27:00,0.009071,1
509328,536938,14680,United Kingdom,24,10.95,262.8,2010-12-03 12:05:00,0.009071,1
43643,493181,18251,United Kingdom,480,0.42,201.6,2009-12-22 12:01:00,0.009068,1
43644,493181,18251,United Kingdom,480,0.42,201.6,2009-12-22 12:01:00,0.009068,1
43656,493181,18251,United Kingdom,480,0.42,201.6,2009-12-22 12:01:00,0.009068,1
237296,512397,15039,United Kingdom,480,0.42,201.6,2010-06-15 12:22:00,0.009068,1
375148,525585,13027,United Kingdom,480,0.4,192.0,2010-10-06 11:43:00,0.009065,1
375149,525585,13027,United Kingdom,480,0.4,192.0,2010-10-06 11:43:00,0.009065,1
354983,523921,14646,Netherlands,96,2.1,201.6,2010-09-24 16:19:00,0.009023,1
166194,505089,17307,United Kingdom,432,0.25,108.0,2010-04-20 10:35:00,0.009012,1
463373,533120,14156,EIRE,80,6.75,540.0,2010-11-16 12:32:00,0.009001,1
365838,524862,12417,Spain,1,28.0,28.0,2010-10-01 08:39:00,0.008967,1
490158,535321,12385,Belgium,18,15.0,270.0,2010-11-25 15:14:00,0.008929,1
364488,524712,16013,United Kingdom,144,2.75,396.0,2010-09-30 12:47:00,0.008906,1
467688,533484,14299,United Kingdom,32,10.95,350.4,2010-11-17 13:09:00,0.008866,1
32259,491996,14063,United Kingdom,200,1.45,290.0,2009-12-15 10:50:00,0.00886,1
69953,495591,14646,Netherlands,200,1.45,290.0,2010-01-26 10:25:00,0.00886,1
315763,520082,17511,United Kingdom,200,1.45,290.0,2010-08-24 10:41:00,0.00886,1
278887,516536,16422,United Kingdom,720,0.16,115.2,2010-07-21 11:36:00,0.008859,1
315584,520066,15043,United Kingdom,20,10.95,219.0,2010-08-23 16:19:00,0.008859,1
11972,490355,13093,United Kingdom,107,1.65,176.55,2009-12-04 16:39:00,0.008854,1
90237,497913,16713,United Kingdom,160,1.45,232.0,2010-02-14 14:38:00,0.008843,1
24561,491426,15494,United Kingdom,72,2.1,151.2,2009-12-10 20:16:00,0.008826,1
160682,504715,17404,Sweden,192,0.42,80.64,2010-04-16 10:27:00,0.008825,1
160683,504715,17404,Sweden,192,0.42,80.64,2010-04-16 10:27:00,0.008825,1
358612,524155,14911,EIRE,72,3.75,270.0,2010-09-27 16:00:00,0.008811,1
358613,524155,14911,EIRE,72,3.75,270.0,2010-09-27 16:00:00,0.008811,1
358614,524155,14911,EIRE,72,3.75,270.0,2010-09-27 16:00:00,0.008811,1
203843,509033,15879,United Kingdom,1,59.95,59.95,2010-05-19 17:49:00,0.008764,1
176859,506173,12939,United Kingdom,150,1.95,292.5,2010-04-28 10:18:00,0.008759,1
176860,506173,12939,United Kingdom,150,1.95,292.5,2010-04-28 10:18:00,0.008759,1
258930,514369,12477,Germany,60,2.95,177.0,2010-07-02 08:26:00,0.008743,1
153568,503959,13694,United Kingdom,144,1.95,280.8,2010-04-08 16:49:00,0.008741,1
116065,500389,16029,United Kingdom,200,1.65,330.0,2010-03-08 11:26:00,0.008728,1
188032,507235,14298,United Kingdom,216,0.16,34.56,2010-05-07 09:04:00,0.008711,1
226982,511305,17512,United Kingdom,288,0.55,158.4,2010-06-07 15:51:00,0.008671,1
39434,492724,14646,Netherlands,120,1.65,198.0,2009-12-18 10:59:00,0.00867,1
39435,492724,14646,Netherlands,120,1.65,198.0,2009-12-18 10:59:00,0.00867,1
48277,493884,14045,United Kingdom,120,1.65,198.0,2010-01-08 10:08:00,0.00867,1
48278,493884,14045,United Kingdom,120,1.65,198.0,2010-01-08 10:08:00,0.00867,1
253109,513776,16754,United Kingdom,192,1.45,278.4,2010-06-28 14:01:00,0.008641,1
346779,523135,13316,United Kingdom,200,1.45,290.0,2010-09-20 14:08:00,0.008641,1
390354,526913,17409,United Kingdom,176,1.45,255.2,2010-10-13 16:09:00,0.008632,1
464420,533262,14306,United Kingdom,144,2.1,302.4,2010-11-16 15:13:00,0.008625,1
324963,521112,14646,Netherlands,288,0.64,184.32,2010-09-02 10:47:00,0.008601,1
82878,496994,13694,United Kingdom,192,0.85,163.2,2010-02-05 11:32:00,0.008592,1
170647,505566,15218,United Kingdom,192,0.85,163.2,2010-04-23 11:00:00,0.008592,1
355992,523986,14195,United Kingdom,180,1.25,225.0,2010-09-26 14:06:00,0.008547,1
355988,523984,15093,United Kingdom,24,9.95,238.8,2010-09-26 14:04:00,0.008538,1
138956,502734,13082,United Kingdom,200,0.72,144.0,2010-03-26 11:59:00,0.008528,1
349852,523367,18092,United Kingdom,144,0.65,93.6,2010-09-21 18:16:00,0.008524,1
181083,506573,15984,United Kingdom,132,1.45,191.4,2010-04-30 13:18:00,0.008514,1
124102,501261,17949,United Kingdom,450,0.34,153.0,2010-03-15 12:47:00,0.008504,1
224841,511109,16684,United Kingdom,120,1.95,234.0,2010-06-07 09:55:00,0.008502,1
197382,508333,13694,United Kingdom,240,0.38,91.2,2010-05-14 12:00:00,0.008462,1
155958,504166,16029,United Kingdom,100,1.65,165.0,2010-04-12 07:14:00,0.008449,1
471758,533821,12562,France,6,18.0,108.0,2010-11-19 09:35:00,0.008444,1
19542,490998,16253,United Kingdom,1,50.0,50.0,2009-12-08 17:24:00,0.008336,1
71059,495776,17940,United Kingdom,1,49.35,49.35,2010-01-26 17:03:00,0.008336,1
71066,495783,14380,United Kingdom,1,48.96,48.96,2010-01-26 17:11:00,0.008336,1
323862,520948,14646,Netherlands,256,1.65,422.4,2010-09-01 11:05:00,0.008336,1
323869,520948,14646,Netherlands,256,1.65,422.4,2010-09-01 11:05:00,0.008336,1
65330,495229,14646,Netherlands,48,3.75,180.0,2010-01-22 08:30:00,0.008332,1
215035,510218,13824,United Kingdom,50,3.75,187.5,2010-05-28 08:29:00,0.008332,1
464566,533288,13564,United Kingdom,1,79.95,79.95,2010-11-16 15:34:00,0.008327,1
39460,492724,14646,Netherlands,144,0.72,103.68,2009-12-18 10:59:00,0.008309,1
281588,516788,16843,United Kingdom,144,0.72,103.68,2010-07-23 10:00:00,0.008309,1
136409,502456,14911,EIRE,1,91.8,91.8,2010-03-24 14:19:00,0.008291,1
212634,509979,12843,United Kingdom,1,101.99,101.99,2010-05-26 14:07:00,0.008291,1
3313,489676,13777,United Kingdom,240,0.85,204.0,2009-12-02 09:49:00,0.008267,1
510898,537065,12567,France,9,18.0,162.0,2010-12-05 11:57:00,0.008247,1
387991,526715,12629,Sweden,3,40.0,120.0,2010-10-12 16:40:00,0.00824,1
234917,512113,16709,United Kingdom,1,79.95,79.95,2010-06-13 14:47:00,0.008206,1
281354,516775,15061,United Kingdom,30,6.35,190.5,2010-07-22 19:23:00,0.008199,1
161322,504846,15061,United Kingdom,108,1.06,114.48,2010-04-16 16:21:00,0.008196,1
354975,523921,14646,Netherlands,108,1.06,114.48,2010-09-24 16:19:00,0.008196,1
423096,529836,14739,United Kingdom,288,0.64,184.32,2010-10-31 12:34:00,0.008111,1
19637,491011,16210,United Kingdom,144,1.06,152.64,2009-12-08 18:18:00,0.008106,1
429495,530413,13089,United Kingdom,144,1.06,152.64,2010-11-02 18:45:00,0.008106,1
308328,519486,16276,United Kingdom,192,1.69,324.48,2010-08-17 13:40:00,0.00806,1
123935,501175,13946,United Kingdom,400,0.32,128.0,2010-03-15 11:00:00,0.008049,1
354530,523887,12429,Denmark,120,2.1,252.0,2010-09-24 14:12:00,0.008036,1
503669,536437,13694,United Kingdom,600,0.24,144.0,2010-12-01 12:12:00,0.008024,1
22048,491125,15311,United Kingdom,120,2.55,306.0,2009-12-09 15:28:00,0.007985,1
251636,513647,14646,Netherlands,96,2.1,201.6,2010-06-28 08:28:00,0.007985,1
487567,534934,12913,United Kingdom,120,2.55,306.0,2010-11-24 15:23:00,0.007985,1
49404,493995,13694,United Kingdom,240,0.85,204.0,2010-01-10 13:50:00,0.007967,1
227656,511435,18102,United Kingdom,324,0.8,259.2,2010-06-08 11:51:00,0.007964,1
153572,503959,13694,United Kingdom,288,0.38,109.44,2010-04-08 16:49:00,0.007961,1
181874,506687,12931,United Kingdom,200,1.25,250.0,2010-05-02 11:51:00,0.00795,1
401226,527870,16684,United Kingdom,500,0.34,170.0,2010-10-19 11:36:00,0.007927,1
101690,499039,14646,Netherlands,300,0.72,216.0,2010-02-24 13:16:00,0.007866,1
253848,513857,13089,United Kingdom,32,10.95,350.4,2010-06-29 11:29:00,0.007825,1
430838,530560,15158,United Kingdom,1,165.0,165.0,2010-11-03 13:46:00,0.007811,1
451095,532296,13694,United Kingdom,200,1.65,330.0,2010-11-11 13:48:00,0.007807,1
51641,494118,12875,United Kingdom,576,0.17,97.92,2010-01-11 12:37:00,0.007805,1
356908,524026,13798,United Kingdom,200,1.06,212.0,2010-09-27 10:56:00,0.007802,1
199762,508529,18102,United Kingdom,150,1.98,297.0,2010-05-17 11:12:00,0.007799,1
39415,492724,14646,Netherlands,192,0.38,72.96,2009-12-18 10:59:00,0.007775,1
39423,492724,14646,Netherlands,192,0.38,72.96,2009-12-18 10:59:00,0.007775,1
59083,494678,16684,United Kingdom,24,9.95,238.8,2010-01-18 09:12:00,0.007744,1
224850,511109,16684,United Kingdom,24,9.95,238.8,2010-06-07 09:55:00,0.007744,1
188033,507235,14298,United Kingdom,200,0.16,32.0,2010-05-07 09:04:00,0.007742,1
935,489539,15061,United Kingdom,160,2.55,408.0,2009-12-01 12:18:00,0.007737,1
936,489539,15061,United Kingdom,160,2.55,408.0,2009-12-01 12:18:00,0.007737,1
366206,524931,17389,United Kingdom,20,12.75,255.0,2010-10-01 11:43:00,0.007722,1
462539,533074,14298,United Kingdom,16,10.95,175.2,2010-11-16 07:52:00,0.00771,1
117344,500539,16568,United Kingdom,6,39.95,239.7,2010-03-08 14:51:00,0.007698,1
308571,519514,14156,EIRE,216,1.06,228.96,2010-08-18 09:19:00,0.007687,1
308575,519514,14156,EIRE,216,1.06,228.96,2010-08-18 09:19:00,0.007687,1
308581,519514,14156,EIRE,216,1.06,228.96,2010-08-18 09:19:00,0.007687,1
308582,519514,14156,EIRE,216,1.06,228.96,2010-08-18 09:19:00,0.007687,1
308584,519514,14156,EIRE,216,1.06,228.96,2010-08-18 09:19:00,0.007687,1
308604,519514,14156,EIRE,216,1.06,228.96,2010-08-18 09:19:00,0.007687,1
395259,527360,16767,United Kingdom,144,1.25,180.0,2010-10-17 10:46:00,0.007675,1
144938,503184,18102,United Kingdom,360,0.6,216.0,2010-03-30 14:28:00,0.007672,1
434941,530932,18087,United Kingdom,150,1.45,217.5,2010-11-04 17:10:00,0.007661,1
251666,513647,14646,Netherlands,120,1.45,174.0,2010-06-28 08:28:00,0.00766,1
388858,526761,14646,Netherlands,400,0.34,136.0,2010-10-13 10:53:00,0.007658,1
388859,526761,14646,Netherlands,400,0.34,136.0,2010-10-13 10:53:00,0.007658,1
388860,526761,14646,Netherlands,400,0.34,136.0,2010-10-13 10:53:00,0.007658,1
273185,515917,17897,United Kingdom,31,10.95,339.45,2010-07-15 13:33:00,0.007652,1
199283,508501,13798,United Kingdom,216,0.53,114.48,2010-05-16 15:39:00,0.007598,1
23690,491212,14062,United Kingdom,1002,0.1,100.2,2009-12-10 14:28:00,0.007591,1
274726,516131,12709,Germany,24,9.95,238.8,2010-07-16 15:26:00,0.007587,1
411519,528738,16422,United Kingdom,32,7.95,254.4,2010-10-24 14:07:00,0.007587,1
281505,516781,18102,United Kingdom,18,8.0,144.0,2010-07-23 08:24:00,0.007572,1
41370,492793,15841,United Kingdom,192,0.38,72.96,2009-12-20 10:13:00,0.007571,1
52786,494216,16422,United Kingdom,720,0.21,151.2,2010-01-12 11:57:00,0.007566,1
15137,490672,16684,United Kingdom,288,0.72,207.36,2009-12-07 12:58:00,0.007532,1
51642,494118,12875,United Kingdom,288,0.72,207.36,2010-01-11 12:37:00,0.007532,1
399016,527502,17381,United Kingdom,288,0.72,207.36,2010-10-18 12:22:00,0.007532,1
429282,530391,16705,United Kingdom,144,1.45,208.8,2010-11-02 17:12:00,0.007514,1
18551,490956,15413,United Kingdom,96,3.81,365.76,2009-12-08 15:10:00,0.007495,1
18552,490956,15413,United Kingdom,96,3.81,365.76,2009-12-08 15:10:00,0.007495,1
100831,498910,14091,United Kingdom,96,3.81,365.76,2010-02-23 15:17:00,0.007495,1
354947,523921,14646,Netherlands,36,6.35,228.6,2010-09-24 16:19:00,0.007425,1
262897,514731,15061,United Kingdom,96,3.75,360.0,2010-07-06 09:53:00,0.007422,1
184323,506954,17819,United Kingdom,29,12.75,369.75,2010-05-05 11:43:00,0.007419,1
401245,527870,16684,United Kingdom,192,1.85,355.2,2010-10-19 11:36:00,0.007415,1
517261,537509,13756,United Kingdom,192,1.85,355.2,2010-12-07 11:41:00,0.007415,1
416119,529146,17404,Sweden,288,0.72,207.36,2010-10-26 15:48:00,0.007414,1
22190,491148,15061,United Kingdom,72,3.39,244.08,2009-12-10 07:43:00,0.007413,1
224748,511105,13815,Germany,7,18.0,126.0,2010-06-07 09:37:00,0.007408,1
283896,516962,12476,Germany,7,18.0,126.0,2010-07-26 09:04:00,0.007408,1
318328,520404,14258,United Kingdom,60,4.95,297.0,2010-08-25 17:06:00,0.007392,1
318329,520404,14258,United Kingdom,60,4.95,297.0,2010-08-25 17:06:00,0.007392,1
358622,524155,14911,EIRE,240,0.42,100.8,2010-09-27 16:00:00,0.007368,1
326408,521207,13856,United Kingdom,144,0.65,93.6,2010-09-02 18:24:00,0.007364,1
365569,524841,12457,Switzerland,3,40.0,120.0,2010-09-30 17:59:00,0.007362,1
498501,535989,14646,Netherlands,144,1.85,266.4,2010-11-29 13:25:00,0.007332,1
367816,525011,14156,EIRE,200,0.34,68.0,2010-10-03 10:52:00,0.007328,1
367817,525011,14156,EIRE,200,0.34,68.0,2010-10-03 10:52:00,0.007328,1
367818,525011,14156,EIRE,200,0.34,68.0,2010-10-03 10:52:00,0.007328,1
367819,525011,14156,EIRE,200,0.34,68.0,2010-10-03 10:52:00,0.007328,1
291729,517817,18087,United Kingdom,84,6.35,533.4,2010-08-02 12:12:00,0.007313,1
459271,532853,12939,United Kingdom,96,3.39,325.44,2010-11-15 10:51:00,0.00728,1
277027,516309,14426,United Kingdom,4,49.95,199.8,2010-07-19 14:09:00,0.007262,1
47147,493796,16029,United Kingdom,144,2.55,367.2,2010-01-07 11:03:00,0.007261,1
157784,504436,14156,EIRE,72,5.45,392.4,2010-04-13 13:33:00,0.007261,1
157785,504436,14156,EIRE,72,5.45,392.4,2010-04-13 13:33:00,0.007261,1
488204,535104,16684,United Kingdom,144,2.55,367.2,2010-11-25 11:04:00,0.007261,1
488205,535104,16684,United Kingdom,144,2.55,367.2,2010-11-25 11:04:00,0.007261,1
172964,505747,16684,United Kingdom,72,2.55,183.6,2010-04-26 07:20:00,0.00726,1
172965,505747,16684,United Kingdom,72,2.55,183.6,2010-04-26 07:20:00,0.00726,1
300821,518673,14646,Netherlands,288,0.64,184.32,2010-08-10 16:10:00,0.007248,1
358767,524174,13687,United Kingdom,300,0.17,51.0,2010-09-27 16:30:00,0.007233,1
358770,524174,13687,United Kingdom,300,0.17,51.0,2010-09-27 16:30:00,0.007233,1
358771,524174,13687,United Kingdom,300,0.17,51.0,2010-09-27 16:30:00,0.007233,1
358772,524174,13687,United Kingdom,300,0.17,51.0,2010-09-27 16:30:00,0.007233,1
48403,493927,14063,United Kingdom,100,2.55,255.0,2010-01-08 11:50:00,0.007221,1
154199,504001,16013,United Kingdom,100,2.55,255.0,2010-04-09 11:39:00,0.007221,1
188155,507249,16013,United Kingdom,100,2.55,255.0,2010-05-07 11:25:00,0.007221,1
201275,508743,14147,United Kingdom,144,2.55,367.2,2010-05-18 11:32:00,0.007215,1
401123,527796,12454,Spain,144,2.55,367.2,2010-10-19 11:14:00,0.007215,1
481655,534505,17870,United Kingdom,144,2.55,367.2,2010-11-23 11:39:00,0.007215,1
501745,536193,13090,United Kingdom,48,8.5,408.0,2010-11-30 12:48:00,0.007214,1
45448,493437,13694,United Kingdom,96,3.95,379.2,2010-01-04 13:10:00,0.007178,1
45449,493437,13694,United Kingdom,96,3.95,379.2,2010-01-04 13:10:00,0.007178,1
394204,527274,16656,United Kingdom,144,1.06,152.64,2010-10-15 13:13:00,0.007163,1
263703,514857,15879,United Kingdom,4,26.95,107.8,2010-07-06 17:30:00,0.007128,1
312286,519808,16422,United Kingdom,192,1.0,192.0,2010-08-20 12:50:00,0.007118,1
148535,503542,14646,Netherlands,200,1.65,330.0,2010-04-01 14:19:00,0.007116,1
364786,524729,13694,United Kingdom,200,1.65,330.0,2010-09-30 14:25:00,0.007116,1
364787,524729,13694,United Kingdom,200,1.65,330.0,2010-09-30 14:25:00,0.007116,1
235692,512244,17809,United Kingdom,80,6.35,508.0,2010-06-14 12:39:00,0.007096,1
381665,526153,14911,EIRE,1,50.0,50.0,2010-10-08 15:30:00,0.007091,1
437032,531189,13996,United Kingdom,1,50.0,50.0,2010-11-05 15:07:00,0.007091,1
224842,511109,16684,United Kingdom,200,0.34,68.0,2010-06-07 09:55:00,0.007062,1
355097,523929,14646,Netherlands,96,1.85,177.6,2010-09-24 16:50:00,0.007044,1
355098,523929,14646,Netherlands,96,1.85,177.6,2010-09-24 16:50:00,0.007044,1
236810,512306,15093,United Kingdom,288,0.18,51.84,2010-06-14 16:25:00,0.007016,1
137096,502535,13694,United Kingdom,432,0.25,108.0,2010-03-25 11:32:00,0.007005,1
318772,520428,18093,United Kingdom,432,0.25,108.0,2010-08-26 11:13:00,0.007005,1
488227,535104,16684,United Kingdom,432,0.25,108.0,2010-11-25 11:04:00,0.007005,1
488228,535104,16684,United Kingdom,432,0.25,108.0,2010-11-25 11:04:00,0.007005,1
71742,495906,13694,United Kingdom,480,0.38,182.4,2010-01-27 12:39:00,0.006992,1
156995,504351,13777,United Kingdom,72,4.65,334.8,2010-04-13 09:55:00,0.006989,1
231967,511853,14298,United Kingdom,100,0.07,7.0,2010-06-11 08:08:00,0.006977,1
175017,505981,18102,United Kingdom,160,1.4,224.0,2010-04-27 09:30:00,0.006976,1
175027,505981,18102,United Kingdom,160,1.4,224.0,2010-04-27 09:30:00,0.006976,1
312376,519816,15322,United Kingdom,1,79.95,79.95,2010-08-20 13:10:00,0.006923,1
523544,538068,17978,United Kingdom,432,0.36,155.52,2010-12-09 14:05:00,0.006916,1
468299,533529,15652,United Kingdom,1,79.95,79.95,2010-11-17 15:14:00,0.006909,1
53760,494357,12647,Germany,13,18.0,234.0,2010-01-13 15:06:00,0.006883,1
339710,522513,14156,EIRE,192,1.85,355.2,2010-09-15 11:35:00,0.006868,1
272357,515825,13694,United Kingdom,32,10.95,350.4,2010-07-15 10:17:00,0.006849,1
310441,519640,16684,United Kingdom,32,10.95,350.4,2010-08-19 10:11:00,0.006849,1
324973,521112,14646,Netherlands,32,10.95,350.4,2010-09-02 10:47:00,0.006849,1
358743,524174,13687,United Kingdom,432,0.08,34.56,2010-09-27 16:30:00,0.006834,1
95376,498395,14646,Netherlands,60,6.35,381.0,2010-02-18 15:13:00,0.006823,1
458699,532822,18102,United Kingdom,120,1.47,176.4,2010-11-15 08:34:00,0.006804,1
262878,514729,15061,United Kingdom,288,0.55,158.4,2010-07-06 09:52:00,0.006801,1
154968,504130,13520,Switzerland,3,40.0,120.0,2010-04-11 11:14:00,0.0068,1
273808,515958,13230,United Kingdom,3,19.95,59.85,2010-07-15 20:16:00,0.006797,1
126983,501525,16553,United Kingdom,384,0.55,211.2,2010-03-17 12:19:00,0.006789,1
204086,509061,16422,United Kingdom,100,4.65,465.0,2010-05-20 11:31:00,0.006786,1
499167,536009,12415,Australia,16,14.95,239.2,2010-11-29 15:07:00,0.006779,1
332488,521897,14064,United Kingdom,432,0.36,155.52,2010-09-09 12:22:00,0.006749,1
43647,493181,18251,United Kingdom,576,0.32,184.32,2009-12-22 12:01:00,0.006736,1
394294,527279,17822,United Kingdom,50,5.49,274.5,2010-10-15 13:33:00,0.006731,1
68238,495404,14439,Greece,18,10.95,197.1,2010-01-25 09:48:00,0.006701,1
90711,497931,14258,United Kingdom,18,10.95,197.1,2010-02-15 09:48:00,0.006701,1
363649,524602,12857,United Kingdom,24,12.75,306.0,2010-09-29 16:49:00,0.006688,1
363650,524602,12857,United Kingdom,24,12.75,306.0,2010-09-29 16:49:00,0.006688,1
131331,501866,13668,United Kingdom,16,10.95,175.2,2010-03-21 11:51:00,0.006681,1
189423,507379,14916,United Kingdom,16,10.95,175.2,2010-05-09 11:39:00,0.006681,1
189426,507379,14916,United Kingdom,16,10.95,175.2,2010-05-09 11:39:00,0.006681,1
250722,513607,13802,United Kingdom,16,10.95,175.2,2010-06-27 11:59:00,0.006681,1
275220,516156,14205,United Kingdom,16,10.95,175.2,2010-07-18 11:48:00,0.006681,1
290452,517710,15039,United Kingdom,16,10.95,175.2,2010-08-01 11:15:00,0.006681,1
382194,526180,16839,United Kingdom,16,10.95,175.2,2010-10-10 11:42:00,0.006681,1
510683,537052,16839,United Kingdom,16,10.95,175.2,2010-12-05 11:15:00,0.006681,1
243705,512955,12469,Thailand,108,2.55,275.4,2010-06-21 10:30:00,0.006663,1
39444,492724,14646,Netherlands,24,9.95,238.8,2009-12-18 10:59:00,0.006647,1
71045,495760,14156,EIRE,1,64.13,64.13,2010-01-26 16:31:00,0.006637,1
219086,510665,15838,United Kingdom,200,1.65,330.0,2010-06-02 14:56:00,0.006637,1
49367,493991,14685,United Kingdom,24,9.95,238.8,2010-01-10 12:44:00,0.006635,1
297735,518392,14299,United Kingdom,24,9.95,238.8,2010-08-08 12:28:00,0.006635,1
160686,504715,17404,Sweden,48,4.95,237.6,2010-04-16 10:27:00,0.006614,1
250465,513593,15569,United Kingdom,100,2.55,255.0,2010-06-27 10:54:00,0.006595,1
65085,495194,13902,Denmark,408,0.3,122.4,2010-01-21 15:11:00,0.006578,1
9531,490142,14258,United Kingdom,24,5.95,142.8,2009-12-04 08:36:00,0.006572,1
310452,519640,16684,United Kingdom,120,2.55,306.0,2010-08-19 10:11:00,0.006572,1
411326,528733,15640,United Kingdom,108,2.55,275.4,2010-10-24 13:54:00,0.006567,1
430514,530514,14646,Netherlands,144,2.55,367.2,2010-11-03 12:23:00,0.006566,1
120089,500873,17029,United Kingdom,200,1.65,330.0,2010-03-10 13:34:00,0.006565,1
230043,511636,16029,United Kingdom,200,1.65,330.0,2010-06-09 13:02:00,0.006565,1
372003,525278,13798,United Kingdom,144,1.06,152.64,2010-10-04 17:11:00,0.006534,1
268734,515354,15369,United Kingdom,144,1.69,243.36,2010-07-12 10:57:00,0.006479,1
284078,516973,15093,United Kingdom,144,1.69,243.36,2010-07-26 10:35:00,0.006479,1
103916,499306,17011,United Kingdom,108,1.25,135.0,2010-02-26 09:47:00,0.006469,1
390834,526938,17409,United Kingdom,176,1.45,255.2,2010-10-14 10:10:00,0.006442,1
348628,523315,15032,United Kingdom,200,1.65,330.0,2010-09-21 13:26:00,0.006438,1
348631,523315,15032,United Kingdom,200,1.65,330.0,2010-09-21 13:26:00,0.006438,1
348634,523315,15032,United Kingdom,200,1.65,330.0,2010-09-21 13:26:00,0.006438,1
106313,499523,13694,United Kingdom,160,1.45,232.0,2010-03-01 10:17:00,0.00643,1
276048,516194,13881,United Kingdom,160,1.45,232.0,2010-07-19 10:04:00,0.00643,1
399021,527502,17381,United Kingdom,192,1.65,316.8,2010-10-18 12:22:00,0.006429,1
70986,495742,12404,Finland,1,63.24,63.24,2010-01-26 16:25:00,0.00642,1
298924,518505,14277,France,372,0.25,93.0,2010-08-09 13:10:00,0.006412,1
90238,497913,16713,United Kingdom,216,1.06,228.96,2010-02-14 14:38:00,0.006396,1
508001,536839,15093,United Kingdom,144,1.06,152.64,2010-12-02 18:25:00,0.006394,1
323895,520948,14646,Netherlands,288,1.06,305.28,2010-09-01 11:05:00,0.00638,1
409826,528616,15485,United Kingdom,96,0.85,81.6,2010-10-22 17:01:00,0.006348,1
503354,536405,14045,United Kingdom,128,2.55,326.4,2010-12-01 11:32:00,0.006337,1
151341,503810,12643,France,100,4.19,419.0,2010-04-07 14:16:00,0.006311,1
151344,503810,12643,France,100,4.19,419.0,2010-04-07 14:16:00,0.006311,1
466339,533352,14646,Netherlands,80,4.95,396.0,2010-11-17 10:01:00,0.006269,1
392696,527124,14088,United Kingdom,24,8.5,204.0,2010-10-14 19:46:00,0.006243,1
95913,498437,17941,United Kingdom,80,2.55,204.0,2010-02-18 19:11:00,0.006233,1
95914,498437,17941,United Kingdom,80,2.55,204.0,2010-02-18 19:11:00,0.006233,1
430542,530515,14646,Netherlands,288,1.06,305.28,2010-11-03 12:24:00,0.006229,1
340846,522628,15291,United Kingdom,288,0.21,60.48,2010-09-15 17:06:00,0.006207,1
48107,493874,13468,United Kingdom,1,45.95,45.95,2010-01-07 18:35:00,0.006197,1
497461,535912,16191,United Kingdom,144,1.85,266.4,2010-11-29 11:26:00,0.006152,1
497462,535912,16191,United Kingdom,144,1.85,266.4,2010-11-29 11:26:00,0.006152,1
497491,535937,16191,United Kingdom,144,1.85,266.4,2010-11-29 11:45:00,0.006152,1
497492,535937,16191,United Kingdom,144,1.85,266.4,2010-11-29 11:45:00,0.006152,1
316252,520183,16422,United Kingdom,720,0.16,115.2,2010-08-24 14:01:00,0.006129,1
246642,513272,16422,United Kingdom,720,0.16,115.2,2010-06-23 12:39:00,0.006099,1
53201,494243,18102,United Kingdom,288,0.7,201.6,2010-01-12 15:57:00,0.006072,1
35285,492347,13694,United Kingdom,334,0.65,217.1,2009-12-16 12:39:00,0.00607,1
104878,499451,17848,United Kingdom,12,12.75,153.0,2010-02-26 17:37:00,0.00606,1
373401,525438,13777,United Kingdom,128,2.55,326.4,2010-10-05 13:29:00,0.006038,1
482344,534637,14987,United Kingdom,128,2.55,326.4,2010-11-23 13:01:00,0.006038,1
308590,519514,14156,EIRE,288,0.32,92.16,2010-08-18 09:19:00,0.006032,1
9534,490142,14258,United Kingdom,6,14.95,89.7,2009-12-04 08:36:00,0.006031,1
26133,491643,15856,United Kingdom,108,1.25,135.0,2009-12-11 16:46:00,0.006031,1
180464,506465,15291,United Kingdom,6,14.95,89.7,2010-04-30 08:47:00,0.006031,1
378770,525906,14031,United Kingdom,24,12.75,306.0,2010-10-07 16:08:00,0.006023,1
298957,518505,14277,France,1104,0.06,66.24,2010-08-09 13:10:00,0.005971,1
209890,509627,12360,Austria,3,40.0,120.0,2010-05-25 09:55:00,0.005955,1
148725,503547,14049,United Kingdom,1,125.0,125.0,2010-04-01 14:52:00,0.005954,1
419610,529513,14134,United Kingdom,1,125.0,125.0,2010-10-28 14:51:00,0.005954,1
95794,498434,13952,United Kingdom,144,0.72,103.68,2010-02-18 18:20:00,0.00594,1
230975,511708,17388,United Kingdom,216,1.06,228.96,2010-06-10 10:10:00,0.005929,1
406711,528338,15257,United Kingdom,2,145.0,290.0,2010-10-21 14:03:00,0.005912,1
64060,495072,14215,United Kingdom,2,39.95,79.9,2010-01-21 08:22:00,0.005905,1
273321,515932,18102,United Kingdom,288,0.8,230.4,2010-07-15 14:47:00,0.005867,1
193076,507707,17428,United Kingdom,720,0.16,115.2,2010-05-11 11:17:00,0.005864,1
243213,512938,14145,United Kingdom,60,4.95,297.0,2010-06-20 13:28:00,0.005859,1
123545,501158,17809,United Kingdom,30,6.35,190.5,2010-03-15 08:48:00,0.005848,1
47146,493796,16029,United Kingdom,240,1.25,300.0,2010-01-07 11:03:00,0.005846,1
466369,533355,14646,Netherlands,360,0.36,129.6,2010-11-17 10:03:00,0.00583,1
205551,509204,14258,United Kingdom,60,3.75,225.0,2010-05-21 09:27:00,0.005822,1
306168,519242,16553,United Kingdom,288,0.36,103.68,2010-08-15 14:12:00,0.005799,1
308729,519533,15268,United Kingdom,144,1.85,266.4,2010-08-18 10:32:00,0.005765,1
485039,534763,17511,United Kingdom,144,1.85,266.4,2010-11-24 10:21:00,0.005765,1
298928,518505,14277,France,684,0.1,68.4,2010-08-09 13:10:00,0.005754,1
298369,518418,12567,France,5,18.0,90.0,2010-08-09 08:26:00,0.005725,1
332336,521868,12980,United Kingdom,8,34.95,279.6,2010-09-09 11:04:00,0.005719,1
24717,491431,15769,United Kingdom,100,1.65,165.0,2009-12-11 09:58:00,0.005686,1
24719,491431,15769,United Kingdom,100,1.65,165.0,2009-12-11 09:58:00,0.005686,1
24720,491431,15769,United Kingdom,100,1.65,165.0,2009-12-11 09:58:00,0.005686,1
24722,491431,15769,United Kingdom,100,1.65,165.0,2009-12-11 09:58:00,0.005686,1
281559,516786,15769,United Kingdom,100,1.65,165.0,2010-07-23 09:45:00,0.005686,1
407889,528423,13629,United Kingdom,100,1.65,165.0,2010-10-22 09:48:00,0.005686,1
407891,528423,13629,United Kingdom,100,1.65,165.0,2010-10-22 09:48:00,0.005686,1
508166,536848,13408,United Kingdom,100,1.65,165.0,2010-12-03 09:39:00,0.005686,1
508167,536848,13408,United Kingdom,100,1.65,165.0,2010-12-03 09:39:00,0.005686,1
499151,536009,12415,Australia,192,1.25,240.0,2010-11-29 15:07:00,0.005677,1
340827,522626,15513,United Kingdom,160,1.45,232.0,2010-09-15 16:22:00,0.005658,1
390355,526913,17409,United Kingdom,160,1.45,232.0,2010-10-13 16:09:00,0.005658,1
79363,496612,15061,United Kingdom,40,5.95,238.0,2010-02-03 07:31:00,0.005648,1
205549,509204,14258,United Kingdom,48,4.25,204.0,2010-05-21 09:27:00,0.005635,1
508183,536851,12967,United Kingdom,48,4.25,204.0,2010-12-03 09:49:00,0.005635,1
53479,494277,14063,United Kingdom,200,1.45,290.0,2010-01-13 10:32:00,0.005633,1
466367,533355,14646,Netherlands,192,1.45,278.4,2010-11-17 10:03:00,0.005633,1
235472,512172,13559,United Kingdom,120,2.75,330.0,2010-06-14 11:52:00,0.005587,1
67030,495358,13089,United Kingdom,160,1.45,232.0,2010-01-24 11:52:00,0.005568,1
309093,519568,17262,United Kingdom,60,8.5,510.0,2010-08-18 12:13:00,0.005561,1
420742,529622,13815,Germany,4,34.95,139.8,2010-10-29 11:42:00,0.005549,1
48183,493877,14911,EIRE,12,12.75,153.0,2010-01-07 19:34:00,0.005543,1
263105,514809,12678,France,52,7.65,397.8,2010-07-06 11:44:00,0.00554,1
18742,490962,15061,United Kingdom,160,1.69,270.4,2009-12-08 15:45:00,0.005539,1
310434,519640,16684,United Kingdom,300,0.34,102.0,2010-08-19 10:11:00,0.005538,1
47542,493819,14156,EIRE,192,1.85,355.2,2010-01-07 12:34:00,0.00553,1
233495,511991,12557,Spain,72,3.39,244.08,2010-06-11 15:07:00,0.005526,1
175023,505981,18102,United Kingdom,160,1.49,238.4,2010-04-27 09:30:00,0.005504,1
175025,505981,18102,United Kingdom,160,1.49,238.4,2010-04-27 09:30:00,0.005504,1
175026,505981,18102,United Kingdom,160,1.49,238.4,2010-04-27 09:30:00,0.005504,1
84235,497217,14156,EIRE,72,4.25,306.0,2010-02-07 14:27:00,0.005491,1
3129,489656,17428,United Kingdom,48,5.45,261.6,2009-12-01 17:28:00,0.005484,1
3130,489656,17428,United Kingdom,48,5.45,261.6,2009-12-01 17:28:00,0.005484,1
442869,531544,17381,United Kingdom,120,1.25,150.0,2010-11-09 07:56:00,0.00545,1
24828,491443,15311,United Kingdom,72,3.39,244.08,2009-12-11 10:37:00,0.005434,1
39450,492724,14646,Netherlands,72,3.39,244.08,2009-12-18 10:59:00,0.005434,1
379882,525970,13694,United Kingdom,72,3.39,244.08,2010-10-08 10:21:00,0.005434,1
139793,502771,13694,United Kingdom,135,1.25,168.75,2010-03-26 14:29:00,0.005426,1
188979,507360,13209,United Kingdom,144,0.36,51.84,2010-05-07 15:37:00,0.005385,1
445790,531837,13777,United Kingdom,144,1.25,180.0,2010-11-10 08:56:00,0.00537,1
445805,531838,13777,United Kingdom,144,1.25,180.0,2010-11-10 08:57:00,0.00537,1
445806,531838,13777,United Kingdom,144,1.25,180.0,2010-11-10 08:57:00,0.00537,1
93973,498213,18092,United Kingdom,288,0.72,207.36,2010-02-17 13:16:00,0.005365,1
49411,493995,13694,United Kingdom,480,0.12,57.6,2010-01-10 13:50:00,0.00536,1
227715,511439,12939,United Kingdom,200,1.95,390.0,2010-06-08 12:10:00,0.005292,1
102356,499169,17949,United Kingdom,180,1.06,190.8,2010-02-25 09:39:00,0.005279,1
324975,521112,14646,Netherlands,288,0.55,158.4,2010-09-02 10:47:00,0.005276,1
256557,514160,14609,United Kingdom,720,0.14,100.8,2010-06-30 14:55:00,0.005254,1
181468,506581,14045,United Kingdom,144,1.06,152.64,2010-04-30 14:10:00,0.005248,1
181471,506581,14045,United Kingdom,144,1.06,152.64,2010-04-30 14:10:00,0.005248,1
181474,506581,14045,United Kingdom,144,1.06,152.64,2010-04-30 14:10:00,0.005248,1
522920,537981,17857,United Kingdom,400,0.36,144.0,2010-12-09 11:35:00,0.005247,1
251305,513626,17364,United Kingdom,200,1.06,212.0,2010-06-27 13:11:00,0.005182,1
484083,534712,14202,United Kingdom,4,23.95,95.8,2010-11-23 17:13:00,0.005178,1
35171,492322,13694,United Kingdom,128,2.75,352.0,2009-12-16 12:24:00,0.00514,1
126388,501473,17511,United Kingdom,288,0.55,158.4,2010-03-16 16:31:00,0.005138,1
208193,509444,18060,United Kingdom,144,0.12,17.28,2010-05-24 08:34:00,0.005132,1
158468,504498,17511,United Kingdom,50,8.49,424.5,2010-04-14 11:16:00,0.005119,1
211451,509873,17511,United Kingdom,50,8.49,424.5,2010-05-26 11:12:00,0.005119,1
178931,506317,13694,United Kingdom,108,3.39,366.12,2010-04-29 11:22:00,0.005117,1
419895,529559,13461,United Kingdom,144,1.45,208.8,2010-10-28 17:53:00,0.005114,1
66300,495310,12531,Germany,9,18.0,162.0,2010-01-22 14:17:00,0.005113,1
466373,533355,14646,Netherlands,288,0.64,184.32,2010-11-17 10:03:00,0.005109,1
45757,493536,17841,United Kingdom,5,34.95,174.75,2010-01-04 15:29:00,0.005107,1
394116,527265,16422,United Kingdom,216,0.53,114.48,2010-10-15 12:50:00,0.005101,1
65303,495228,14646,Netherlands,80,1.65,132.0,2010-01-22 08:28:00,0.005078,1
65304,495228,14646,Netherlands,80,1.65,132.0,2010-01-22 08:28:00,0.005078,1
316817,520214,14895,United Kingdom,16,10.95,175.2,2010-08-25 07:46:00,0.005069,1
439829,531377,16553,United Kingdom,288,0.18,51.84,2010-11-07 15:57:00,0.005015,1
470939,533757,12980,United Kingdom,96,4.65,446.4,2010-11-18 14:31:00,0.00501,1
345460,523001,15291,United Kingdom,6,14.95,89.7,2010-09-19 16:00:00,0.004964,1
190095,507396,14911,EIRE,16,10.95,175.2,2010-05-09 13:00:00,0.004963,1
411163,528727,15640,United Kingdom,16,10.95,175.2,2010-10-24 13:21:00,0.004963,1
497235,535836,12678,France,108,2.1,226.8,2010-11-29 09:55:00,0.004955,1
354964,523921,14646,Netherlands,100,1.65,165.0,2010-09-24 16:19:00,0.00495,1
354972,523921,14646,Netherlands,100,1.65,165.0,2010-09-24 16:19:00,0.00495,1
355093,523929,14646,Netherlands,100,1.65,165.0,2010-09-24 16:50:00,0.00495,1
437253,531214,13798,United Kingdom,100,1.65,165.0,2010-11-05 16:24:00,0.00495,1
11667,490320,13694,United Kingdom,120,1.25,150.0,2009-12-04 15:26:00,0.00494,1
461451,533009,16191,United Kingdom,216,1.06,228.96,2010-11-15 15:30:00,0.004935,1
48318,493887,17457,United Kingdom,72,2.95,212.4,2010-01-08 10:34:00,0.004916,1
446623,531870,12931,United Kingdom,48,8.5,408.0,2010-11-10 11:37:00,0.004903,1
96451,498445,16656,United Kingdom,96,2.1,201.6,2010-02-19 10:01:00,0.004892,1
315771,520082,17511,United Kingdom,36,8.5,306.0,2010-08-24 10:41:00,0.004888,1
163885,504920,17474,United Kingdom,40,6.75,270.0,2010-04-19 10:43:00,0.004873,1
157788,504436,14156,EIRE,60,6.35,381.0,2010-04-13 13:33:00,0.004871,1
157789,504436,14156,EIRE,60,6.35,381.0,2010-04-13 13:33:00,0.004871,1
157806,504436,14156,EIRE,60,6.35,381.0,2010-04-13 13:33:00,0.004871,1
157807,504436,14156,EIRE,60,6.35,381.0,2010-04-13 13:33:00,0.004871,1
237597,512411,14156,EIRE,60,6.35,381.0,2010-06-15 13:19:00,0.004871,1
237607,512411,14156,EIRE,60,6.35,381.0,2010-06-15 13:19:00,0.004871,1
237608,512411,14156,EIRE,60,6.35,381.0,2010-06-15 13:19:00,0.004871,1
237629,512411,14156,EIRE,60,6.35,381.0,2010-06-15 13:19:00,0.004871,1
488199,535104,16684,United Kingdom,288,0.72,207.36,2010-11-25 11:04:00,0.004871,1
107434,499681,12731,France,160,1.45,232.0,2010-03-02 09:23:00,0.004855,1
517025,537457,17511,United Kingdom,160,1.45,232.0,2010-12-07 09:51:00,0.004855,1
84242,497217,14156,EIRE,240,0.72,172.8,2010-02-07 14:27:00,0.004845,1
6652,489910,15482,United Kingdom,288,0.5,144.0,2009-12-03 10:23:00,0.004843,1
492586,535422,15638,United Kingdom,144,1.25,180.0,2010-11-26 11:52:00,0.00484,1
132594,501925,15311,United Kingdom,256,0.55,140.8,2010-03-22 10:33:00,0.004822,1
395263,527360,16767,United Kingdom,144,1.06,152.64,2010-10-17 10:46:00,0.004821,1
156820,504332,12671,Germany,200,0.72,144.0,2010-04-12 16:30:00,0.00482,1
385917,526472,13199,United Kingdom,192,0.72,138.24,2010-10-11 16:51:00,0.00482,1
112642,500157,12371,Switzerland,2,40.0,80.0,2010-03-04 18:23:00,0.004798,1
182233,506707,14156,EIRE,16,10.95,175.2,2010-05-02 14:49:00,0.004785,1
234914,512113,16709,United Kingdom,16,10.95,175.2,2010-06-13 14:47:00,0.004785,1
321687,520717,13093,United Kingdom,16,10.95,175.2,2010-08-29 14:13:00,0.004785,1
495891,535801,14014,United Kingdom,16,10.95,175.2,2010-11-28 14:56:00,0.004785,1
243700,512955,12469,Thailand,240,0.72,172.8,2010-06-21 10:30:00,0.004784,1
199272,508501,13798,United Kingdom,250,0.42,105.0,2010-05-16 15:39:00,0.004774,1
207970,509437,12409,Switzerland,240,0.42,100.8,2010-05-23 15:21:00,0.004774,1
397180,527416,13798,United Kingdom,250,0.42,105.0,2010-10-17 15:34:00,0.004774,1
437074,531204,17389,United Kingdom,90,2.55,229.5,2010-11-05 15:25:00,0.004771,1
118024,500654,12668,Germany,1,145.0,145.0,2010-03-09 11:10:00,0.004762,1
142238,502880,17994,United Kingdom,288,0.21,60.48,2010-03-29 10:37:00,0.004761,1
142239,502880,17994,United Kingdom,288,0.21,60.48,2010-03-29 10:37:00,0.004761,1
175094,505987,18102,United Kingdom,48,6.38,306.24,2010-04-27 09:44:00,0.004759,1
10561,490209,17389,United Kingdom,72,4.25,306.0,2009-12-04 12:06:00,0.004749,1
48419,493941,13199,United Kingdom,72,4.25,306.0,2010-01-08 12:05:00,0.004749,1
509326,536938,14680,United Kingdom,72,4.25,306.0,2010-12-03 12:05:00,0.004749,1
509329,536938,14680,United Kingdom,72,4.25,306.0,2010-12-03 12:05:00,0.004749,1
65301,495228,14646,Netherlands,100,0.72,72.0,2010-01-22 08:28:00,0.004744,1
65302,495228,14646,Netherlands,100,0.72,72.0,2010-01-22 08:28:00,0.004744,1
65326,495229,14646,Netherlands,100,0.72,72.0,2010-01-22 08:30:00,0.004744,1
65327,495229,14646,Netherlands,100,0.72,72.0,2010-01-22 08:30:00,0.004744,1
47562,493819,14156,EIRE,400,0.42,168.0,2010-01-07 12:34:00,0.004742,1
42644,493071,18092,United Kingdom,96,3.45,331.2,2009-12-22 09:35:00,0.004731,1
414478,528965,16087,United Kingdom,96,3.39,325.44,2010-10-26 09:59:00,0.004731,1
220922,510819,18214,United Kingdom,100,1.45,145.0,2010-06-03 19:47:00,0.004716,1
220926,510819,18214,United Kingdom,100,1.45,145.0,2010-06-03 19:47:00,0.004716,1
220928,510819,18214,United Kingdom,100,1.45,145.0,2010-06-03 19:47:00,0.004716,1
389119,526845,17511,United Kingdom,192,1.85,355.2,2010-10-13 12:18:00,0.00471,1
389120,526845,17511,United Kingdom,192,1.85,355.2,2010-10-13 12:18:00,0.00471,1
246800,513285,12747,United Kingdom,16,16.95,271.2,2010-06-23 14:07:00,0.004707,1
406343,528325,15680,United Kingdom,1,165.0,165.0,2010-10-21 13:02:00,0.004699,1
522918,537981,17857,United Kingdom,250,1.06,265.0,2010-12-09 11:35:00,0.004631,1
69990,495591,14646,Netherlands,288,0.64,184.32,2010-01-26 10:25:00,0.004615,1
170314,505537,16013,United Kingdom,60,4.95,297.0,2010-04-22 17:51:00,0.004613,1
170317,505538,16013,United Kingdom,60,4.95,297.0,2010-04-22 17:53:00,0.004613,1
144695,503168,13694,United Kingdom,96,4.25,408.0,2010-03-30 13:27:00,0.004609,1
47533,493819,14156,EIRE,100,5.95,595.0,2010-01-07 12:34:00,0.004598,1
228461,511488,12843,United Kingdom,180,1.85,333.0,2010-06-08 14:22:00,0.004594,1
490945,535348,15051,United Kingdom,1,79.95,79.95,2010-11-25 16:46:00,0.004588,1
94664,498328,15586,United Kingdom,288,0.42,120.96,2010-02-18 10:27:00,0.004583,1
205520,509199,12668,Germany,5,18.0,90.0,2010-05-21 09:06:00,0.004583,1
381266,526124,14646,Netherlands,10,18.0,180.0,2010-10-08 13:55:00,0.004579,1
422271,529803,14213,United Kingdom,48,4.95,237.6,2010-10-31 10:37:00,0.004519,1
460433,532975,12471,Germany,14,18.0,252.0,2010-11-15 13:24:00,0.004464,1
251634,513647,14646,Netherlands,120,0.42,50.4,2010-06-28 08:28:00,0.004457,1
251635,513647,14646,Netherlands,120,0.42,50.4,2010-06-28 08:28:00,0.004457,1
251649,513647,14646,Netherlands,120,0.42,50.4,2010-06-28 08:28:00,0.004457,1
251662,513647,14646,Netherlands,120,0.42,50.4,2010-06-28 08:28:00,0.004457,1
251663,513647,14646,Netherlands,120,0.42,50.4,2010-06-28 08:28:00,0.004457,1
513095,537227,17677,United Kingdom,120,0.42,50.4,2010-12-06 08:42:00,0.004457,1
214087,510164,13694,United Kingdom,100,3.75,375.0,2010-05-27 13:58:00,0.004451,1
274717,516131,12709,Germany,96,2.1,201.6,2010-07-16 15:26:00,0.004417,1
274718,516131,12709,Germany,96,2.1,201.6,2010-07-16 15:26:00,0.004417,1
385607,526423,16915,United Kingdom,1,79.95,79.95,2010-10-11 15:00:00,0.004414,1
285618,517144,18026,United Kingdom,66,5.95,392.7,2010-07-27 10:37:00,0.004405,1
311928,519741,14156,EIRE,1,50.0,50.0,2010-08-20 10:44:00,0.004403,1
453374,532432,14911,EIRE,1,50.0,50.0,2010-11-12 10:28:00,0.004403,1
84228,497217,14156,EIRE,144,1.65,237.6,2010-02-07 14:27:00,0.004329,1
394205,527274,16656,United Kingdom,144,0.72,103.68,2010-10-15 13:13:00,0.004309,1
394206,527274,16656,United Kingdom,144,0.72,103.68,2010-10-15 13:13:00,0.004309,1
299245,518549,18102,United Kingdom,100,1.66,166.0,2010-08-09 18:32:00,0.004283,1
299246,518549,18102,United Kingdom,100,1.66,166.0,2010-08-09 18:32:00,0.004283,1
299247,518549,18102,United Kingdom,100,1.66,166.0,2010-08-09 18:32:00,0.004283,1
289682,517568,12989,United Kingdom,20,6.35,127.0,2010-07-30 08:56:00,0.004254,1
259285,514387,12633,Germany,10,18.0,180.0,2010-07-02 11:44:00,0.00424,1
240375,512607,16134,United Kingdom,256,0.36,92.16,2010-06-17 09:48:00,0.004225,1
379903,525970,13694,United Kingdom,128,0.72,92.16,2010-10-08 10:21:00,0.004222,1
308605,519514,14156,EIRE,48,6.95,333.6,2010-08-18 09:19:00,0.004214,1
308617,519514,14156,EIRE,48,6.95,333.6,2010-08-18 09:19:00,0.004214,1
27133,491687,15944,United Kingdom,160,1.45,232.0,2009-12-13 12:57:00,0.0042,1
89603,497885,15093,United Kingdom,160,1.45,232.0,2010-02-14 12:06:00,0.0042,1
313321,519887,18260,United Kingdom,160,1.45,232.0,2010-08-22 12:03:00,0.0042,1
256553,514157,14911,EIRE,1,85.13,85.13,2010-06-30 14:20:00,0.004183,1
345743,523010,13881,United Kingdom,144,1.65,237.6,2010-09-20 10:05:00,0.004151,1
26232,491649,12664,Finland,2,40.0,80.0,2009-12-13 10:28:00,0.00413,1
330021,521567,13694,United Kingdom,200,1.25,250.0,2010-09-07 10:56:00,0.004114,1
409975,528621,14800,United Kingdom,1,49.95,49.95,2010-10-24 10:41:00,0.004114,1
409976,528621,14800,United Kingdom,1,49.95,49.95,2010-10-24 10:41:00,0.004114,1
47577,493819,14156,EIRE,432,0.25,108.0,2010-01-07 12:34:00,0.004107,1
47578,493819,14156,EIRE,432,0.25,108.0,2010-01-07 12:34:00,0.004107,1
47579,493819,14156,EIRE,432,0.25,108.0,2010-01-07 12:34:00,0.004107,1
47580,493819,14156,EIRE,432,0.25,108.0,2010-01-07 12:34:00,0.004107,1
47581,493819,14156,EIRE,432,0.25,108.0,2010-01-07 12:34:00,0.004107,1
295780,518215,18079,United Kingdom,432,0.25,108.0,2010-08-05 12:19:00,0.004107,1
24616,491426,15494,United Kingdom,96,0.21,20.16,2009-12-10 20:16:00,0.004099,1
284007,516964,16210,United Kingdom,144,0.64,92.16,2010-07-26 09:12:00,0.004094,1
47535,493819,14156,EIRE,288,0.85,244.8,2010-01-07 12:34:00,0.004093,1
197616,508378,17414,United Kingdom,144,0.67,96.48,2010-05-14 13:51:00,0.004088,1
242163,512798,17389,United Kingdom,30,7.65,229.5,2010-06-18 10:32:00,0.004074,1
185651,507048,14370,United Kingdom,8,19.95,159.6,2010-05-06 08:45:00,0.004064,1
484165,534716,16684,United Kingdom,120,1.85,222.0,2010-11-23 17:43:00,0.004063,1
399019,527502,17381,United Kingdom,432,0.29,125.28,2010-10-18 12:22:00,0.00404,1
217193,510454,15039,United Kingdom,100,3.75,375.0,2010-06-01 10:50:00,0.003988,1
85936,497363,12370,Austria,4,40.0,160.0,2010-02-09 09:41:00,0.003969,1
445801,531837,13777,United Kingdom,144,1.06,152.64,2010-11-10 08:56:00,0.003959,1
403569,528069,17706,United Kingdom,110,3.45,379.5,2010-10-20 12:22:00,0.003939,1
484314,534726,14156,EIRE,16,10.95,175.2,2010-11-23 18:41:00,0.003932,1
484318,534728,15189,United Kingdom,16,10.95,175.2,2010-11-23 18:47:00,0.003932,1
473226,533972,12408,Belgium,4,34.95,139.8,2010-11-19 13:21:00,0.003901,1
427189,530164,16133,United Kingdom,48,4.95,237.6,2010-11-02 08:47:00,0.003888,1
91863,498052,17404,Sweden,288,0.85,244.8,2010-02-16 11:58:00,0.003862,1
462512,533074,14298,United Kingdom,120,0.65,78.0,2010-11-16 07:52:00,0.003857,1
127175,501534,13902,Denmark,336,0.45,151.2,2010-03-17 13:09:00,0.003844,1
71023,495745,12466,France,1,56.73,56.73,2010-01-26 16:26:00,0.003825,1
233714,512047,13745,United Kingdom,108,0.21,22.68,2010-06-11 17:19:00,0.003819,1
310435,519640,16684,United Kingdom,288,0.36,103.68,2010-08-19 10:11:00,0.003808,1
122931,501135,16586,United Kingdom,8,16.95,135.6,2010-03-14 11:24:00,0.003807,1
366168,524909,17389,United Kingdom,72,3.75,270.0,2010-10-01 11:34:00,0.003767,1
372511,525317,15311,United Kingdom,200,1.69,338.0,2010-10-05 11:17:00,0.003727,1
35120,492321,15061,United Kingdom,208,1.69,351.52,2009-12-16 12:17:00,0.003707,1
69968,495591,14646,Netherlands,192,1.25,240.0,2010-01-26 10:25:00,0.003682,1
494526,535666,12621,Germany,240,0.65,156.0,2010-11-28 11:52:00,0.00366,1
195710,508094,12931,United Kingdom,100,2.1,210.0,2010-05-13 08:56:00,0.00363,1
496707,535834,17722,United Kingdom,144,0.65,93.6,2010-11-29 09:44:00,0.003611,1
143334,502991,12931,United Kingdom,36,8.5,306.0,2010-03-29 14:57:00,0.003608,1
354914,523921,14646,Netherlands,100,1.45,145.0,2010-09-24 16:19:00,0.003604,1
354918,523921,14646,Netherlands,100,1.45,145.0,2010-09-24 16:19:00,0.003604,1
354946,523921,14646,Netherlands,100,1.45,145.0,2010-09-24 16:19:00,0.003604,1
354948,523921,14646,Netherlands,100,1.45,145.0,2010-09-24 16:19:00,0.003604,1
354949,523921,14646,Netherlands,100,1.45,145.0,2010-09-24 16:19:00,0.003604,1
386583,526585,12931,United Kingdom,240,1.27,304.8,2010-10-12 11:52:00,0.003593,1
28928,491812,13694,United Kingdom,288,0.38,109.44,2009-12-14 13:23:00,0.003592,1
28935,491812,13694,United Kingdom,288,0.38,109.44,2009-12-14 13:23:00,0.003592,1
28936,491812,13694,United Kingdom,288,0.38,109.44,2009-12-14 13:23:00,0.003592,1
28944,491812,13694,United Kingdom,288,0.38,109.44,2009-12-14 13:23:00,0.003592,1
28964,491812,13694,United Kingdom,288,0.38,109.44,2009-12-14 13:23:00,0.003592,1
28966,491812,13694,United Kingdom,288,0.38,109.44,2009-12-14 13:23:00,0.003592,1
28967,491812,13694,United Kingdom,288,0.38,109.44,2009-12-14 13:23:00,0.003592,1
28968,491812,13694,United Kingdom,288,0.38,109.44,2009-12-14 13:23:00,0.003592,1
28969,491812,13694,United Kingdom,288,0.38,109.44,2009-12-14 13:23:00,0.003592,1
28970,491812,13694,United Kingdom,288,0.38,109.44,2009-12-14 13:23:00,0.003592,1
28971,491812,13694,United Kingdom,288,0.38,109.44,2009-12-14 13:23:00,0.003592,1
28972,491812,13694,United Kingdom,288,0.38,109.44,2009-12-14 13:23:00,0.003592,1
227445,511335,18102,United Kingdom,240,0.87,208.8,2010-06-08 10:44:00,0.003575,1
227446,511335,18102,United Kingdom,240,0.87,208.8,2010-06-08 10:44:00,0.003575,1
161444,504851,15482,United Kingdom,96,2.55,244.8,2010-04-18 10:31:00,0.003522,1
327531,521364,16843,United Kingdom,144,0.72,103.68,2010-09-05 10:31:00,0.003522,1
437460,531240,16746,United Kingdom,144,0.72,103.68,2010-11-07 10:43:00,0.003522,1
65323,495229,14646,Netherlands,48,3.39,162.72,2010-01-22 08:30:00,0.003507,1
152708,503907,18251,United Kingdom,384,0.36,138.24,2010-04-08 12:23:00,0.003504,1
152709,503907,18251,United Kingdom,384,0.36,138.24,2010-04-08 12:23:00,0.003504,1
310722,519674,14533,United Kingdom,384,0.36,138.24,2010-08-19 12:23:00,0.003504,1
170685,505568,13694,United Kingdom,144,1.06,152.64,2010-04-23 11:12:00,0.00349,1
221251,510964,14436,United Kingdom,144,1.06,152.64,2010-06-04 11:32:00,0.00349,1
312039,519784,17739,United Kingdom,144,1.06,152.64,2010-08-20 11:55:00,0.00349,1
334098,522025,15372,United Kingdom,144,1.06,152.64,2010-09-10 11:56:00,0.00349,1
334099,522025,15372,United Kingdom,144,1.06,152.64,2010-09-10 11:56:00,0.00349,1
121497,501006,14646,Netherlands,288,0.72,207.36,2010-03-11 14:33:00,0.003471,1
231699,511832,14316,United Kingdom,288,0.21,60.48,2010-06-10 17:05:00,0.003452,1
379766,525964,13093,United Kingdom,24,7.65,183.6,2010-10-08 09:23:00,0.003423,1
201659,508796,15061,United Kingdom,70,6.35,444.5,2010-05-18 12:44:00,0.003409,1
106335,499524,13694,United Kingdom,240,0.42,100.8,2010-03-01 10:19:00,0.003388,1
106336,499524,13694,United Kingdom,240,0.42,100.8,2010-03-01 10:19:00,0.003388,1
347606,523195,13802,United Kingdom,144,1.06,152.64,2010-09-21 08:25:00,0.003382,1
47539,493819,14156,EIRE,192,1.69,324.48,2010-01-07 12:34:00,0.003353,1
432916,530799,12497,Germany,200,1.69,338.0,2010-11-04 12:31:00,0.003353,1
432917,530799,12497,Germany,200,1.69,338.0,2010-11-04 12:31:00,0.003353,1
320496,520663,14062,United Kingdom,60,4.95,297.0,2010-08-27 12:50:00,0.003323,1
137066,502525,13694,United Kingdom,150,1.95,292.5,2010-03-25 11:28:00,0.003314,1
166075,505077,15061,United Kingdom,84,3.75,315.0,2010-04-20 09:32:00,0.003311,1
224844,511109,16684,United Kingdom,144,1.25,180.0,2010-06-07 09:55:00,0.003311,1
230005,511634,17381,United Kingdom,320,0.72,230.4,2010-06-09 12:55:00,0.003302,1
128180,501611,13694,United Kingdom,180,1.25,225.0,2010-03-18 10:51:00,0.003297,1
376764,525760,13694,United Kingdom,180,1.25,225.0,2010-10-07 10:36:00,0.003297,1
376765,525760,13694,United Kingdom,180,1.25,225.0,2010-10-07 10:36:00,0.003297,1
505251,536576,13777,United Kingdom,96,2.95,283.2,2010-12-01 16:11:00,0.003297,1
29604,491894,14062,United Kingdom,72,4.25,306.0,2009-12-14 15:18:00,0.003291,1
161680,504859,18064,United Kingdom,24,8.5,204.0,2010-04-18 11:59:00,0.003276,1
484370,534738,12377,Switzerland,4,16.95,67.8,2010-11-23 19:24:00,0.003252,1
117260,500533,13473,United Kingdom,24,12.75,306.0,2010-03-08 14:23:00,0.003251,1
383632,526245,12356,Portugal,4,28.0,112.0,2010-10-11 09:42:00,0.003218,1
392698,527124,14088,United Kingdom,48,4.25,204.0,2010-10-14 19:46:00,0.003214,1
392724,527124,14088,United Kingdom,48,4.25,204.0,2010-10-14 19:46:00,0.003214,1
392725,527124,14088,United Kingdom,48,4.25,204.0,2010-10-14 19:46:00,0.003214,1
243701,512955,12469,Thailand,240,0.53,127.2,2010-06-21 10:30:00,0.00321,1
157801,504436,14156,EIRE,48,6.95,333.6,2010-04-13 13:33:00,0.003179,1
157809,504436,14156,EIRE,48,6.95,333.6,2010-04-13 13:33:00,0.003179,1
237588,512411,14156,EIRE,48,6.95,333.6,2010-06-15 13:19:00,0.003179,1
237598,512411,14156,EIRE,48,6.95,333.6,2010-06-15 13:19:00,0.003179,1
106292,499521,13694,United Kingdom,250,0.42,105.0,2010-03-01 10:14:00,0.003172,1
268512,515348,13802,United Kingdom,250,0.42,105.0,2010-07-12 10:37:00,0.003172,1
281376,516775,15061,United Kingdom,96,1.45,139.2,2010-07-22 19:23:00,0.00316,1
142678,502905,12931,United Kingdom,36,8.5,306.0,2010-03-29 12:51:00,0.003157,1
399015,527502,17381,United Kingdom,36,8.5,306.0,2010-10-18 12:22:00,0.003157,1
429441,530396,17858,United Kingdom,8,15.0,120.0,2010-11-02 17:29:00,0.00311,1
429442,530396,17858,United Kingdom,8,15.0,120.0,2010-11-02 17:29:00,0.00311,1
298950,518505,14277,France,444,0.17,75.48,2010-08-09 13:10:00,0.003091,1
185031,507005,16422,United Kingdom,288,0.72,207.36,2010-05-05 14:21:00,0.003089,1
317995,520370,12875,United Kingdom,288,0.72,207.36,2010-08-25 14:35:00,0.003089,1
429443,530396,17858,United Kingdom,3,30.0,90.0,2010-11-02 17:29:00,0.003081,1
32382,492005,14607,United Kingdom,72,5.45,392.4,2009-12-15 11:25:00,0.003062,1
168347,505347,16133,United Kingdom,1,125.0,125.0,2010-04-21 13:56:00,0.00306,1
90873,497946,13902,Denmark,288,0.5,144.0,2010-02-15 11:57:00,0.003045,1
251690,513647,14646,Netherlands,48,4.25,204.0,2010-06-28 08:28:00,0.003044,1
229575,511556,17511,United Kingdom,300,0.36,108.0,2010-06-09 10:02:00,0.003022,1
358621,524155,14911,EIRE,192,0.64,122.88,2010-09-27 16:00:00,0.003022,1
10280,490152,12714,France,7,18.0,126.0,2009-12-04 10:00:00,0.003016,1
332641,521911,15972,United Kingdom,2,110.0,220.0,2010-09-09 13:20:00,0.00297,1
488206,535104,16684,United Kingdom,144,2.1,302.4,2010-11-25 11:04:00,0.002968,1
11672,490320,13694,United Kingdom,96,1.95,187.2,2009-12-04 15:26:00,0.002957,1
115877,500372,17298,United Kingdom,120,0.38,45.6,2010-03-08 08:56:00,0.002954,1
91158,497955,14543,United Kingdom,24,12.75,306.0,2010-02-15 12:54:00,0.002943,1
496571,535825,13946,United Kingdom,24,7.65,183.6,2010-11-28 16:21:00,0.00293,1
227664,511435,18102,United Kingdom,216,1.47,317.52,2010-06-08 11:51:00,0.002929,1
484161,534716,16684,United Kingdom,256,0.36,92.16,2010-11-23 17:43:00,0.002926,1
233654,512045,15856,United Kingdom,100,0.72,72.0,2010-06-11 17:06:00,0.002905,1
272310,515814,17145,United Kingdom,288,0.21,60.48,2010-07-15 09:02:00,0.002903,1
272311,515814,17145,United Kingdom,288,0.21,60.48,2010-07-15 09:02:00,0.002903,1
304187,519028,17512,United Kingdom,144,0.55,79.2,2010-08-13 10:10:00,0.002902,1
242131,512797,14895,United Kingdom,4,29.95,119.8,2010-06-18 10:29:00,0.002892,1
201270,508742,14548,United Kingdom,128,2.55,326.4,2010-05-18 11:31:00,0.00289,1
210011,509641,17230,United Kingdom,128,2.55,326.4,2010-05-25 11:07:00,0.00289,1
106278,499520,13694,United Kingdom,16,12.75,204.0,2010-03-01 10:07:00,0.002888,1
442988,531561,12454,Spain,40,7.95,318.0,2010-11-09 10:09:00,0.002868,1
75909,496311,13190,United Kingdom,6,25.95,155.7,2010-01-31 12:12:00,0.002827,1
71075,495794,12471,Germany,1,41.09,41.09,2010-01-26 17:22:00,0.00281,1
28609,491800,17511,United Kingdom,5,39.95,199.75,2009-12-14 12:58:00,0.002808,1
47568,493819,14156,EIRE,216,1.45,313.2,2010-01-07 12:34:00,0.002767,1
47601,493819,14156,EIRE,216,1.45,313.2,2010-01-07 12:34:00,0.002767,1
188157,507251,13694,United Kingdom,96,2.55,244.8,2010-05-07 11:34:00,0.002761,1
233548,511995,13798,United Kingdom,100,1.69,169.0,2010-06-11 15:27:00,0.002743,1
499149,536009,12415,Australia,200,1.06,212.0,2010-11-29 15:07:00,0.002716,1
301105,518685,13881,United Kingdom,144,0.85,122.4,2010-08-11 08:52:00,0.002704,1
298953,518505,14277,France,2000,0.03,60.0,2010-08-09 13:10:00,0.002687,1
284006,516964,16210,United Kingdom,144,0.79,113.76,2010-07-26 09:12:00,0.002686,1
336268,522131,16013,United Kingdom,150,0.72,108.0,2010-09-13 09:56:00,0.002686,1
221795,510994,16705,United Kingdom,144,0.65,93.6,2010-06-04 13:54:00,0.002679,1
309155,519571,18172,United Kingdom,128,2.55,326.4,2010-08-18 12:36:00,0.002676,1
430532,530514,14646,Netherlands,128,2.55,326.4,2010-11-03 12:23:00,0.002676,1
243019,512919,18044,United Kingdom,16,10.95,175.2,2010-06-18 16:17:00,0.002665,1
355063,523924,14031,United Kingdom,16,10.95,175.2,2010-09-24 16:36:00,0.002665,1
367352,524989,12921,United Kingdom,16,10.95,175.2,2010-10-01 16:10:00,0.002665,1
185060,507006,15097,United Kingdom,126,2.55,321.3,2010-05-05 14:22:00,0.002652,1
275165,516153,13798,United Kingdom,250,0.42,105.0,2010-07-18 11:35:00,0.002635,1
512682,537214,16422,United Kingdom,192,0.64,122.88,2010-12-05 15:35:00,0.00263,1
90731,497932,12391,Cyprus,1,79.95,79.95,2010-02-15 10:12:00,0.002628,1
243689,512954,15786,United Kingdom,1,79.95,79.95,2010-06-21 10:13:00,0.002628,1
268552,515350,13895,United Kingdom,1,79.95,79.95,2010-07-12 10:46:00,0.002628,1
291489,517753,18277,United Kingdom,1,79.95,79.95,2010-08-02 10:27:00,0.002628,1
224825,511107,16422,United Kingdom,144,0.55,79.2,2010-06-07 09:49:00,0.002616,1
283964,516963,13001,United Kingdom,144,0.55,79.2,2010-07-26 09:07:00,0.002616,1
152688,503907,18251,United Kingdom,360,0.38,136.8,2010-04-08 12:23:00,0.002597,1
392678,527124,14088,United Kingdom,52,3.81,198.12,2010-10-14 19:46:00,0.002587,1
388848,526761,14646,Netherlands,96,3.75,360.0,2010-10-13 10:53:00,0.00258,1
232457,511886,16191,United Kingdom,114,1.06,120.84,2010-06-11 10:47:00,0.002576,1
83723,497201,12681,France,7,18.0,126.0,2010-02-07 11:37:00,0.002562,1
494543,535666,12621,Germany,7,18.0,126.0,2010-11-28 11:52:00,0.002562,1
273899,515986,16503,United Kingdom,1,21.95,21.95,2010-07-16 08:20:00,0.002554,1
116075,500400,16754,United Kingdom,70,4.95,346.5,2010-03-08 11:32:00,0.002552,1
3572,489725,17949,United Kingdom,300,0.72,216.0,2009-12-02 11:07:00,0.002526,1
101064,498931,12482,Sweden,160,1.65,264.0,2010-02-24 10:24:00,0.002524,1
236858,512309,14911,EIRE,1,50.0,50.0,2010-06-14 16:43:00,0.002505,1
262471,514720,14911,EIRE,1,50.0,50.0,2010-07-05 16:35:00,0.002505,1
300849,518673,14646,Netherlands,144,1.65,237.6,2010-08-10 16:10:00,0.002496,1
90702,497931,14258,United Kingdom,16,10.95,175.2,2010-02-15 09:48:00,0.002492,1
224845,511109,16684,United Kingdom,16,10.95,175.2,2010-06-07 09:55:00,0.002492,1
260729,514521,13694,United Kingdom,16,10.95,175.2,2010-07-05 09:33:00,0.002492,1
284009,516964,16210,United Kingdom,16,10.95,175.2,2010-07-26 09:12:00,0.002492,1
356649,524012,14295,United Kingdom,16,10.95,175.2,2010-09-27 09:48:00,0.002492,1
370006,525095,15159,United Kingdom,16,10.95,175.2,2010-10-04 09:31:00,0.002492,1
370043,525097,17621,United Kingdom,16,10.95,175.2,2010-10-04 09:37:00,0.002492,1
425106,530011,14961,United Kingdom,16,10.95,175.2,2010-11-01 09:53:00,0.002492,1
469257,533588,13089,United Kingdom,192,1.45,278.4,2010-11-18 11:55:00,0.002487,1
488226,535104,16684,United Kingdom,192,1.45,278.4,2010-11-25 11:04:00,0.002487,1
462939,533094,14984,United Kingdom,96,3.81,365.76,2010-11-16 10:36:00,0.00247,1
66593,495340,14031,United Kingdom,30,5.95,178.5,2010-01-22 17:31:00,0.002467,1
406281,528322,14113,United Kingdom,168,1.85,310.8,2010-10-21 12:53:00,0.002435,1
299232,518546,18102,United Kingdom,63,2.95,185.85,2010-08-09 18:29:00,0.002417,1
410249,528631,13941,United Kingdom,256,0.36,92.16,2010-10-24 11:19:00,0.002406,1
39458,492724,14646,Netherlands,120,1.25,150.0,2009-12-18 10:59:00,0.002404,1
57422,494515,13694,United Kingdom,120,1.25,150.0,2010-01-15 10:24:00,0.002404,1
57425,494515,13694,United Kingdom,120,1.25,150.0,2010-01-15 10:24:00,0.002404,1
57426,494515,13694,United Kingdom,120,1.25,150.0,2010-01-15 10:24:00,0.002404,1
454488,532581,15061,United Kingdom,200,0.34,68.0,2010-11-12 14:21:00,0.002379,1
454490,532581,15061,United Kingdom,200,0.34,68.0,2010-11-12 14:21:00,0.002379,1
67040,495359,16422,United Kingdom,216,0.53,114.48,2010-01-24 11:58:00,0.002369,1
494244,535659,16422,United Kingdom,216,0.53,114.48,2010-11-28 11:26:00,0.002369,1
336264,522129,16013,United Kingdom,100,2.55,255.0,2010-09-13 09:55:00,0.00236,1
137082,502532,13694,United Kingdom,200,1.65,330.0,2010-03-25 11:31:00,0.00235,1
137083,502532,13694,United Kingdom,200,1.65,330.0,2010-03-25 11:31:00,0.00235,1
137084,502532,13694,United Kingdom,200,1.65,330.0,2010-03-25 11:31:00,0.00235,1
137085,502532,13694,United Kingdom,200,1.65,330.0,2010-03-25 11:31:00,0.00235,1
137086,502532,13694,United Kingdom,200,1.65,330.0,2010-03-25 11:31:00,0.00235,1
137087,502532,13694,United Kingdom,200,1.65,330.0,2010-03-25 11:31:00,0.00235,1
137088,502532,13694,United Kingdom,200,1.65,330.0,2010-03-25 11:31:00,0.00235,1
137089,502532,13694,United Kingdom,200,1.65,330.0,2010-03-25 11:31:00,0.00235,1
450096,532141,15838,United Kingdom,200,1.65,330.0,2010-11-11 11:32:00,0.00235,1
47571,493819,14156,EIRE,288,0.72,207.36,2010-01-07 12:34:00,0.002331,1
47587,493819,14156,EIRE,288,0.72,207.36,2010-01-07 12:34:00,0.002331,1
391226,527041,12798,Japan,288,0.72,207.36,2010-10-14 12:27:00,0.002331,1
119578,500828,13783,United Kingdom,500,0.21,105.0,2010-03-10 11:21:00,0.002321,1
348117,523297,15838,United Kingdom,200,1.85,370.0,2010-09-21 12:30:00,0.002295,1
104946,499457,15569,United Kingdom,120,1.65,198.0,2010-02-28 10:55:00,0.002282,1
129579,501706,13089,United Kingdom,96,1.45,139.2,2010-03-19 09:53:00,0.002268,1
379756,525964,13093,United Kingdom,96,1.45,139.2,2010-10-08 09:23:00,0.002268,1
379762,525964,13093,United Kingdom,96,1.45,139.2,2010-10-08 09:23:00,0.002268,1
471738,533820,13093,United Kingdom,96,1.45,139.2,2010-11-19 09:34:00,0.002268,1
398262,527454,12939,United Kingdom,72,4.25,306.0,2010-10-18 10:19:00,0.002242,1
193863,507841,13397,United Kingdom,432,0.25,108.0,2010-05-11 13:42:00,0.002186,1
26229,491649,12664,Finland,72,3.39,244.08,2009-12-13 10:28:00,0.002119,1
392773,527126,16652,United Kingdom,8,12.75,102.0,2010-10-15 08:41:00,0.002109,1
392774,527126,16652,United Kingdom,8,12.75,102.0,2010-10-15 08:41:00,0.002109,1
290422,517704,14031,United Kingdom,9,12.75,114.75,2010-07-30 17:08:00,0.002104,1
153388,503949,14924,United Kingdom,1,79.95,79.95,2010-04-08 15:40:00,0.002079,1
508177,536851,12967,United Kingdom,36,4.95,178.2,2010-12-03 09:49:00,0.002068,1
95429,498398,14646,Netherlands,176,1.45,255.2,2010-02-18 15:19:00,0.002062,1
258910,514369,12477,Germany,48,3.25,156.0,2010-07-02 08:26:00,0.002059,1
28974,491812,13694,United Kingdom,240,0.85,204.0,2009-12-14 13:23:00,0.002055,1
28975,491812,13694,United Kingdom,240,0.85,204.0,2009-12-14 13:23:00,0.002055,1
28983,491812,13694,United Kingdom,240,0.85,204.0,2009-12-14 13:23:00,0.002055,1
29015,491812,13694,United Kingdom,252,0.79,199.08,2009-12-14 13:23:00,0.002055,1
29016,491812,13694,United Kingdom,252,0.79,199.08,2009-12-14 13:23:00,0.002055,1
45439,493436,13694,United Kingdom,252,0.79,199.08,2010-01-04 13:03:00,0.002055,1
45443,493436,13694,United Kingdom,252,0.79,199.08,2010-01-04 13:03:00,0.002055,1
45445,493436,13694,United Kingdom,252,0.79,199.08,2010-01-04 13:03:00,0.002055,1
45446,493436,13694,United Kingdom,252,0.79,199.08,2010-01-04 13:03:00,0.002055,1
116052,500386,14160,United Kingdom,144,1.45,208.8,2010-03-08 10:58:00,0.00205,1
299241,518550,18102,United Kingdom,100,1.33,133.0,2010-08-09 18:32:00,0.002026,1
299242,518550,18102,United Kingdom,100,1.33,133.0,2010-08-09 18:32:00,0.002026,1
299243,518550,18102,United Kingdom,100,1.33,133.0,2010-08-09 18:32:00,0.002026,1
299244,518550,18102,United Kingdom,100,1.33,133.0,2010-08-09 18:32:00,0.002026,1
172797,505740,13762,United Kingdom,144,1.27,182.88,2010-04-25 15:51:00,0.002023,1
224241,511083,12709,Germany,15,10.95,164.25,2010-06-06 14:16:00,0.002012,1
46893,493720,17675,United Kingdom,2,79.95,159.9,2010-01-06 10:20:00,0.001993,1
323783,520902,14025,United Kingdom,2,79.95,159.9,2010-09-01 10:11:00,0.001993,1
430504,530513,14646,Netherlands,48,8.5,408.0,2010-11-03 12:20:00,0.001992,1
416607,529162,15093,United Kingdom,288,0.21,60.48,2010-10-26 17:26:00,0.001985,1
354904,523921,14646,Netherlands,120,0.42,50.4,2010-09-24 16:19:00,0.001957,1
354927,523921,14646,Netherlands,120,0.42,50.4,2010-09-24 16:19:00,0.001957,1
354931,523921,14646,Netherlands,120,0.42,50.4,2010-09-24 16:19:00,0.001957,1
354950,523921,14646,Netherlands,120,0.42,50.4,2010-09-24 16:19:00,0.001957,1
354958,523921,14646,Netherlands,120,0.42,50.4,2010-09-24 16:19:00,0.001957,1
510220,537026,12395,Belgium,120,0.42,50.4,2010-12-03 16:35:00,0.001957,1
510221,537026,12395,Belgium,120,0.42,50.4,2010-12-03 16:35:00,0.001957,1
510222,537026,12395,Belgium,120,0.42,50.4,2010-12-03 16:35:00,0.001957,1
242262,512807,14646,Netherlands,48,5.45,261.6,2010-06-18 11:21:00,0.001934,1
135685,502393,12524,Germany,432,0.25,108.0,2010-03-24 11:49:00,0.00193,1
292537,517893,15061,United Kingdom,240,0.72,172.8,2010-08-03 09:00:00,0.001927,1
354490,523878,15044,United Kingdom,1,71.61,71.61,2010-09-24 13:09:00,0.00191,1
300864,518673,14646,Netherlands,72,4.25,306.0,2010-08-10 16:10:00,0.001908,1
291894,517848,17809,United Kingdom,50,6.35,317.5,2010-08-02 13:15:00,0.001893,1
124103,501263,17949,United Kingdom,372,0.34,126.48,2010-03-15 12:48:00,0.001885,1
298892,518501,15311,United Kingdom,400,0.32,128.0,2010-08-09 12:53:00,0.001885,1
188887,507340,15797,United Kingdom,100,1.65,165.0,2010-05-07 15:09:00,0.001882,1
215051,510222,13798,United Kingdom,72,1.69,121.68,2010-05-28 08:39:00,0.001873,1
407898,528424,12899,United Kingdom,5,16.95,84.75,2010-10-22 09:53:00,0.001873,1
355106,523929,14646,Netherlands,80,2.55,204.0,2010-09-24 16:50:00,0.001864,1
471665,533818,12629,Sweden,12,12.75,153.0,2010-11-19 09:18:00,0.001829,1
471666,533818,12629,Sweden,12,12.75,153.0,2010-11-19 09:18:00,0.001829,1
471756,533821,12562,France,12,12.75,153.0,2010-11-19 09:35:00,0.001829,1
238510,512457,14045,United Kingdom,32,8.5,272.0,2010-06-16 09:47:00,0.001827,1
373392,525438,13777,United Kingdom,144,2.1,302.4,2010-10-05 13:29:00,0.001818,1
497471,535907,17389,United Kingdom,288,0.36,103.68,2010-11-29 11:26:00,0.001791,1
167751,505236,12391,Cyprus,1,79.95,79.95,2010-04-21 10:58:00,0.001784,1
111337,500064,17663,United Kingdom,216,1.25,270.0,2010-03-04 11:42:00,0.001776,1
6443,489889,14646,Netherlands,144,1.65,237.6,2009-12-02 16:52:00,0.001773,1
151831,503834,12482,Sweden,144,1.65,237.6,2010-04-07 16:13:00,0.001773,1
197403,508333,13694,United Kingdom,171,0.65,111.15,2010-05-14 12:00:00,0.001773,1
58994,494673,15311,United Kingdom,72,3.39,244.08,2010-01-17 15:52:00,0.001769,1
6764,489935,12934,United Kingdom,1,79.95,79.95,2009-12-03 10:51:00,0.001766,1
465120,533320,13795,United Kingdom,240,0.42,100.8,2010-11-16 17:25:00,0.001765,1
465121,533320,13795,United Kingdom,240,0.42,100.8,2010-11-16 17:25:00,0.001765,1
484162,534716,16684,United Kingdom,248,0.42,104.16,2010-11-23 17:43:00,0.001765,1
218411,510623,17511,United Kingdom,144,2.1,302.4,2010-06-02 11:11:00,0.001752,1
488198,535104,16684,United Kingdom,60,6.95,417.0,2010-11-25 11:04:00,0.00174,1
312208,519793,18251,United Kingdom,144,1.25,180.0,2010-08-20 12:26:00,0.001727,1
353751,523770,14967,United Kingdom,60,4.25,255.0,2010-09-24 10:58:00,0.001691,1
300838,518673,14646,Netherlands,144,1.49,214.56,2010-08-10 16:10:00,0.001664,1
502272,536239,12471,Germany,14,18.0,252.0,2010-11-30 14:30:00,0.001659,1
286489,517270,12731,France,160,1.45,232.0,2010-07-28 09:28:00,0.001638,1
361878,524411,15093,United Kingdom,160,1.45,232.0,2010-09-29 09:59:00,0.001638,1
487953,535086,14560,United Kingdom,240,0.42,100.8,2010-11-25 09:50:00,0.001612,1
307614,519404,14646,Netherlands,96,2.55,244.8,2010-08-17 08:56:00,0.001604,1
251653,513647,14646,Netherlands,36,5.45,196.2,2010-06-28 08:28:00,0.001595,1
26141,491643,15856,United Kingdom,100,1.25,125.0,2009-12-11 16:46:00,0.001591,1
155957,504166,16029,United Kingdom,96,1.25,120.0,2010-04-12 07:14:00,0.001588,1
143335,502991,12931,United Kingdom,200,1.25,250.0,2010-03-29 14:57:00,0.001585,1
182595,506717,12540,Spain,3,28.0,84.0,2010-05-04 08:51:00,0.001574,1
391646,527058,12374,Austria,5,40.0,200.0,2010-10-14 13:31:00,0.001535,1
318098,520388,15812,United Kingdom,288,0.42,120.96,2010-08-25 15:24:00,0.001523,1
219234,510675,17841,United Kingdom,4,34.95,139.8,2010-06-02 16:20:00,0.001521,1
362092,524437,17511,United Kingdom,50,7.65,382.5,2010-09-29 10:57:00,0.001516,1
238706,512507,15061,United Kingdom,32,10.95,350.4,2010-06-16 11:06:00,0.001494,1
375131,525583,13093,United Kingdom,32,10.95,350.4,2010-10-06 11:25:00,0.001494,1
485178,534777,15100,United Kingdom,32,10.95,350.4,2010-11-24 11:08:00,0.001494,1
82307,496945,15061,United Kingdom,120,2.1,252.0,2010-02-04 17:38:00,0.001453,1
379301,525943,18223,United Kingdom,120,2.1,252.0,2010-10-07 17:37:00,0.001453,1
316080,520173,12931,United Kingdom,250,1.06,265.0,2010-08-24 13:20:00,0.001412,1
343865,522953,14646,Netherlands,144,1.45,208.8,2010-09-19 11:53:00,0.001409,1
230017,511634,17381,United Kingdom,120,2.95,354.0,2010-06-09 12:55:00,0.001408,1
195637,508082,12482,Sweden,240,0.42,100.8,2010-05-12 16:43:00,0.0014,1
195647,508088,12482,Sweden,240,0.42,100.8,2010-05-12 16:50:00,0.0014,1
294068,518003,12998,United Kingdom,144,0.65,93.6,2010-08-04 08:05:00,0.001396,1
116081,500400,16754,United Kingdom,140,1.85,259.0,2010-03-08 11:32:00,0.001391,1
392510,527110,14817,United Kingdom,1,50.0,50.0,2010-10-14 17:23:00,0.001389,1
269717,515477,16915,United Kingdom,4,34.95,139.8,2010-07-13 09:45:00,0.001384,1
315737,520078,13452,United Kingdom,4,34.95,139.8,2010-08-24 09:53:00,0.001384,1
32378,492005,14607,United Kingdom,200,1.65,330.0,2009-12-15 11:25:00,0.001338,1
32383,492005,14607,United Kingdom,200,1.65,330.0,2009-12-15 11:25:00,0.001338,1
52578,494206,12939,United Kingdom,200,1.65,330.0,2010-01-12 11:27:00,0.001338,1
201479,508756,13629,United Kingdom,200,1.65,330.0,2010-05-18 11:56:00,0.001338,1
201480,508756,13629,United Kingdom,200,1.65,330.0,2010-05-18 11:56:00,0.001338,1
277769,516430,17511,United Kingdom,200,1.65,330.0,2010-07-20 11:47:00,0.001338,1
277774,516430,17511,United Kingdom,200,1.65,330.0,2010-07-20 11:47:00,0.001338,1
39417,492724,14646,Netherlands,144,0.38,54.72,2009-12-18 10:59:00,0.00133,1
385606,526423,16915,United Kingdom,4,34.95,139.8,2010-10-11 15:00:00,0.001306,1
211446,509873,17511,United Kingdom,100,3.75,375.0,2010-05-26 11:12:00,0.001272,1
388841,526761,14646,Netherlands,288,0.55,158.4,2010-10-13 10:53:00,0.001253,1
388871,526761,14646,Netherlands,288,0.55,158.4,2010-10-13 10:53:00,0.001253,1
388872,526761,14646,Netherlands,288,0.55,158.4,2010-10-13 10:53:00,0.001253,1
128216,501614,13694,United Kingdom,160,1.45,232.0,2010-03-18 10:58:00,0.001249,1
390835,526938,17409,United Kingdom,160,1.45,232.0,2010-10-14 10:10:00,0.001249,1
118147,500663,17700,United Kingdom,1,125.0,125.0,2010-03-09 12:10:00,0.001241,1
254102,513934,14224,United Kingdom,1,125.0,125.0,2010-06-29 12:30:00,0.001241,1
102468,499176,16684,United Kingdom,60,6.35,381.0,2010-02-25 10:20:00,0.001213,1
159784,504624,18061,United Kingdom,150,2.1,315.0,2010-04-15 12:10:00,0.001198,1
466338,533352,14646,Netherlands,200,1.25,250.0,2010-11-17 10:01:00,0.001194,1
69992,495591,14646,Netherlands,288,0.53,152.64,2010-01-26 10:25:00,0.001192,1
190952,507440,18095,United Kingdom,24,8.5,204.0,2010-05-10 09:24:00,0.001187,1
297490,518377,12980,United Kingdom,48,4.65,223.2,2010-08-08 10:51:00,0.001171,1
297491,518377,12980,United Kingdom,48,4.65,223.2,2010-08-08 10:51:00,0.001171,1
228838,511514,15523,United Kingdom,30,8.5,255.0,2010-06-08 16:06:00,0.001168,1
305000,519184,13316,United Kingdom,144,0.32,46.08,2010-08-13 15:07:00,0.001158,1
304313,519057,12960,United Kingdom,240,0.21,50.4,2010-08-13 11:33:00,0.001153,1
170583,505560,17949,United Kingdom,150,0.42,63.0,2010-04-23 10:20:00,0.001137,1
393030,527145,12409,Switzerland,96,1.85,177.6,2010-10-15 10:24:00,0.001132,1
354908,523921,14646,Netherlands,96,1.45,139.2,2010-09-24 16:19:00,0.001125,1
354919,523921,14646,Netherlands,96,1.45,139.2,2010-09-24 16:19:00,0.001125,1
354953,523921,14646,Netherlands,96,1.45,139.2,2010-09-24 16:19:00,0.001125,1
354980,523921,14646,Netherlands,96,1.45,139.2,2010-09-24 16:19:00,0.001125,1
354982,523921,14646,Netherlands,96,1.45,139.2,2010-09-24 16:19:00,0.001125,1
65305,495228,14646,Netherlands,80,1.25,100.0,2010-01-22 08:28:00,0.001093,1
464496,533280,15523,United Kingdom,360,0.42,151.2,2010-11-16 15:27:00,0.001068,1
464497,533280,15523,United Kingdom,360,0.42,151.2,2010-11-16 15:27:00,0.001068,1
356644,524010,12449,Denmark,144,1.06,152.64,2010-09-27 09:37:00,0.001063,1
412419,528775,16133,United Kingdom,144,1.06,152.64,2010-10-25 09:57:00,0.001063,1
458716,532823,16126,United Kingdom,144,1.06,152.64,2010-11-15 09:02:00,0.001063,1
458717,532823,16126,United Kingdom,144,1.06,152.64,2010-11-15 09:02:00,0.001063,1
5909,489862,17809,United Kingdom,72,5.45,392.4,2009-12-02 14:52:00,0.001048,1
491252,535382,17921,United Kingdom,1,29.95,29.95,2010-11-25 19:24:00,0.001037,1
326508,521219,13089,United Kingdom,36,5.95,214.2,2010-09-03 10:13:00,0.001022,1
295523,518157,13798,United Kingdom,192,0.85,163.2,2010-08-05 09:35:00,0.00097,1
463372,533120,14156,EIRE,60,6.75,405.0,2010-11-16 12:32:00,0.000942,1
463377,533120,14156,EIRE,60,6.75,405.0,2010-11-16 12:32:00,0.000942,1
151986,503852,14145,United Kingdom,60,4.95,297.0,2010-04-08 09:47:00,0.000937,1
161828,504867,13408,United Kingdom,16,10.95,175.2,2010-04-18 12:31:00,0.000929,1
171853,505707,14156,EIRE,16,10.95,175.2,2010-04-25 12:11:00,0.000929,1
223647,511062,16652,United Kingdom,16,10.95,175.2,2010-06-06 12:41:00,0.000929,1
283051,516925,15946,United Kingdom,16,10.95,175.2,2010-07-25 12:16:00,0.000929,1
297733,518392,14299,United Kingdom,16,10.95,175.2,2010-08-08 12:28:00,0.000929,1
321506,520707,17584,United Kingdom,16,10.95,175.2,2010-08-29 12:43:00,0.000929,1
422997,529834,17413,United Kingdom,16,10.95,175.2,2010-10-31 12:33:00,0.000929,1
106666,499619,17305,United Kingdom,144,2.1,302.4,2010-03-01 12:47:00,0.000923,1
459872,532956,17389,United Kingdom,144,2.1,302.4,2010-11-15 12:19:00,0.000923,1
32968,492098,16749,United Kingdom,128,2.55,326.4,2009-12-15 14:05:00,0.000922,1
502407,536251,15856,United Kingdom,128,2.55,326.4,2010-11-30 14:49:00,0.000922,1
347598,523195,13802,United Kingdom,16,10.95,175.2,2010-09-21 08:25:00,0.000918,1
386054,526486,14199,United Kingdom,16,10.95,175.2,2010-10-12 08:25:00,0.000918,1
354970,523921,14646,Netherlands,12,12.75,153.0,2010-09-24 16:19:00,0.000912,1
29944,491961,15640,United Kingdom,24,9.95,238.8,2009-12-14 16:36:00,0.000897,1
230215,511640,13881,United Kingdom,240,1.06,254.4,2010-06-09 13:22:00,0.000882,1
376106,525740,15973,United Kingdom,18,10.95,197.1,2010-10-07 08:33:00,0.00086,1
47546,493819,14156,EIRE,60,7.65,459.0,2010-01-07 12:34:00,0.000851,1
47547,493819,14156,EIRE,60,7.65,459.0,2010-01-07 12:34:00,0.000851,1
254893,513965,12380,Belgium,6,24.95,149.7,2010-06-29 15:28:00,0.000844,1
254897,513965,12380,Belgium,6,24.95,149.7,2010-06-29 15:28:00,0.000844,1
469413,533596,14646,Netherlands,200,1.65,330.0,2010-11-18 12:19:00,0.000835,1
39410,492720,16772,United Kingdom,24,8.5,204.0,2009-12-18 10:50:00,0.000813,1
188147,507245,17949,United Kingdom,24,8.5,204.0,2010-05-07 10:44:00,0.000813,1
390657,526919,14316,United Kingdom,288,0.21,60.48,2010-10-13 16:31:00,0.000781,1
101004,498926,13694,United Kingdom,288,0.42,120.96,2010-02-24 10:10:00,0.00078,1
388897,526761,14646,Netherlands,288,0.42,120.96,2010-10-13 10:53:00,0.00078,1
101802,499059,12939,United Kingdom,150,1.95,292.5,2010-02-24 13:55:00,0.000773,1
190950,507440,18095,United Kingdom,144,0.72,103.68,2010-05-10 09:24:00,0.00075,1
458718,532823,16126,United Kingdom,144,0.72,103.68,2010-11-15 09:02:00,0.00075,1
458721,532823,16126,United Kingdom,144,0.72,103.68,2010-11-15 09:02:00,0.00075,1
341954,522773,12369,Austria,5,40.0,200.0,2010-09-16 14:34:00,0.000745,1
95385,498395,14646,Netherlands,216,1.06,228.96,2010-02-18 15:13:00,0.00074,1
187078,507178,14646,Netherlands,216,1.06,228.96,2010-05-06 15:17:00,0.00074,1
187121,507179,14646,Netherlands,216,1.06,228.96,2010-05-06 15:24:00,0.00074,1
507441,536785,15061,United Kingdom,216,1.06,228.96,2010-12-02 15:22:00,0.00074,1
161237,504836,14258,United Kingdom,96,2.55,244.8,2010-04-16 14:40:00,0.000735,1
181476,506581,14045,United Kingdom,96,2.55,244.8,2010-04-30 14:10:00,0.000735,1
300845,518673,14646,Netherlands,192,1.06,203.52,2010-08-10 16:10:00,0.000726,1
429247,530381,13520,Switzerland,2,40.0,80.0,2010-11-02 16:52:00,0.000726,1
260588,514515,14828,United Kingdom,200,0.75,150.0,2010-07-04 14:13:00,0.000705,1
49216,493981,14160,United Kingdom,144,1.65,237.6,2010-01-10 12:06:00,0.000702,1
89805,497895,12989,United Kingdom,144,1.65,237.6,2010-02-14 12:37:00,0.000702,1
328497,521430,17404,Sweden,192,1.25,240.0,2010-09-06 11:22:00,0.000693,1
512380,537201,12472,Germany,6,18.0,108.0,2010-12-05 14:19:00,0.000692,1
123437,501155,17849,United Kingdom,2,39.95,79.9,2010-03-14 15:19:00,0.000649,1
464498,533280,15523,United Kingdom,384,0.42,161.28,2010-11-16 15:27:00,0.000638,1
115800,500367,12369,Austria,1,40.0,40.0,2010-03-08 08:09:00,0.000634,1
307648,519404,14646,Netherlands,72,3.39,244.08,2010-08-17 08:56:00,0.000582,1
307667,519404,14646,Netherlands,72,3.39,244.08,2010-08-17 08:56:00,0.000582,1
307668,519404,14646,Netherlands,72,3.39,244.08,2010-08-17 08:56:00,0.000582,1
187060,507178,14646,Netherlands,288,0.55,158.4,2010-05-06 15:17:00,0.000576,1
187077,507178,14646,Netherlands,288,0.55,158.4,2010-05-06 15:17:00,0.000576,1
139783,502771,13694,United Kingdom,144,0.65,93.6,2010-03-26 14:29:00,0.000554,1
139784,502771,13694,United Kingdom,144,0.65,93.6,2010-03-26 14:29:00,0.000554,1
139785,502771,13694,United Kingdom,144,0.65,93.6,2010-03-26 14:29:00,0.000554,1
510686,537053,16168,United Kingdom,120,2.1,252.0,2010-12-05 11:38:00,0.000554,1
129001,501667,13694,United Kingdom,72,5.45,392.4,2010-03-18 14:26:00,0.00055,1
65331,495229,14646,Netherlands,48,2.95,141.6,2010-01-22 08:30:00,0.000543,1
446562,531867,18102,United Kingdom,96,3.86,370.56,2010-11-10 11:30:00,0.000518,1
277591,516350,14493,United Kingdom,1,79.95,79.95,2010-07-20 10:34:00,0.000514,1
102390,499170,16118,United Kingdom,216,0.53,114.48,2010-02-25 09:40:00,0.000506,1
154314,504082,17841,United Kingdom,4,34.95,139.8,2010-04-09 12:40:00,0.0005,1
380754,526089,15281,United Kingdom,4,34.95,139.8,2010-10-08 12:14:00,0.0005,1
493935,535594,17858,United Kingdom,120,0.12,14.4,2010-11-26 16:44:00,0.000468,1
358966,524185,13139,United Kingdom,288,0.21,60.48,2010-09-28 09:12:00,0.000457,1
386202,526498,14739,United Kingdom,288,0.21,60.48,2010-10-12 09:58:00,0.000457,1
298956,518505,14277,France,960,0.06,57.6,2010-08-09 13:10:00,0.000421,1
291735,517817,18087,United Kingdom,144,1.85,266.4,2010-08-02 12:12:00,0.000415,1
220995,510839,16130,United Kingdom,2,19.95,39.9,2010-06-04 08:56:00,0.000386,1
127929,501567,15775,United Kingdom,144,0.19,27.36,2010-03-18 07:32:00,0.000379,1
299234,518547,18102,United Kingdom,96,1.49,143.04,2010-08-09 18:30:00,0.000354,1
299236,518547,18102,United Kingdom,96,1.49,143.04,2010-08-09 18:30:00,0.000354,1
223417,511052,17841,United Kingdom,4,35.95,143.8,2010-06-06 12:15:00,0.000353,1
281373,516775,15061,United Kingdom,100,0.72,72.0,2010-07-22 19:23:00,0.000343,1
127933,501568,16525,United Kingdom,48,4.95,237.6,2010-03-18 08:03:00,0.000337,1
130460,501810,14911,EIRE,1,49.95,49.95,2010-03-19 14:41:00,0.000298,1
274632,516119,14156,EIRE,1,50.0,50.0,2010-07-16 14:41:00,0.000298,1
312691,519829,14911,EIRE,1,50.0,50.0,2010-08-20 14:53:00,0.000298,1
502915,536363,13093,United Kingdom,16,8.5,136.0,2010-11-30 19:27:00,0.000288,1
47754,493840,15874,United Kingdom,30,9.95,298.5,2010-01-07 13:56:00,0.000284,1
65324,495229,14646,Netherlands,20,5.95,119.0,2010-01-22 08:30:00,0.000276,1
275669,516175,13199,United Kingdom,192,0.72,138.24,2010-07-18 14:02:00,0.000276,1
126982,501525,16553,United Kingdom,432,0.25,108.0,2010-03-17 12:19:00,0.000271,1
126984,501525,16553,United Kingdom,432,0.25,108.0,2010-03-17 12:19:00,0.000271,1
255808,514082,16684,United Kingdom,432,0.25,108.0,2010-06-30 12:02:00,0.000271,1
443879,531733,17428,United Kingdom,48,7.65,367.2,2010-11-09 12:27:00,0.000267,1
195970,508147,18092,United Kingdom,240,1.06,254.4,2010-05-13 11:26:00,0.000235,1
488220,535104,16684,United Kingdom,240,1.06,254.4,2010-11-25 11:04:00,0.000235,1
485322,534793,13694,United Kingdom,480,0.19,91.2,2010-11-24 11:42:00,0.000215,1
416904,529197,12505,Italy,6,28.0,168.0,2010-10-27 09:18:00,0.000205,1
106307,499521,13694,United Kingdom,288,0.18,51.84,2010-03-01 10:14:00,0.000188,1
12209,490376,13958,United Kingdom,108,1.25,135.0,2009-12-05 13:12:00,0.000176,1
25960,491635,14298,United Kingdom,120,0.65,78.0,2009-12-11 15:46:00,0.000164,1
326706,521244,15061,United Kingdom,144,0.72,103.68,2010-09-03 11:23:00,0.000158,1
326716,521250,15061,United Kingdom,144,0.72,103.68,2010-09-03 11:25:00,0.000158,1
253850,513857,13089,United Kingdom,288,0.72,207.36,2010-06-29 11:29:00,0.000118,1
372506,525317,15311,United Kingdom,288,0.72,207.36,2010-10-05 11:17:00,0.000118,1
133941,502102,16656,United Kingdom,256,0.36,92.16,2010-03-23 09:50:00,0.000114,1
219466,510727,14646,Netherlands,192,1.06,203.52,2010-06-03 10:28:00,0.000114,1
219467,510727,14646,Netherlands,192,1.06,203.52,2010-06-03 10:28:00,0.000114,1
219468,510727,14646,Netherlands,192,1.06,203.52,2010-06-03 10:28:00,0.000114,1
219469,510727,14646,Netherlands,192,1.06,203.52,2010-06-03 10:28:00,0.000114,1
324966,521112,14646,Netherlands,192,1.06,203.52,2010-09-02 10:47:00,0.000114,1
101432,499009,17511,United Kingdom,200,1.65,330.0,2010-02-24 11:59:00,0.000108,1
98188,498587,15928,United Kingdom,12,12.75,153.0,2010-02-21 15:16:00,0.000103,1
207994,509437,12409,Switzerland,12,12.75,153.0,2010-05-23 15:21:00,0.000103,1
355096,523929,14646,Netherlands,100,1.06,106.0,2010-09-24 16:50:00,0.000102,1
10560,490209,17389,United Kingdom,144,1.06,152.64,2009-12-04 12:06:00,8e-05,1
10633,490229,18223,United Kingdom,144,1.06,152.64,2009-12-04 12:20:00,8e-05,1
197389,508333,13694,United Kingdom,144,1.06,152.64,2010-05-14 12:00:00,8e-05,1
157790,504436,14156,EIRE,96,3.75,360.0,2010-04-13 13:33:00,7.1e-05,1
355993,523986,14195,United Kingdom,192,0.85,163.2,2010-09-26 14:06:00,6.1e-05,1
345742,523009,13881,United Kingdom,48,5.95,285.6,2010-09-20 10:01:00,5.5e-05,1
299249,518551,18102,United Kingdom,100,1.19,119.0,2010-08-09 18:34:00,4.7e-05,1
299251,518551,18102,United Kingdom,100,1.19,119.0,2010-08-09 18:34:00,4.7e-05,1
512106,537194,17402,United Kingdom,80,3.39,271.2,2010-12-05 13:53:00,3.1e-05,1
499172,536009,12415,Australia,240,0.72,172.8,2010-11-29 15:07:00,1.9e-05,1
100830,498910,14091,United Kingdom,192,1.25,240.0,2010-02-23 15:17:00,1.8e-05,1
