customer_id,recency_days,frequency,monetary,cluster,segment_name,updated_at
12346,164,11,372.86,0,Champions,2026-07-30 19:54:39
12347,2,2,1323.32,2,Occasional / Low-value,2026-07-30 19:54:39
12348,73,1,222.16,2,Occasional / Low-value,2026-07-30 19:54:39
12349,42,3,2671.14,0,Champions,2026-07-30 19:54:39
12351,10,1,300.93,2,Occasional / Low-value,2026-07-30 19:54:39
12352,10,2,343.8,2,Occasional / Low-value,2026-07-30 19:54:39
12353,43,1,317.76,2,Occasional / Low-value,2026-07-30 19:54:39
12355,202,1,488.21,1,Lost / Lapsed,2026-07-30 19:54:39
12356,15,3,3562.25,0,Champions,2026-07-30 19:54:39
12357,23,2,12079.99,0,Champions,2026-07-30 19:54:39
12358,10,3,2719.01,0,Champions,2026-07-30 19:54:39
12359,60,6,2563.36,0,Champions,2026-07-30 19:54:39
12360,14,5,1590.83,0,Champions,2026-07-30 19:54:39
12361,97,3,321.35,2,Occasional / Low-value,2026-07-30 19:54:39
12362,373,1,130.0,1,Lost / Lapsed,2026-07-30 19:54:39
12366,268,1,500.24,1,Lost / Lapsed,2026-07-30 19:54:39
12368,263,1,917.7,1,Lost / Lapsed,2026-07-30 19:54:39
12369,48,3,1791.15,2,Occasional / Low-value,2026-07-30 19:54:39
12370,259,3,774.62,1,Lost / Lapsed,2026-07-30 19:54:39
12371,44,3,2179.42,0,Champions,2026-07-30 19:54:39
12373,259,2,763.05,1,Lost / Lapsed,2026-07-30 19:54:39
12374,56,3,2246.29,0,Champions,2026-07-30 19:54:39
12376,24,2,503.15,2,Occasional / Low-value,2026-07-30 19:54:39
12377,16,2,1798.2,2,Occasional / Low-value,2026-07-30 19:54:39
12378,197,1,1407.7,1,Lost / Lapsed,2026-07-30 19:54:39
12379,57,2,767.98,2,Occasional / Low-value,2026-07-30 19:54:39
12380,100,7,6951.49,0,Champions,2026-07-30 19:54:39
12385,14,1,1938.4,2,Occasional / Low-value,2026-07-30 19:54:39
12386,1,1,258.9,2,Occasional / Low-value,2026-07-30 19:54:39
12387,50,1,143.94,2,Occasional / Low-value,2026-07-30 19:54:39
12388,80,2,1120.45,2,Occasional / Low-value,2026-07-30 19:54:39
12389,37,3,1433.33,2,Occasional / Low-value,2026-07-30 19:54:39
12391,99,5,2312.53,0,Champions,2026-07-30 19:54:39
12392,226,1,234.75,1,Lost / Lapsed,2026-07-30 19:54:39
12393,17,2,816.85,2,Occasional / Low-value,2026-07-30 19:54:39
12395,6,4,2048.64,0,Champions,2026-07-30 19:54:39
12396,309,1,931.43,1,Lost / Lapsed,2026-07-30 19:54:39
12399,20,3,853.65,2,Occasional / Low-value,2026-07-30 19:54:39
12400,49,1,205.25,2,Occasional / Low-value,2026-07-30 19:54:39
12402,27,5,1031.3,0,Champions,2026-07-30 19:54:39
12403,156,1,591.66,1,Lost / Lapsed,2026-07-30 19:54:39
12404,317,1,63.24,1,Lost / Lapsed,2026-07-30 19:54:39
12406,34,3,2975.06,0,Champions,2026-07-30 19:54:39
12408,20,3,1452.22,2,Occasional / Low-value,2026-07-30 19:54:39
12409,55,4,12346.62,0,Champions,2026-07-30 19:54:39
12410,137,1,320.38,2,Occasional / Low-value,2026-07-30 19:54:39
12411,44,1,346.9,2,Occasional / Low-value,2026-07-30 19:54:39
12412,37,3,1370.05,2,Occasional / Low-value,2026-07-30 19:54:39
12413,37,1,241.35,2,Occasional / Low-value,2026-07-30 19:54:39
12414,98,3,390.0,2,Occasional / Low-value,2026-07-30 19:54:39
12415,10,7,19543.84,0,Champions,2026-07-30 19:54:39
12416,291,1,202.56,1,Lost / Lapsed,2026-07-30 19:54:39
12417,45,11,3167.81,0,Champions,2026-07-30 19:54:39
12418,48,3,1352.62,2,Occasional / Low-value,2026-07-30 19:54:39
12419,20,2,503.01,2,Occasional / Low-value,2026-07-30 19:54:39
12421,50,2,291.56,2,Occasional / Low-value,2026-07-30 19:54:39
12422,29,14,4428.24,0,Champions,2026-07-30 19:54:39
12423,22,2,763.08,2,Occasional / Low-value,2026-07-30 19:54:39
12424,57,2,1579.07,2,Occasional / Low-value,2026-07-30 19:54:39
12425,83,1,964.21,2,Occasional / Low-value,2026-07-30 19:54:39
12426,297,1,762.48,1,Lost / Lapsed,2026-07-30 19:54:39
12427,6,1,303.5,2,Occasional / Low-value,2026-07-30 19:54:39
12429,0,5,3735.51,0,Champions,2026-07-30 19:54:39
12431,8,13,4370.52,0,Champions,2026-07-30 19:54:39
12433,1,5,7205.39,0,Champions,2026-07-30 19:54:39
12434,16,1,297.29,2,Occasional / Low-value,2026-07-30 19:54:39
12435,31,4,6096.04,0,Champions,2026-07-30 19:54:39
12437,30,21,7731.99,0,Champions,2026-07-30 19:54:39
12439,317,2,1158.18,1,Lost / Lapsed,2026-07-30 19:54:39
12440,97,2,859.2,2,Occasional / Low-value,2026-07-30 19:54:39
12441,1,1,173.55,2,Occasional / Low-value,2026-07-30 19:54:39
12443,367,1,485.31,1,Lost / Lapsed,2026-07-30 19:54:39
12445,55,1,301.58,2,Occasional / Low-value,2026-07-30 19:54:39
12449,45,2,768.6,2,Occasional / Low-value,2026-07-30 19:54:39
12450,34,3,490.32,2,Occasional / Low-value,2026-07-30 19:54:39
12451,98,3,3634.36,0,Champions,2026-07-30 19:54:39
12454,30,4,13151.44,0,Champions,2026-07-30 19:54:39
12455,80,4,3413.09,0,Champions,2026-07-30 19:54:39
12457,70,1,632.68,2,Occasional / Low-value,2026-07-30 19:54:39
12458,62,2,830.09,2,Occasional / Low-value,2026-07-30 19:54:39
12459,240,1,454.36,1,Lost / Lapsed,2026-07-30 19:54:39
12460,91,1,326.65,2,Occasional / Low-value,2026-07-30 19:54:39
12466,317,1,56.73,1,Lost / Lapsed,2026-07-30 19:54:39
12467,58,1,132.8,2,Occasional / Low-value,2026-07-30 19:54:39
12468,161,3,2941.2,0,Champions,2026-07-30 19:54:39
12469,157,2,3070.54,2,Occasional / Low-value,2026-07-30 19:54:39
12470,324,1,211.95,1,Lost / Lapsed,2026-07-30 19:54:39
12471,9,49,20139.74,0,Champions,2026-07-30 19:54:39
12472,4,13,11308.48,0,Champions,2026-07-30 19:54:39
12474,13,13,5048.66,0,Champions,2026-07-30 19:54:39
12475,44,1,426.26,2,Occasional / Low-value,2026-07-30 19:54:39
12476,31,12,7298.99,0,Champions,2026-07-30 19:54:39
12477,34,3,7056.63,0,Champions,2026-07-30 19:54:39
12480,34,3,2183.22,0,Champions,2026-07-30 19:54:39
12481,0,6,6765.07,0,Champions,2026-07-30 19:54:39
12482,211,29,23691.4,0,Champions,2026-07-30 19:54:39
12483,13,11,2635.6,0,Champions,2026-07-30 19:54:39
12484,118,6,1828.43,0,Champions,2026-07-30 19:54:39
12485,164,1,708.1,1,Lost / Lapsed,2026-07-30 19:54:39
12486,66,1,1037.28,2,Occasional / Low-value,2026-07-30 19:54:39
12487,365,1,285.3,1,Lost / Lapsed,2026-07-30 19:54:39
12490,13,11,4405.71,0,Champions,2026-07-30 19:54:39
12492,38,1,452.0,2,Occasional / Low-value,2026-07-30 19:54:39
12494,0,3,626.77,2,Occasional / Low-value,2026-07-30 19:54:39
12495,275,1,357.4,1,Lost / Lapsed,2026-07-30 19:54:39
12496,255,2,54.09,1,Lost / Lapsed,2026-07-30 19:54:39
12497,35,2,5205.4,0,Champions,2026-07-30 19:54:39
12499,195,1,393.72,1,Lost / Lapsed,2026-07-30 19:54:39
12500,70,8,1697.39,0,Champions,2026-07-30 19:54:39
12503,219,1,1126.0,1,Lost / Lapsed,2026-07-30 19:54:39
12504,52,2,297.0,2,Occasional / Low-value,2026-07-30 19:54:39
12505,43,1,955.2,2,Occasional / Low-value,2026-07-30 19:54:39
12507,219,1,539.25,1,Lost / Lapsed,2026-07-30 19:54:39
12510,94,7,4195.45,0,Champions,2026-07-30 19:54:39
12511,63,1,3084.02,2,Occasional / Low-value,2026-07-30 19:54:39
12514,276,1,580.08,1,Lost / Lapsed,2026-07-30 19:54:39
12516,65,2,1336.56,2,Occasional / Low-value,2026-07-30 19:54:39
12519,111,1,385.7,2,Occasional / Low-value,2026-07-30 19:54:39
12523,9,12,2582.38,0,Champions,2026-07-30 19:54:39
12524,23,9,6640.39,0,Champions,2026-07-30 19:54:39
12525,133,3,973.73,2,Occasional / Low-value,2026-07-30 19:54:39
12527,129,2,386.8,2,Occasional / Low-value,2026-07-30 19:54:39
12529,163,1,316.48,1,Lost / Lapsed,2026-07-30 19:54:39
12530,50,5,2096.98,0,Champions,2026-07-30 19:54:39
12531,321,1,1807.98,1,Lost / Lapsed,2026-07-30 19:54:39
12533,262,2,1367.89,1,Lost / Lapsed,2026-07-30 19:54:39
12537,43,1,732.94,2,Occasional / Low-value,2026-07-30 19:54:39
12538,13,1,276.5,2,Occasional / Low-value,2026-07-30 19:54:39
12539,85,3,5646.4,0,Champions,2026-07-30 19:54:39
12540,13,16,8854.25,0,Champions,2026-07-30 19:54:39
12542,119,2,481.88,2,Occasional / Low-value,2026-07-30 19:54:39
12543,83,1,980.25,2,Occasional / Low-value,2026-07-30 19:54:39
12547,135,1,175.78,1,Lost / Lapsed,2026-07-30 19:54:39
12549,210,6,1575.68,0,Champions,2026-07-30 19:54:39
12553,20,2,916.47,2,Occasional / Low-value,2026-07-30 19:54:39
12554,83,1,468.5,2,Occasional / Low-value,2026-07-30 19:54:39
12555,317,1,129.23,1,Lost / Lapsed,2026-07-30 19:54:39
12557,6,4,6725.18,0,Champions,2026-07-30 19:54:39
12562,20,2,1185.18,2,Occasional / Low-value,2026-07-30 19:54:39
12563,43,1,249.24,2,Occasional / Low-value,2026-07-30 19:54:39
12567,2,7,4308.58,0,Champions,2026-07-30 19:54:39
12568,279,1,70.0,1,Lost / Lapsed,2026-07-30 19:54:39
12570,317,1,77.52,1,Lost / Lapsed,2026-07-30 19:54:39
12573,16,4,556.87,2,Occasional / Low-value,2026-07-30 19:54:39
12575,92,2,622.82,2,Occasional / Low-value,2026-07-30 19:54:39
12576,27,3,826.89,2,Occasional / Low-value,2026-07-30 19:54:39
12577,16,5,995.95,0,Champions,2026-07-30 19:54:39
12578,20,2,1847.94,2,Occasional / Low-value,2026-07-30 19:54:39
12580,211,1,637.2,1,Lost / Lapsed,2026-07-30 19:54:39
12582,57,2,1469.04,2,Occasional / Low-value,2026-07-30 19:54:39
12583,8,13,7166.06,0,Champions,2026-07-30 19:54:39
12586,9,3,1865.73,0,Champions,2026-07-30 19:54:39
12588,34,3,743.88,2,Occasional / Low-value,2026-07-30 19:54:39
12589,56,6,4048.98,0,Champions,2026-07-30 19:54:39
12591,25,2,899.3,2,Occasional / Low-value,2026-07-30 19:54:39
12592,154,3,2145.06,2,Occasional / Low-value,2026-07-30 19:54:39
12594,13,5,1751.89,0,Champions,2026-07-30 19:54:39
12595,139,1,299.02,2,Occasional / Low-value,2026-07-30 19:54:39
12598,98,3,1511.01,2,Occasional / Low-value,2026-07-30 19:54:39
12599,16,6,1264.14,0,Champions,2026-07-30 19:54:39
12600,6,12,2444.88,0,Champions,2026-07-30 19:54:39
12601,39,1,104.2,2,Occasional / Low-value,2026-07-30 19:54:39
12605,11,4,1232.95,0,Champions,2026-07-30 19:54:39
12606,317,1,21.0,1,Lost / Lapsed,2026-07-30 19:54:39
12608,39,1,415.79,2,Occasional / Low-value,2026-07-30 19:54:39
12609,9,6,2309.01,0,Champions,2026-07-30 19:54:39
12613,23,5,3490.69,0,Champions,2026-07-30 19:54:39
12615,48,4,3449.79,0,Champions,2026-07-30 19:54:39
12616,23,1,417.8,2,Occasional / Low-value,2026-07-30 19:54:39
12619,195,1,140.14,1,Lost / Lapsed,2026-07-30 19:54:39
12621,0,16,11086.14,0,Champions,2026-07-30 19:54:39
12623,51,6,3442.74,0,Champions,2026-07-30 19:54:39
12625,144,2,2481.06,2,Occasional / Low-value,2026-07-30 19:54:39
12629,20,2,1558.22,2,Occasional / Low-value,2026-07-30 19:54:39
12631,91,5,2841.07,0,Champions,2026-07-30 19:54:39
12632,155,2,804.88,2,Occasional / Low-value,2026-07-30 19:54:39
12633,17,3,3514.18,0,Champions,2026-07-30 19:54:39
12634,170,2,490.0,1,Lost / Lapsed,2026-07-30 19:54:39
12635,27,2,1241.23,2,Occasional / Low-value,2026-07-30 19:54:39
12636,373,1,141.0,1,Lost / Lapsed,2026-07-30 19:54:39
12637,13,4,2318.41,0,Champions,2026-07-30 19:54:39
12638,274,1,249.8,1,Lost / Lapsed,2026-07-30 19:54:39
12639,69,2,826.27,2,Occasional / Low-value,2026-07-30 19:54:39
12643,20,6,5005.78,0,Champions,2026-07-30 19:54:39
12644,65,3,1440.58,2,Occasional / Low-value,2026-07-30 19:54:39
12645,44,4,1764.12,0,Champions,2026-07-30 19:54:39
12647,2,27,14201.53,0,Champions,2026-07-30 19:54:39
12648,72,3,793.95,2,Occasional / Low-value,2026-07-30 19:54:39
12649,17,5,1671.14,0,Champions,2026-07-30 19:54:39
12651,13,3,263.75,2,Occasional / Low-value,2026-07-30 19:54:39
12652,69,1,97.05,2,Occasional / Low-value,2026-07-30 19:54:39
12653,161,1,1950.98,2,Occasional / Low-value,2026-07-30 19:54:39
12655,58,1,261.35,2,Occasional / Low-value,2026-07-30 19:54:39
12656,60,3,2356.66,0,Champions,2026-07-30 19:54:39
12661,71,1,162.0,2,Occasional / Low-value,2026-07-30 19:54:39
12662,8,10,3138.24,0,Champions,2026-07-30 19:54:39
12663,259,2,239.4,1,Lost / Lapsed,2026-07-30 19:54:39
12664,149,2,1188.16,2,Occasional / Low-value,2026-07-30 19:54:39
12665,52,2,250.6,2,Occasional / Low-value,2026-07-30 19:54:39
12666,29,1,1248.42,2,Occasional / Low-value,2026-07-30 19:54:39
12668,13,6,7637.53,0,Champions,2026-07-30 19:54:39
12670,20,2,764.24,2,Occasional / Low-value,2026-07-30 19:54:39
12671,241,1,2622.48,1,Lost / Lapsed,2026-07-30 19:54:39
12672,230,1,211.15,1,Lost / Lapsed,2026-07-30 19:54:39
12673,36,1,619.5,2,Occasional / Low-value,2026-07-30 19:54:39
12675,188,2,958.5,1,Lost / Lapsed,2026-07-30 19:54:39
12676,43,5,1511.7,0,Champions,2026-07-30 19:54:39
12677,190,2,395.1,1,Lost / Lapsed,2026-07-30 19:54:39
12678,10,9,16652.72,0,Champions,2026-07-30 19:54:39
12681,2,24,17080.74,0,Champions,2026-07-30 19:54:39
12682,0,23,11745.69,0,Champions,2026-07-30 19:54:39
12683,0,8,4220.21,0,Champions,2026-07-30 19:54:39
12686,6,1,89.14,2,Occasional / Low-value,2026-07-30 19:54:39
12687,115,2,2138.91,2,Occasional / Low-value,2026-07-30 19:54:39
12691,55,1,134.6,2,Occasional / Low-value,2026-07-30 19:54:39
12692,272,1,110.95,1,Lost / Lapsed,2026-07-30 19:54:39
12693,31,3,847.11,2,Occasional / Low-value,2026-07-30 19:54:39
12694,56,1,973.68,2,Occasional / Low-value,2026-07-30 19:54:39
12695,163,3,825.02,2,Occasional / Low-value,2026-07-30 19:54:39
12696,69,2,851.91,2,Occasional / Low-value,2026-07-30 19:54:39
12698,225,1,339.75,1,Lost / Lapsed,2026-07-30 19:54:39
12699,52,1,638.11,2,Occasional / Low-value,2026-07-30 19:54:39
12701,164,4,1648.7,0,Champions,2026-07-30 19:54:39
12703,268,3,722.98,1,Lost / Lapsed,2026-07-30 19:54:39
12705,18,5,4893.81,0,Champions,2026-07-30 19:54:39
12708,3,9,2601.19,0,Champions,2026-07-30 19:54:39
12709,1,20,21356.82,0,Champions,2026-07-30 19:54:39
12711,246,2,1339.05,1,Lost / Lapsed,2026-07-30 19:54:39
12712,0,10,2797.53,0,Champions,2026-07-30 19:54:39
12714,23,7,9384.85,0,Champions,2026-07-30 19:54:39
12717,225,1,277.93,1,Lost / Lapsed,2026-07-30 19:54:39
12720,4,6,2478.94,0,Champions,2026-07-30 19:54:39
12721,20,2,1356.95,2,Occasional / Low-value,2026-07-30 19:54:39
12724,18,3,1286.11,2,Occasional / Low-value,2026-07-30 19:54:39
12725,6,4,2266.76,0,Champions,2026-07-30 19:54:39
12726,22,4,1405.5,0,Champions,2026-07-30 19:54:39
12727,77,3,1698.83,2,Occasional / Low-value,2026-07-30 19:54:39
12728,18,1,233.84,2,Occasional / Low-value,2026-07-30 19:54:39
12730,156,1,829.25,2,Occasional / Low-value,2026-07-30 19:54:39
12731,77,5,6879.8,0,Champions,2026-07-30 19:54:39
12733,24,3,2040.92,0,Champions,2026-07-30 19:54:39
12734,9,2,529.25,2,Occasional / Low-value,2026-07-30 19:54:39
12737,133,2,3710.5,2,Occasional / Low-value,2026-07-30 19:54:39
12738,7,1,155.35,2,Occasional / Low-value,2026-07-30 19:54:39
12739,20,2,1713.69,2,Occasional / Low-value,2026-07-30 19:54:39
12741,164,2,406.07,1,Lost / Lapsed,2026-07-30 19:54:39
12742,260,1,1201.52,1,Lost / Lapsed,2026-07-30 19:54:39
12744,94,4,4037.77,0,Champions,2026-07-30 19:54:39
12745,121,3,925.41,2,Occasional / Low-value,2026-07-30 19:54:39
12746,175,1,254.55,1,Lost / Lapsed,2026-07-30 19:54:39
12747,4,16,5080.53,0,Champions,2026-07-30 19:54:39
12748,0,144,22879.66,0,Champions,2026-07-30 19:54:39
12749,34,4,2806.48,0,Champions,2026-07-30 19:54:39
12751,79,1,268.27,2,Occasional / Low-value,2026-07-30 19:54:39
12755,0,10,5218.71,0,Champions,2026-07-30 19:54:39
12758,94,5,7111.65,0,Champions,2026-07-30 19:54:39
12759,21,5,3489.3,0,Champions,2026-07-30 19:54:39
12760,90,1,347.8,2,Occasional / Low-value,2026-07-30 19:54:39
12761,92,2,782.95,2,Occasional / Low-value,2026-07-30 19:54:39
12763,4,1,320.08,2,Occasional / Low-value,2026-07-30 19:54:39
12765,107,6,1404.58,0,Champions,2026-07-30 19:54:39
12766,1,3,3078.65,0,Champions,2026-07-30 19:54:39
12767,10,1,949.82,2,Occasional / Low-value,2026-07-30 19:54:39
12768,85,1,168.69,2,Occasional / Low-value,2026-07-30 19:54:39
12770,91,1,1895.0,2,Occasional / Low-value,2026-07-30 19:54:39
12771,120,1,282.3,2,Occasional / Low-value,2026-07-30 19:54:39
12773,199,1,124.25,1,Lost / Lapsed,2026-07-30 19:54:39
12774,170,1,98.7,1,Lost / Lapsed,2026-07-30 19:54:39
12775,23,2,300.08,2,Occasional / Low-value,2026-07-30 19:54:39
12776,302,1,55.5,1,Lost / Lapsed,2026-07-30 19:54:39
12777,92,1,519.45,2,Occasional / Low-value,2026-07-30 19:54:39
12778,31,3,953.45,2,Occasional / Low-value,2026-07-30 19:54:39
12779,6,7,2740.91,0,Champions,2026-07-30 19:54:39
12780,233,1,337.4,1,Lost / Lapsed,2026-07-30 19:54:39
12782,9,6,2287.32,0,Champions,2026-07-30 19:54:39
12784,164,1,1230.33,2,Occasional / Low-value,2026-07-30 19:54:39
12785,170,2,788.45,1,Lost / Lapsed,2026-07-30 19:54:39
12786,244,1,728.5,1,Lost / Lapsed,2026-07-30 19:54:39
12787,48,1,398.52,2,Occasional / Low-value,2026-07-30 19:54:39
12788,98,4,444.9,2,Occasional / Low-value,2026-07-30 19:54:39
12789,147,2,181.5,1,Lost / Lapsed,2026-07-30 19:54:39
12790,45,1,266.93,2,Occasional / Low-value,2026-07-30 19:54:39
12791,8,6,863.51,0,Champions,2026-07-30 19:54:39
12792,169,1,426.47,1,Lost / Lapsed,2026-07-30 19:54:39
12793,6,2,471.85,2,Occasional / Low-value,2026-07-30 19:54:39
12796,263,1,381.0,1,Lost / Lapsed,2026-07-30 19:54:39
12797,0,2,552.08,2,Occasional / Low-value,2026-07-30 19:54:39
12798,56,1,1533.89,2,Occasional / Low-value,2026-07-30 19:54:39
12799,164,1,219.35,1,Lost / Lapsed,2026-07-30 19:54:39
12800,105,3,584.25,2,Occasional / Low-value,2026-07-30 19:54:39
12801,135,1,1071.82,2,Occasional / Low-value,2026-07-30 19:54:39
12802,77,6,1988.84,0,Champions,2026-07-30 19:54:39
12803,28,1,1092.81,2,Occasional / Low-value,2026-07-30 19:54:39
12804,100,2,327.02,2,Occasional / Low-value,2026-07-30 19:54:39
12805,16,4,1434.95,0,Champions,2026-07-30 19:54:39
12806,70,4,2878.96,0,Champions,2026-07-30 19:54:39
12807,18,1,330.35,2,Occasional / Low-value,2026-07-30 19:54:39
12808,3,3,422.45,2,Occasional / Low-value,2026-07-30 19:54:39
12809,200,2,1266.63,1,Lost / Lapsed,2026-07-30 19:54:39
12810,169,2,534.99,1,Lost / Lapsed,2026-07-30 19:54:39
12811,13,2,519.05,2,Occasional / Low-value,2026-07-30 19:54:39
12813,136,3,1687.8,2,Occasional / Low-value,2026-07-30 19:54:39
12817,34,2,524.94,2,Occasional / Low-value,2026-07-30 19:54:39
12819,93,1,540.52,2,Occasional / Low-value,2026-07-30 19:54:39
12820,32,7,1747.18,0,Champions,2026-07-30 19:54:39
12821,246,1,128.08,1,Lost / Lapsed,2026-07-30 19:54:39
12823,29,13,4742.0,0,Champions,2026-07-30 19:54:39
12825,156,2,518.63,2,Occasional / Low-value,2026-07-30 19:54:39
12826,0,6,1481.03,0,Champions,2026-07-30 19:54:39
12829,185,1,92.3,1,Lost / Lapsed,2026-07-30 19:54:39
12831,98,2,236.06,2,Occasional / Low-value,2026-07-30 19:54:39
12835,62,41,6043.31,0,Champions,2026-07-30 19:54:39
12836,24,11,3972.76,0,Champions,2026-07-30 19:54:39
12837,204,1,554.31,1,Lost / Lapsed,2026-07-30 19:54:39
12838,8,9,2715.35,0,Champions,2026-07-30 19:54:39
12839,2,13,4480.31,0,Champions,2026-07-30 19:54:39
12840,72,3,1315.2,2,Occasional / Low-value,2026-07-30 19:54:39
12841,4,17,3518.33,0,Champions,2026-07-30 19:54:39
12842,39,2,799.0,2,Occasional / Low-value,2026-07-30 19:54:39
12843,17,22,4886.15,0,Champions,2026-07-30 19:54:39
12844,77,2,322.64,2,Occasional / Low-value,2026-07-30 19:54:39
12846,317,1,15.58,1,Lost / Lapsed,2026-07-30 19:54:39
12847,22,1,765.36,2,Occasional / Low-value,2026-07-30 19:54:39
12848,310,1,208.0,1,Lost / Lapsed,2026-07-30 19:54:39
12849,16,4,2039.67,0,Champions,2026-07-30 19:54:39
12850,80,1,330.0,2,Occasional / Low-value,2026-07-30 19:54:39
12851,112,1,148.95,2,Occasional / Low-value,2026-07-30 19:54:39
12853,62,5,1950.4,0,Champions,2026-07-30 19:54:39
12854,196,4,1669.52,1,Lost / Lapsed,2026-07-30 19:54:39
12855,7,4,612.84,2,Occasional / Low-value,2026-07-30 19:54:39
12857,71,4,2581.6,0,Champions,2026-07-30 19:54:39
12858,18,1,177.92,2,Occasional / Low-value,2026-07-30 19:54:39
12859,93,1,575.1,2,Occasional / Low-value,2026-07-30 19:54:39
12860,328,1,55.47,1,Lost / Lapsed,2026-07-30 19:54:39
12861,254,1,68.25,1,Lost / Lapsed,2026-07-30 19:54:39
12862,60,2,1008.32,2,Occasional / Low-value,2026-07-30 19:54:39
12863,14,5,2271.35,0,Champions,2026-07-30 19:54:39
12864,143,1,152.45,1,Lost / Lapsed,2026-07-30 19:54:39
12865,13,2,1755.24,2,Occasional / Low-value,2026-07-30 19:54:39
12866,109,2,668.23,2,Occasional / Low-value,2026-07-30 19:54:39
12867,32,6,3876.47,0,Champions,2026-07-30 19:54:39
12868,8,3,640.0,2,Occasional / Low-value,2026-07-30 19:54:39
12869,316,1,337.67,1,Lost / Lapsed,2026-07-30 19:54:39
12870,10,3,1676.95,2,Occasional / Low-value,2026-07-30 19:54:39
12871,74,1,363.38,2,Occasional / Low-value,2026-07-30 19:54:39
12872,0,11,3085.52,0,Champions,2026-07-30 19:54:39
12873,32,2,1653.3,2,Occasional / Low-value,2026-07-30 19:54:39
12874,20,2,948.42,2,Occasional / Low-value,2026-07-30 19:54:39
12875,106,3,1013.76,2,Occasional / Low-value,2026-07-30 19:54:39
12876,29,2,1863.77,2,Occasional / Low-value,2026-07-30 19:54:39
12877,36,8,1419.4,0,Champions,2026-07-30 19:54:39
12880,16,2,640.13,2,Occasional / Low-value,2026-07-30 19:54:39
12887,18,1,222.4,2,Occasional / Low-value,2026-07-30 19:54:39
12889,16,4,385.46,2,Occasional / Low-value,2026-07-30 19:54:39
12890,22,1,336.8,2,Occasional / Low-value,2026-07-30 19:54:39
12891,93,8,509.5,0,Champions,2026-07-30 19:54:39
12892,31,1,263.38,2,Occasional / Low-value,2026-07-30 19:54:39
12894,210,1,157.35,1,Lost / Lapsed,2026-07-30 19:54:39
12897,16,2,297.75,2,Occasional / Low-value,2026-07-30 19:54:39
12898,98,2,310.96,2,Occasional / Low-value,2026-07-30 19:54:39
12899,48,1,366.4,2,Occasional / Low-value,2026-07-30 19:54:39
12900,57,1,340.33,2,Occasional / Low-value,2026-07-30 19:54:39
12903,63,1,833.53,2,Occasional / Low-value,2026-07-30 19:54:39
12905,211,2,1018.42,1,Lost / Lapsed,2026-07-30 19:54:39
12907,30,2,508.91,2,Occasional / Low-value,2026-07-30 19:54:39
12908,15,3,1026.0,2,Occasional / Low-value,2026-07-30 19:54:39
12909,59,3,924.52,2,Occasional / Low-value,2026-07-30 19:54:39
12910,14,5,2721.48,0,Champions,2026-07-30 19:54:39
12911,186,1,1680.47,1,Lost / Lapsed,2026-07-30 19:54:39
12913,3,9,4217.23,0,Champions,2026-07-30 19:54:39
12914,35,1,223.98,2,Occasional / Low-value,2026-07-30 19:54:39
12915,7,3,811.1,2,Occasional / Low-value,2026-07-30 19:54:39
12916,77,3,1647.87,2,Occasional / Low-value,2026-07-30 19:54:39
12917,35,5,3765.2,0,Champions,2026-07-30 19:54:39
12918,261,1,10953.5,1,Lost / Lapsed,2026-07-30 19:54:39
12920,206,3,323.86,1,Lost / Lapsed,2026-07-30 19:54:39
12921,1,39,19333.95,0,Champions,2026-07-30 19:54:39
12923,25,2,612.9,2,Occasional / Low-value,2026-07-30 19:54:39
12924,28,8,1535.7,0,Champions,2026-07-30 19:54:39
12925,227,1,35.28,1,Lost / Lapsed,2026-07-30 19:54:39
12926,46,4,1548.46,0,Champions,2026-07-30 19:54:39
12927,29,1,197.31,2,Occasional / Low-value,2026-07-30 19:54:39
12928,13,7,2242.19,0,Champions,2026-07-30 19:54:39
12931,15,42,50291.38,0,Champions,2026-07-30 19:54:39
12932,174,8,1698.56,0,Champions,2026-07-30 19:54:39
12933,15,5,1079.5,0,Champions,2026-07-30 19:54:39
12934,371,1,181.65,1,Lost / Lapsed,2026-07-30 19:54:39
12935,10,8,2083.16,0,Champions,2026-07-30 19:54:39
12937,98,5,1593.34,0,Champions,2026-07-30 19:54:39
12939,14,12,13683.0,0,Champions,2026-07-30 19:54:39
12941,359,1,377.49,1,Lost / Lapsed,2026-07-30 19:54:39
12942,0,1,258.75,2,Occasional / Low-value,2026-07-30 19:54:39
12943,193,2,496.5,1,Lost / Lapsed,2026-07-30 19:54:39
12945,291,1,437.16,1,Lost / Lapsed,2026-07-30 19:54:39
12946,71,1,324.45,2,Occasional / Low-value,2026-07-30 19:54:39
12947,8,1,304.04,2,Occasional / Low-value,2026-07-30 19:54:39
12948,365,2,252.48,1,Lost / Lapsed,2026-07-30 19:54:39
12949,17,14,11359.48,0,Champions,2026-07-30 19:54:39
12951,21,9,2149.65,0,Champions,2026-07-30 19:54:39
12953,157,1,498.96,1,Lost / Lapsed,2026-07-30 19:54:39
12954,273,1,162.45,1,Lost / Lapsed,2026-07-30 19:54:39
12956,319,3,413.82,1,Lost / Lapsed,2026-07-30 19:54:39
12957,176,5,4689.43,0,Champions,2026-07-30 19:54:39
12958,35,2,539.49,2,Occasional / Low-value,2026-07-30 19:54:39
12959,119,1,150.95,2,Occasional / Low-value,2026-07-30 19:54:39
12960,48,4,1322.07,0,Champions,2026-07-30 19:54:39
12961,14,1,211.99,2,Occasional / Low-value,2026-07-30 19:54:39
12963,0,5,1744.96,0,Champions,2026-07-30 19:54:39
12964,72,1,132.24,2,Occasional / Low-value,2026-07-30 19:54:39
12967,6,2,2646.02,2,Occasional / Low-value,2026-07-30 19:54:39
12969,237,1,122.45,1,Lost / Lapsed,2026-07-30 19:54:39
12970,15,6,1072.73,0,Champions,2026-07-30 19:54:39
12971,1,33,4782.88,0,Champions,2026-07-30 19:54:39
12972,48,4,1161.2,2,Occasional / Low-value,2026-07-30 19:54:39
12973,48,1,385.55,2,Occasional / Low-value,2026-07-30 19:54:39
12974,200,1,264.15,1,Lost / Lapsed,2026-07-30 19:54:39
12975,71,6,2100.09,0,Champions,2026-07-30 19:54:39
12976,13,7,2417.78,0,Champions,2026-07-30 19:54:39
12977,136,3,478.39,2,Occasional / Low-value,2026-07-30 19:54:39
12978,20,5,2502.82,0,Champions,2026-07-30 19:54:39
12979,364,1,517.7,1,Lost / Lapsed,2026-07-30 19:54:39
12980,21,12,8870.88,0,Champions,2026-07-30 19:54:39
12982,29,7,2354.27,0,Champions,2026-07-30 19:54:39
12983,233,1,490.08,1,Lost / Lapsed,2026-07-30 19:54:39
12986,63,10,2729.84,0,Champions,2026-07-30 19:54:39
12987,55,3,753.51,2,Occasional / Low-value,2026-07-30 19:54:39
12989,59,18,6627.64,0,Champions,2026-07-30 19:54:39
12990,52,4,546.0,2,Occasional / Low-value,2026-07-30 19:54:39
12991,24,1,261.06,2,Occasional / Low-value,2026-07-30 19:54:39
12992,360,1,93.35,1,Lost / Lapsed,2026-07-30 19:54:39
12993,80,4,844.87,2,Occasional / Low-value,2026-07-30 19:54:39
12996,10,1,355.5,2,Occasional / Low-value,2026-07-30 19:54:39
12997,29,4,884.02,2,Occasional / Low-value,2026-07-30 19:54:39
12998,127,3,920.08,2,Occasional / Low-value,2026-07-30 19:54:39
13000,360,1,497.65,1,Lost / Lapsed,2026-07-30 19:54:39
13001,39,20,14353.28,0,Champions,2026-07-30 19:54:39
13002,51,2,293.18,2,Occasional / Low-value,2026-07-30 19:54:39
13004,21,18,5994.94,0,Champions,2026-07-30 19:54:39
13005,66,2,485.98,2,Occasional / Low-value,2026-07-30 19:54:39
13007,214,1,175.25,1,Lost / Lapsed,2026-07-30 19:54:39
13008,32,2,382.66,2,Occasional / Low-value,2026-07-30 19:54:39
13009,307,1,234.0,1,Lost / Lapsed,2026-07-30 19:54:39
13010,9,2,330.12,2,Occasional / Low-value,2026-07-30 19:54:39
13011,7,1,50.55,2,Occasional / Low-value,2026-07-30 19:54:39
13012,64,3,1310.99,2,Occasional / Low-value,2026-07-30 19:54:39
13013,6,18,7814.83,0,Champions,2026-07-30 19:54:39
13014,67,1,1914.8,2,Occasional / Low-value,2026-07-30 19:54:39
13015,73,6,3240.14,0,Champions,2026-07-30 19:54:39
13018,48,7,2485.46,0,Champions,2026-07-30 19:54:39
13019,14,6,1229.95,0,Champions,2026-07-30 19:54:39
13020,197,2,618.96,1,Lost / Lapsed,2026-07-30 19:54:39
13021,9,8,2270.86,0,Champions,2026-07-30 19:54:39
13022,64,1,65.3,2,Occasional / Low-value,2026-07-30 19:54:39
13023,163,1,759.13,1,Lost / Lapsed,2026-07-30 19:54:39
13024,105,2,555.87,2,Occasional / Low-value,2026-07-30 19:54:39
13025,366,1,323.39,1,Lost / Lapsed,2026-07-30 19:54:39
13026,123,4,757.72,2,Occasional / Low-value,2026-07-30 19:54:39
13027,20,13,10423.2,0,Champions,2026-07-30 19:54:39
13029,9,2,679.8,2,Occasional / Low-value,2026-07-30 19:54:39
13030,3,1,427.74,2,Occasional / Low-value,2026-07-30 19:54:39
13031,42,5,3419.27,0,Champions,2026-07-30 19:54:39
13032,27,7,1833.37,0,Champions,2026-07-30 19:54:39
13033,64,1,30.0,2,Occasional / Low-value,2026-07-30 19:54:39
13034,4,2,279.91,2,Occasional / Low-value,2026-07-30 19:54:39
13035,66,1,442.32,2,Occasional / Low-value,2026-07-30 19:54:39
13036,319,1,307.1,1,Lost / Lapsed,2026-07-30 19:54:39
13037,34,9,3033.88,0,Champions,2026-07-30 19:54:39
13039,219,4,1010.73,1,Lost / Lapsed,2026-07-30 19:54:39
13041,85,4,799.13,2,Occasional / Low-value,2026-07-30 19:54:39
13042,233,3,1556.54,1,Lost / Lapsed,2026-07-30 19:54:39
13044,127,10,4293.43,0,Champions,2026-07-30 19:54:39
13045,36,2,503.64,2,Occasional / Low-value,2026-07-30 19:54:39
13046,91,1,319.94,2,Occasional / Low-value,2026-07-30 19:54:39
13047,8,17,5557.62,0,Champions,2026-07-30 19:54:39
13048,71,5,2248.3,0,Champions,2026-07-30 19:54:39
13049,24,2,751.56,2,Occasional / Low-value,2026-07-30 19:54:39
13050,1,19,6507.67,0,Champions,2026-07-30 19:54:39
13051,213,2,155.8,1,Lost / Lapsed,2026-07-30 19:54:39
13052,55,6,2820.38,0,Champions,2026-07-30 19:54:39
13053,256,1,127.65,1,Lost / Lapsed,2026-07-30 19:54:39
13055,64,1,1106.7,2,Occasional / Low-value,2026-07-30 19:54:39
13056,186,1,209.48,1,Lost / Lapsed,2026-07-30 19:54:39
13057,165,3,722.09,2,Occasional / Low-value,2026-07-30 19:54:39
13059,48,9,2119.77,0,Champions,2026-07-30 19:54:39
13063,115,1,188.4,2,Occasional / Low-value,2026-07-30 19:54:39
13064,185,2,561.25,1,Lost / Lapsed,2026-07-30 19:54:39
13065,8,5,1055.05,0,Champions,2026-07-30 19:54:39
13067,44,2,393.05,2,Occasional / Low-value,2026-07-30 19:54:39
13069,4,16,5247.01,0,Champions,2026-07-30 19:54:39
13070,94,3,522.9,2,Occasional / Low-value,2026-07-30 19:54:39
13071,247,1,129.22,1,Lost / Lapsed,2026-07-30 19:54:39
13073,46,2,418.08,2,Occasional / Low-value,2026-07-30 19:54:39
13074,146,4,1378.74,2,Occasional / Low-value,2026-07-30 19:54:39
13076,92,1,135.4,2,Occasional / Low-value,2026-07-30 19:54:39
13077,1,8,2335.4,0,Champions,2026-07-30 19:54:39
13078,1,32,16904.51,0,Champions,2026-07-30 19:54:39
13079,52,1,199.08,2,Occasional / Low-value,2026-07-30 19:54:39
13080,36,3,222.65,2,Occasional / Low-value,2026-07-30 19:54:39
13081,6,19,30867.77,0,Champions,2026-07-30 19:54:39
13082,59,12,3722.12,0,Champions,2026-07-30 19:54:39
13083,60,1,91.68,2,Occasional / Low-value,2026-07-30 19:54:39
13084,126,1,122.4,2,Occasional / Low-value,2026-07-30 19:54:39
13085,314,6,2017.2,1,Lost / Lapsed,2026-07-30 19:54:39
13086,17,1,439.33,2,Occasional / Low-value,2026-07-30 19:54:39
13087,361,1,313.64,1,Lost / Lapsed,2026-07-30 19:54:39
13088,52,1,236.11,2,Occasional / Low-value,2026-07-30 19:54:39
13089,3,109,57912.03,0,Champions,2026-07-30 19:54:39
13090,0,13,5192.27,0,Champions,2026-07-30 19:54:39
13091,364,2,1976.0,1,Lost / Lapsed,2026-07-30 19:54:39
13092,49,7,1662.45,0,Champions,2026-07-30 19:54:39
13093,8,48,47111.18,0,Champions,2026-07-30 19:54:39
13094,3,2,505.8,2,Occasional / Low-value,2026-07-30 19:54:39
13096,29,1,419.7,2,Occasional / Low-value,2026-07-30 19:54:39
13097,23,18,7378.8,0,Champions,2026-07-30 19:54:39
13101,133,3,594.21,2,Occasional / Low-value,2026-07-30 19:54:39
13102,0,14,5272.83,0,Champions,2026-07-30 19:54:39
13103,72,2,465.7,2,Occasional / Low-value,2026-07-30 19:54:39
13104,50,3,610.62,2,Occasional / Low-value,2026-07-30 19:54:39
13105,71,1,72.0,2,Occasional / Low-value,2026-07-30 19:54:39
13106,48,1,526.96,2,Occasional / Low-value,2026-07-30 19:54:39
13107,48,5,3721.45,0,Champions,2026-07-30 19:54:39
13108,7,2,748.46,2,Occasional / Low-value,2026-07-30 19:54:39
13109,186,1,347.49,1,Lost / Lapsed,2026-07-30 19:54:39
13110,72,5,1468.8,0,Champions,2026-07-30 19:54:39
13111,353,1,321.88,1,Lost / Lapsed,2026-07-30 19:54:39
13112,176,1,20.6,1,Lost / Lapsed,2026-07-30 19:54:39
13113,1,14,6379.77,0,Champions,2026-07-30 19:54:39
13114,365,1,234.38,1,Lost / Lapsed,2026-07-30 19:54:39
13115,14,6,3199.92,0,Champions,2026-07-30 19:54:39
13117,0,12,1658.9,0,Champions,2026-07-30 19:54:39
13118,11,4,1217.6,0,Champions,2026-07-30 19:54:39
13119,303,1,134.9,1,Lost / Lapsed,2026-07-30 19:54:39
13123,107,2,506.75,2,Occasional / Low-value,2026-07-30 19:54:39
13124,20,1,916.12,2,Occasional / Low-value,2026-07-30 19:54:39
13125,158,1,158.57,1,Lost / Lapsed,2026-07-30 19:54:39
13126,1,7,1898.61,0,Champions,2026-07-30 19:54:39
13128,266,1,263.5,1,Lost / Lapsed,2026-07-30 19:54:39
13129,87,2,233.25,2,Occasional / Low-value,2026-07-30 19:54:39
13131,53,4,2240.47,0,Champions,2026-07-30 19:54:39
13133,94,1,90.65,2,Occasional / Low-value,2026-07-30 19:54:39
13134,37,2,681.65,2,Occasional / Low-value,2026-07-30 19:54:39
13135,126,1,275.45,2,Occasional / Low-value,2026-07-30 19:54:39
13136,10,8,3666.95,0,Champions,2026-07-30 19:54:39
13137,21,8,4062.29,0,Champions,2026-07-30 19:54:39
13138,7,2,504.85,2,Occasional / Low-value,2026-07-30 19:54:39
13139,72,1,3138.04,2,Occasional / Low-value,2026-07-30 19:54:39
13140,1,3,791.96,2,Occasional / Low-value,2026-07-30 19:54:39
13141,20,12,5279.83,0,Champions,2026-07-30 19:54:39
13143,219,1,405.1,1,Lost / Lapsed,2026-07-30 19:54:39
13144,66,1,24.4,2,Occasional / Low-value,2026-07-30 19:54:39
13145,7,4,805.0,2,Occasional / Low-value,2026-07-30 19:54:39
13148,24,14,4914.69,0,Champions,2026-07-30 19:54:39
13150,119,3,449.97,2,Occasional / Low-value,2026-07-30 19:54:39
13151,260,2,1322.87,1,Lost / Lapsed,2026-07-30 19:54:39
13152,52,7,2146.38,0,Champions,2026-07-30 19:54:39
13154,34,3,1624.84,2,Occasional / Low-value,2026-07-30 19:54:39
13155,3,3,778.42,2,Occasional / Low-value,2026-07-30 19:54:39
13156,20,3,1586.54,2,Occasional / Low-value,2026-07-30 19:54:39
13157,44,5,3946.14,0,Champions,2026-07-30 19:54:39
13158,23,1,307.12,2,Occasional / Low-value,2026-07-30 19:54:39
13161,135,1,366.13,2,Occasional / Low-value,2026-07-30 19:54:39
13162,15,12,7587.2,0,Champions,2026-07-30 19:54:39
13163,245,1,17.65,1,Lost / Lapsed,2026-07-30 19:54:39
13164,204,2,372.2,1,Lost / Lapsed,2026-07-30 19:54:39
13165,48,1,429.68,2,Occasional / Low-value,2026-07-30 19:54:39
13166,49,1,466.98,2,Occasional / Low-value,2026-07-30 19:54:39
13167,25,1,333.82,2,Occasional / Low-value,2026-07-30 19:54:39
13168,177,1,556.12,1,Lost / Lapsed,2026-07-30 19:54:39
13169,197,1,127.2,1,Lost / Lapsed,2026-07-30 19:54:39
13172,35,1,69.6,2,Occasional / Low-value,2026-07-30 19:54:39
13173,2,10,2285.7,0,Champions,2026-07-30 19:54:39
13174,4,10,6677.81,0,Champions,2026-07-30 19:54:39
13175,217,2,831.45,1,Lost / Lapsed,2026-07-30 19:54:39
13177,65,1,229.75,2,Occasional / Low-value,2026-07-30 19:54:39
13178,32,10,8333.72,0,Champions,2026-07-30 19:54:39
13179,253,1,572.31,1,Lost / Lapsed,2026-07-30 19:54:39
13180,242,1,86.1,1,Lost / Lapsed,2026-07-30 19:54:39
13181,16,1,359.69,2,Occasional / Low-value,2026-07-30 19:54:39
13183,29,6,3078.4,0,Champions,2026-07-30 19:54:39
13187,259,3,130.99,1,Lost / Lapsed,2026-07-30 19:54:39
13190,179,3,570.66,1,Lost / Lapsed,2026-07-30 19:54:39
13191,293,1,164.69,1,Lost / Lapsed,2026-07-30 19:54:39
13192,170,4,1646.64,0,Champions,2026-07-30 19:54:39
13194,56,1,412.08,2,Occasional / Low-value,2026-07-30 19:54:39
13195,49,1,172.38,2,Occasional / Low-value,2026-07-30 19:54:39
13196,78,3,1271.06,2,Occasional / Low-value,2026-07-30 19:54:39
13197,244,1,373.01,1,Lost / Lapsed,2026-07-30 19:54:39
13198,22,2,1572.99,2,Occasional / Low-value,2026-07-30 19:54:39
13199,1,30,6615.77,0,Champions,2026-07-30 19:54:39
13201,137,4,1240.61,2,Occasional / Low-value,2026-07-30 19:54:39
13202,29,7,1580.3,0,Champions,2026-07-30 19:54:39
13203,21,6,1778.79,0,Champions,2026-07-30 19:54:39
13204,366,1,966.66,1,Lost / Lapsed,2026-07-30 19:54:39
13205,78,1,2803.2,2,Occasional / Low-value,2026-07-30 19:54:39
13206,35,13,8377.32,0,Champions,2026-07-30 19:54:39
13207,86,2,285.6,2,Occasional / Low-value,2026-07-30 19:54:39
13208,84,3,764.6,2,Occasional / Low-value,2026-07-30 19:54:39
13209,149,5,2617.9,0,Champions,2026-07-30 19:54:39
13211,16,7,1531.9,0,Champions,2026-07-30 19:54:39
13213,18,6,2330.94,0,Champions,2026-07-30 19:54:39
13214,52,7,3264.23,0,Champions,2026-07-30 19:54:39
13215,37,1,81.6,2,Occasional / Low-value,2026-07-30 19:54:39
13217,290,1,132.5,1,Lost / Lapsed,2026-07-30 19:54:39
13219,253,1,76.23,1,Lost / Lapsed,2026-07-30 19:54:39
13220,210,1,516.8,1,Lost / Lapsed,2026-07-30 19:54:39
13222,212,1,88.5,1,Lost / Lapsed,2026-07-30 19:54:39
13223,58,4,805.92,2,Occasional / Low-value,2026-07-30 19:54:39
13225,56,9,9796.23,0,Champions,2026-07-30 19:54:39
13226,28,1,204.25,2,Occasional / Low-value,2026-07-30 19:54:39
13230,0,17,3553.81,0,Champions,2026-07-30 19:54:39
13233,55,2,571.34,2,Occasional / Low-value,2026-07-30 19:54:39
13234,307,2,356.95,1,Lost / Lapsed,2026-07-30 19:54:39
13237,22,1,643.0,2,Occasional / Low-value,2026-07-30 19:54:39
13238,65,2,305.9,2,Occasional / Low-value,2026-07-30 19:54:39
13239,72,4,1265.13,2,Occasional / Low-value,2026-07-30 19:54:39
13240,0,5,1074.87,0,Champions,2026-07-30 19:54:39
13241,46,1,115.58,2,Occasional / Low-value,2026-07-30 19:54:39
13242,86,4,429.0,2,Occasional / Low-value,2026-07-30 19:54:39
13243,84,4,677.97,2,Occasional / Low-value,2026-07-30 19:54:39
13245,67,1,558.72,2,Occasional / Low-value,2026-07-30 19:54:39
13246,28,5,1400.13,0,Champions,2026-07-30 19:54:39
13249,36,6,897.52,0,Champions,2026-07-30 19:54:39
13250,95,2,256.04,2,Occasional / Low-value,2026-07-30 19:54:39
13251,37,1,252.68,2,Occasional / Low-value,2026-07-30 19:54:39
13252,29,2,399.3,2,Occasional / Low-value,2026-07-30 19:54:39
13253,65,2,1920.71,2,Occasional / Low-value,2026-07-30 19:54:39
13254,11,1,51.41,2,Occasional / Low-value,2026-07-30 19:54:39
13255,8,2,504.95,2,Occasional / Low-value,2026-07-30 19:54:39
13257,71,1,149.75,2,Occasional / Low-value,2026-07-30 19:54:39
13258,14,2,336.6,2,Occasional / Low-value,2026-07-30 19:54:39
13259,32,8,1141.06,0,Champions,2026-07-30 19:54:39
13262,24,2,373.16,2,Occasional / Low-value,2026-07-30 19:54:39
13263,28,4,1250.62,0,Champions,2026-07-30 19:54:39
13264,77,1,722.56,2,Occasional / Low-value,2026-07-30 19:54:39
13266,48,7,2300.78,0,Champions,2026-07-30 19:54:39
13267,1,18,5236.77,0,Champions,2026-07-30 19:54:39
13269,4,14,3545.47,0,Champions,2026-07-30 19:54:39
13270,1,1,590.0,2,Occasional / Low-value,2026-07-30 19:54:39
13274,44,1,360.85,2,Occasional / Low-value,2026-07-30 19:54:39
13275,18,2,241.66,2,Occasional / Low-value,2026-07-30 19:54:39
13276,32,3,1348.33,2,Occasional / Low-value,2026-07-30 19:54:39
13277,15,3,264.9,2,Occasional / Low-value,2026-07-30 19:54:39
13278,34,3,893.12,2,Occasional / Low-value,2026-07-30 19:54:39
13280,14,4,1507.77,0,Champions,2026-07-30 19:54:39
13281,74,1,350.85,2,Occasional / Low-value,2026-07-30 19:54:39
13282,41,1,181.05,2,Occasional / Low-value,2026-07-30 19:54:39
13283,202,2,279.7,1,Lost / Lapsed,2026-07-30 19:54:39
13285,235,2,655.47,1,Lost / Lapsed,2026-07-30 19:54:39
13286,235,1,734.91,1,Lost / Lapsed,2026-07-30 19:54:39
13287,238,3,781.59,1,Lost / Lapsed,2026-07-30 19:54:39
13288,78,5,927.61,0,Champions,2026-07-30 19:54:39
13289,358,1,307.95,1,Lost / Lapsed,2026-07-30 19:54:39
13290,73,1,208.63,2,Occasional / Low-value,2026-07-30 19:54:39
13291,49,10,2959.73,0,Champions,2026-07-30 19:54:39
13292,50,3,415.57,2,Occasional / Low-value,2026-07-30 19:54:39
13293,27,6,1192.94,0,Champions,2026-07-30 19:54:39
13294,281,1,815.79,1,Lost / Lapsed,2026-07-30 19:54:39
13295,11,3,900.77,2,Occasional / Low-value,2026-07-30 19:54:39
13296,58,5,705.11,2,Occasional / Low-value,2026-07-30 19:54:39
13297,20,3,2278.77,0,Champions,2026-07-30 19:54:39
13299,58,2,1076.2,2,Occasional / Low-value,2026-07-30 19:54:39
13300,23,2,913.62,2,Occasional / Low-value,2026-07-30 19:54:39
13302,161,1,95.45,1,Lost / Lapsed,2026-07-30 19:54:39
13303,35,1,61.72,2,Occasional / Low-value,2026-07-30 19:54:39
13304,90,3,917.57,2,Occasional / Low-value,2026-07-30 19:54:39
13305,7,7,1753.85,0,Champions,2026-07-30 19:54:39
13306,65,1,53.65,2,Occasional / Low-value,2026-07-30 19:54:39
13307,122,2,258.34,2,Occasional / Low-value,2026-07-30 19:54:39
13308,231,1,284.86,1,Lost / Lapsed,2026-07-30 19:54:39
13309,27,1,249.58,2,Occasional / Low-value,2026-07-30 19:54:39
13310,15,2,409.17,2,Occasional / Low-value,2026-07-30 19:54:39
13312,86,1,124.75,2,Occasional / Low-value,2026-07-30 19:54:39
13313,114,7,1890.0,0,Champions,2026-07-30 19:54:39
13315,324,1,310.26,1,Lost / Lapsed,2026-07-30 19:54:39
13316,27,6,7213.84,0,Champions,2026-07-30 19:54:39
13317,20,13,4212.41,0,Champions,2026-07-30 19:54:39
13319,0,34,11236.95,0,Champions,2026-07-30 19:54:39
13320,69,2,679.4,2,Occasional / Low-value,2026-07-30 19:54:39
13324,63,8,3391.52,0,Champions,2026-07-30 19:54:39
13326,67,1,281.76,2,Occasional / Low-value,2026-07-30 19:54:39
13327,0,14,6251.71,0,Champions,2026-07-30 19:54:39
13329,1,7,4323.97,0,Champions,2026-07-30 19:54:39
13330,90,3,1665.25,2,Occasional / Low-value,2026-07-30 19:54:39
13331,36,1,262.4,2,Occasional / Low-value,2026-07-30 19:54:39
13333,46,3,1015.74,2,Occasional / Low-value,2026-07-30 19:54:39
13334,171,2,2726.93,2,Occasional / Low-value,2026-07-30 19:54:39
13337,181,1,1575.26,1,Lost / Lapsed,2026-07-30 19:54:39
13338,176,3,1958.6,2,Occasional / Low-value,2026-07-30 19:54:39
13340,52,5,11364.08,0,Champions,2026-07-30 19:54:39
13346,97,6,299.4,2,Occasional / Low-value,2026-07-30 19:54:39
13357,129,4,3228.41,0,Champions,2026-07-30 19:54:39
13359,38,1,603.75,2,Occasional / Low-value,2026-07-30 19:54:39
13360,66,4,1553.65,0,Champions,2026-07-30 19:54:39
13361,107,2,1450.5,2,Occasional / Low-value,2026-07-30 19:54:39
13362,13,3,2303.33,0,Champions,2026-07-30 19:54:39
13363,44,1,731.36,2,Occasional / Low-value,2026-07-30 19:54:39
13367,66,1,510.2,2,Occasional / Low-value,2026-07-30 19:54:39
13368,49,2,498.1,2,Occasional / Low-value,2026-07-30 19:54:39
13369,0,1,308.28,2,Occasional / Low-value,2026-07-30 19:54:39
13370,6,1,754.87,2,Occasional / Low-value,2026-07-30 19:54:39
13371,140,2,2297.66,2,Occasional / Low-value,2026-07-30 19:54:39
13373,50,3,4274.94,0,Champions,2026-07-30 19:54:39
13374,49,2,422.8,2,Occasional / Low-value,2026-07-30 19:54:39
13375,79,1,1013.58,2,Occasional / Low-value,2026-07-30 19:54:39
13377,31,2,1552.88,2,Occasional / Low-value,2026-07-30 19:54:39
13380,67,1,62.4,2,Occasional / Low-value,2026-07-30 19:54:39
13381,14,6,4585.06,0,Champions,2026-07-30 19:54:39
13382,63,4,1164.59,2,Occasional / Low-value,2026-07-30 19:54:39
13383,178,1,305.28,1,Lost / Lapsed,2026-07-30 19:54:39
13384,25,4,2528.9,0,Champions,2026-07-30 19:54:39
13386,49,2,835.46,2,Occasional / Low-value,2026-07-30 19:54:39
13387,52,1,189.44,2,Occasional / Low-value,2026-07-30 19:54:39
13388,238,1,508.55,1,Lost / Lapsed,2026-07-30 19:54:39
13392,312,1,91.14,1,Lost / Lapsed,2026-07-30 19:54:39
13393,218,4,1131.45,1,Lost / Lapsed,2026-07-30 19:54:39
13394,14,11,4101.68,0,Champions,2026-07-30 19:54:39
13395,35,2,872.51,2,Occasional / Low-value,2026-07-30 19:54:39
13397,72,5,1647.74,0,Champions,2026-07-30 19:54:39
13398,83,1,213.0,2,Occasional / Low-value,2026-07-30 19:54:39
13399,99,3,275.4,2,Occasional / Low-value,2026-07-30 19:54:39
13400,217,1,310.83,1,Lost / Lapsed,2026-07-30 19:54:39
13402,7,3,913.9,2,Occasional / Low-value,2026-07-30 19:54:39
13403,22,2,154.5,2,Occasional / Low-value,2026-07-30 19:54:39
13405,116,3,641.36,2,Occasional / Low-value,2026-07-30 19:54:39
13406,62,2,568.92,2,Occasional / Low-value,2026-07-30 19:54:39
13407,213,3,2244.7,1,Lost / Lapsed,2026-07-30 19:54:39
13408,6,46,23616.42,0,Champions,2026-07-30 19:54:39
13410,28,4,1198.9,0,Champions,2026-07-30 19:54:39
13412,255,1,487.35,1,Lost / Lapsed,2026-07-30 19:54:39
13413,274,6,429.44,1,Lost / Lapsed,2026-07-30 19:54:39
13414,98,3,1103.64,2,Occasional / Low-value,2026-07-30 19:54:39
13415,107,4,800.67,2,Occasional / Low-value,2026-07-30 19:54:39
13416,371,1,228.3,1,Lost / Lapsed,2026-07-30 19:54:39
13417,182,4,1028.66,2,Occasional / Low-value,2026-07-30 19:54:39
13418,7,15,6106.17,0,Champions,2026-07-30 19:54:39
13421,41,6,2252.04,0,Champions,2026-07-30 19:54:39
13423,63,1,217.03,2,Occasional / Low-value,2026-07-30 19:54:39
13424,84,1,572.77,2,Occasional / Low-value,2026-07-30 19:54:39
13425,143,2,1779.42,2,Occasional / Low-value,2026-07-30 19:54:39
13426,17,12,4526.06,0,Champions,2026-07-30 19:54:39
13427,112,3,423.93,2,Occasional / Low-value,2026-07-30 19:54:39
13428,149,2,281.51,2,Occasional / Low-value,2026-07-30 19:54:39
13431,41,6,2047.14,0,Champions,2026-07-30 19:54:39
13432,206,2,439.1,1,Lost / Lapsed,2026-07-30 19:54:39
13433,136,4,658.32,2,Occasional / Low-value,2026-07-30 19:54:39
13434,20,3,1132.62,2,Occasional / Low-value,2026-07-30 19:54:39
13435,11,2,665.34,2,Occasional / Low-value,2026-07-30 19:54:39
13438,182,1,46.5,1,Lost / Lapsed,2026-07-30 19:54:39
13439,23,2,702.9,2,Occasional / Low-value,2026-07-30 19:54:39
13440,58,7,1295.25,0,Champions,2026-07-30 19:54:39
13441,66,1,424.26,2,Occasional / Low-value,2026-07-30 19:54:39
13442,302,3,419.87,1,Lost / Lapsed,2026-07-30 19:54:39
13443,83,6,1280.16,0,Champions,2026-07-30 19:54:39
13444,9,2,631.68,2,Occasional / Low-value,2026-07-30 19:54:39
13445,261,1,241.9,1,Lost / Lapsed,2026-07-30 19:54:39
13446,65,11,3881.89,0,Champions,2026-07-30 19:54:39
13448,8,9,5701.5,0,Champions,2026-07-30 19:54:39
13450,9,7,2076.32,0,Champions,2026-07-30 19:54:39
13451,16,6,4214.77,0,Champions,2026-07-30 19:54:39
13452,107,1,139.8,2,Occasional / Low-value,2026-07-30 19:54:39
13453,37,1,424.71,2,Occasional / Low-value,2026-07-30 19:54:39
13454,276,1,219.87,1,Lost / Lapsed,2026-07-30 19:54:39
13455,1,5,1847.59,0,Champions,2026-07-30 19:54:39
13457,323,2,148.22,1,Lost / Lapsed,2026-07-30 19:54:39
13458,14,2,2312.7,2,Occasional / Low-value,2026-07-30 19:54:39
13459,259,2,1160.41,1,Lost / Lapsed,2026-07-30 19:54:39
13461,42,3,2715.0,0,Champions,2026-07-30 19:54:39
13462,45,4,1002.35,2,Occasional / Low-value,2026-07-30 19:54:39
13464,29,5,2422.96,0,Champions,2026-07-30 19:54:39
13465,81,2,931.12,2,Occasional / Low-value,2026-07-30 19:54:39
13466,43,4,705.45,2,Occasional / Low-value,2026-07-30 19:54:39
13468,3,38,7685.54,0,Champions,2026-07-30 19:54:39
13469,288,1,82.4,1,Lost / Lapsed,2026-07-30 19:54:39
13472,98,2,592.24,2,Occasional / Low-value,2026-07-30 19:54:39
13473,209,6,2235.12,0,Champions,2026-07-30 19:54:39
13474,78,2,434.2,2,Occasional / Low-value,2026-07-30 19:54:39
13476,41,3,823.0,2,Occasional / Low-value,2026-07-30 19:54:39
13477,90,5,1379.59,0,Champions,2026-07-30 19:54:39
13478,104,5,2215.78,0,Champions,2026-07-30 19:54:39
13479,87,2,550.42,2,Occasional / Low-value,2026-07-30 19:54:39
13480,51,2,627.82,2,Occasional / Low-value,2026-07-30 19:54:39
13481,9,6,2026.28,0,Champions,2026-07-30 19:54:39
13482,262,1,151.45,1,Lost / Lapsed,2026-07-30 19:54:39
13484,18,2,476.92,2,Occasional / Low-value,2026-07-30 19:54:39
13485,11,10,2564.98,0,Champions,2026-07-30 19:54:39
13487,140,2,271.47,2,Occasional / Low-value,2026-07-30 19:54:39
13488,2,11,6619.57,0,Champions,2026-07-30 19:54:39
13490,289,1,154.25,1,Lost / Lapsed,2026-07-30 19:54:39
13491,7,18,3350.74,0,Champions,2026-07-30 19:54:39
13495,3,6,3329.39,0,Champions,2026-07-30 19:54:39
13497,3,5,972.28,0,Champions,2026-07-30 19:54:39
13498,365,1,327.38,1,Lost / Lapsed,2026-07-30 19:54:39
13500,36,1,299.53,2,Occasional / Low-value,2026-07-30 19:54:39
13501,121,2,1544.79,2,Occasional / Low-value,2026-07-30 19:54:39
13502,50,2,488.5,2,Occasional / Low-value,2026-07-30 19:54:39
13503,114,5,1688.54,0,Champions,2026-07-30 19:54:39
13506,4,4,1180.68,0,Champions,2026-07-30 19:54:39
13508,277,1,176.08,1,Lost / Lapsed,2026-07-30 19:54:39
13509,142,1,135.0,1,Lost / Lapsed,2026-07-30 19:54:39
13510,10,7,2766.73,0,Champions,2026-07-30 19:54:39
13511,311,1,282.76,1,Lost / Lapsed,2026-07-30 19:54:39
13512,22,3,462.18,2,Occasional / Low-value,2026-07-30 19:54:39
13513,76,2,619.49,2,Occasional / Low-value,2026-07-30 19:54:39
13514,63,3,663.7,2,Occasional / Low-value,2026-07-30 19:54:39
13515,84,2,374.7,2,Occasional / Low-value,2026-07-30 19:54:39
13516,52,1,295.85,2,Occasional / Low-value,2026-07-30 19:54:39
13519,77,1,220.46,2,Occasional / Low-value,2026-07-30 19:54:39
13520,6,6,3285.05,0,Champions,2026-07-30 19:54:39
13523,1,2,1136.64,2,Occasional / Low-value,2026-07-30 19:54:39
13526,373,2,1182.0,1,Lost / Lapsed,2026-07-30 19:54:39
13527,53,5,2396.23,0,Champions,2026-07-30 19:54:39
13530,269,1,402.98,1,Lost / Lapsed,2026-07-30 19:54:39
13531,1,5,1254.72,0,Champions,2026-07-30 19:54:39
13534,14,10,1850.82,0,Champions,2026-07-30 19:54:39
13535,37,1,89.5,2,Occasional / Low-value,2026-07-30 19:54:39
13537,60,2,717.85,2,Occasional / Low-value,2026-07-30 19:54:39
13538,31,5,1831.88,0,Champions,2026-07-30 19:54:39
13539,55,4,938.02,2,Occasional / Low-value,2026-07-30 19:54:39
13540,102,3,632.39,2,Occasional / Low-value,2026-07-30 19:54:39
13541,62,2,785.25,2,Occasional / Low-value,2026-07-30 19:54:39
13542,11,17,4006.17,0,Champions,2026-07-30 19:54:39
13543,269,2,1439.61,1,Lost / Lapsed,2026-07-30 19:54:39
13544,46,4,537.59,2,Occasional / Low-value,2026-07-30 19:54:39
13545,25,2,374.64,2,Occasional / Low-value,2026-07-30 19:54:39
13546,17,2,465.15,2,Occasional / Low-value,2026-07-30 19:54:39
13547,43,1,175.53,2,Occasional / Low-value,2026-07-30 19:54:39
13548,106,1,226.58,2,Occasional / Low-value,2026-07-30 19:54:39
13549,22,1,87.6,2,Occasional / Low-value,2026-07-30 19:54:39
13550,18,1,349.51,2,Occasional / Low-value,2026-07-30 19:54:39
13551,301,1,152.4,1,Lost / Lapsed,2026-07-30 19:54:39
13552,63,10,3238.85,0,Champions,2026-07-30 19:54:39
13553,309,1,517.8,1,Lost / Lapsed,2026-07-30 19:54:39
13554,15,7,1638.28,0,Champions,2026-07-30 19:54:39
13555,13,9,4849.91,0,Champions,2026-07-30 19:54:39
13556,64,2,200.82,2,Occasional / Low-value,2026-07-30 19:54:39
13557,50,11,2448.2,0,Champions,2026-07-30 19:54:39
13559,147,2,990.0,2,Occasional / Low-value,2026-07-30 19:54:39
13561,32,10,1678.86,0,Champions,2026-07-30 19:54:39
13562,36,5,3038.85,0,Champions,2026-07-30 19:54:39
13564,3,35,15500.53,0,Champions,2026-07-30 19:54:39
13565,46,1,174.58,2,Occasional / Low-value,2026-07-30 19:54:39
13566,69,3,833.41,2,Occasional / Low-value,2026-07-30 19:54:39
13567,63,4,1083.69,2,Occasional / Low-value,2026-07-30 19:54:39
13569,2,3,520.03,2,Occasional / Low-value,2026-07-30 19:54:39
13571,17,14,2454.22,0,Champions,2026-07-30 19:54:39
13573,14,4,622.07,2,Occasional / Low-value,2026-07-30 19:54:39
13574,46,1,421.25,2,Occasional / Low-value,2026-07-30 19:54:39
13576,8,11,4834.4,0,Champions,2026-07-30 19:54:39
13577,17,7,1801.68,0,Champions,2026-07-30 19:54:39
13578,44,1,147.66,2,Occasional / Low-value,2026-07-30 19:54:39
13579,4,4,1072.0,2,Occasional / Low-value,2026-07-30 19:54:39
13580,41,1,107.75,2,Occasional / Low-value,2026-07-30 19:54:39
13581,49,1,162.53,2,Occasional / Low-value,2026-07-30 19:54:39
13582,24,2,241.68,2,Occasional / Low-value,2026-07-30 19:54:39
13583,314,1,664.0,1,Lost / Lapsed,2026-07-30 19:54:39
13584,133,2,250.05,2,Occasional / Low-value,2026-07-30 19:54:39
13585,165,3,684.54,2,Occasional / Low-value,2026-07-30 19:54:39
13586,176,1,131.53,1,Lost / Lapsed,2026-07-30 19:54:39
13587,84,3,961.1,2,Occasional / Low-value,2026-07-30 19:54:39
13589,84,4,741.09,2,Occasional / Low-value,2026-07-30 19:54:39
13590,10,12,4367.67,0,Champions,2026-07-30 19:54:39
13591,70,4,976.81,2,Occasional / Low-value,2026-07-30 19:54:39
13593,22,9,3486.61,0,Champions,2026-07-30 19:54:39
13594,120,1,136.35,2,Occasional / Low-value,2026-07-30 19:54:39
13595,151,3,818.22,2,Occasional / Low-value,2026-07-30 19:54:39
13597,35,2,396.71,2,Occasional / Low-value,2026-07-30 19:54:39
13598,130,4,609.42,2,Occasional / Low-value,2026-07-30 19:54:39
13599,1,14,5013.96,0,Champions,2026-07-30 19:54:39
13600,269,1,298.9,1,Lost / Lapsed,2026-07-30 19:54:39
13601,27,2,491.82,2,Occasional / Low-value,2026-07-30 19:54:39
13602,16,3,596.28,2,Occasional / Low-value,2026-07-30 19:54:39
13604,293,1,717.62,1,Lost / Lapsed,2026-07-30 19:54:39
13605,22,2,522.67,2,Occasional / Low-value,2026-07-30 19:54:39
13607,37,1,400.3,2,Occasional / Low-value,2026-07-30 19:54:39
13608,175,1,236.2,1,Lost / Lapsed,2026-07-30 19:54:39
13609,228,1,167.35,1,Lost / Lapsed,2026-07-30 19:54:39
13610,22,7,1044.0,0,Champions,2026-07-30 19:54:39
13611,9,7,2147.73,0,Champions,2026-07-30 19:54:39
13612,267,1,818.29,1,Lost / Lapsed,2026-07-30 19:54:39
13613,87,5,1039.85,0,Champions,2026-07-30 19:54:39
13614,28,2,748.73,2,Occasional / Low-value,2026-07-30 19:54:39
13615,34,7,5854.84,0,Champions,2026-07-30 19:54:39
13616,203,2,288.1,1,Lost / Lapsed,2026-07-30 19:54:39
13617,43,5,734.57,2,Occasional / Low-value,2026-07-30 19:54:39
13619,179,2,231.69,1,Lost / Lapsed,2026-07-30 19:54:39
13620,163,1,112.34,1,Lost / Lapsed,2026-07-30 19:54:39
13622,331,1,658.95,1,Lost / Lapsed,2026-07-30 19:54:39
13623,15,5,1818.71,0,Champions,2026-07-30 19:54:39
13624,23,1,462.08,2,Occasional / Low-value,2026-07-30 19:54:39
13625,231,1,301.26,1,Lost / Lapsed,2026-07-30 19:54:39
13626,14,1,449.81,2,Occasional / Low-value,2026-07-30 19:54:39
13627,123,2,607.43,2,Occasional / Low-value,2026-07-30 19:54:39
13628,311,1,310.14,1,Lost / Lapsed,2026-07-30 19:54:39
13629,48,8,5578.5,0,Champions,2026-07-30 19:54:39
13632,29,3,1526.88,2,Occasional / Low-value,2026-07-30 19:54:39
13634,9,11,3498.31,0,Champions,2026-07-30 19:54:39
13635,77,3,1928.13,2,Occasional / Low-value,2026-07-30 19:54:39
13639,71,1,312.93,2,Occasional / Low-value,2026-07-30 19:54:39
13640,246,1,405.0,1,Lost / Lapsed,2026-07-30 19:54:39
13641,275,5,1016.47,1,Lost / Lapsed,2026-07-30 19:54:39
13642,67,3,159.92,2,Occasional / Low-value,2026-07-30 19:54:39
13643,17,7,1637.33,0,Champions,2026-07-30 19:54:39
13646,34,2,326.25,2,Occasional / Low-value,2026-07-30 19:54:39
13647,129,4,1393.56,2,Occasional / Low-value,2026-07-30 19:54:39
13648,35,8,1764.02,0,Champions,2026-07-30 19:54:39
13649,1,5,1332.28,0,Champions,2026-07-30 19:54:39
13650,9,4,1451.66,0,Champions,2026-07-30 19:54:39
13651,16,1,132.65,2,Occasional / Low-value,2026-07-30 19:54:39
13652,3,3,1475.77,2,Occasional / Low-value,2026-07-30 19:54:39
13653,122,1,152.2,2,Occasional / Low-value,2026-07-30 19:54:39
13654,15,5,3600.67,0,Champions,2026-07-30 19:54:39
13655,9,4,1347.54,0,Champions,2026-07-30 19:54:39
13656,134,2,699.2,2,Occasional / Low-value,2026-07-30 19:54:39
13658,18,4,3386.33,0,Champions,2026-07-30 19:54:39
13659,51,10,3321.68,0,Champions,2026-07-30 19:54:39
13660,35,1,314.59,2,Occasional / Low-value,2026-07-30 19:54:39
13661,238,1,325.24,1,Lost / Lapsed,2026-07-30 19:54:39
13662,20,8,1352.35,0,Champions,2026-07-30 19:54:39
13663,15,4,1858.04,0,Champions,2026-07-30 19:54:39
13665,21,3,1711.66,2,Occasional / Low-value,2026-07-30 19:54:39
13666,55,2,43.25,2,Occasional / Low-value,2026-07-30 19:54:39
13668,18,14,6726.35,0,Champions,2026-07-30 19:54:39
13669,42,1,195.0,2,Occasional / Low-value,2026-07-30 19:54:39
13671,29,1,194.95,2,Occasional / Low-value,2026-07-30 19:54:39
13672,365,1,233.53,1,Lost / Lapsed,2026-07-30 19:54:39
13674,67,1,240.68,2,Occasional / Low-value,2026-07-30 19:54:39
13676,174,2,243.9,1,Lost / Lapsed,2026-07-30 19:54:39
13677,39,2,556.19,2,Occasional / Low-value,2026-07-30 19:54:39
13679,128,3,281.26,2,Occasional / Low-value,2026-07-30 19:54:39
13680,106,8,7713.25,0,Champions,2026-07-30 19:54:39
13683,92,1,258.6,2,Occasional / Low-value,2026-07-30 19:54:39
13684,25,3,529.75,2,Occasional / Low-value,2026-07-30 19:54:39
13686,15,2,337.04,2,Occasional / Low-value,2026-07-30 19:54:39
13687,73,1,11880.84,0,Champions,2026-07-30 19:54:39
13688,270,1,375.5,1,Lost / Lapsed,2026-07-30 19:54:39
13689,79,1,349.5,2,Occasional / Low-value,2026-07-30 19:54:39
13691,31,1,212.78,2,Occasional / Low-value,2026-07-30 19:54:39
13692,43,2,1626.08,2,Occasional / Low-value,2026-07-30 19:54:39
13693,9,9,2011.82,0,Champions,2026-07-30 19:54:39
13694,8,94,131443.19,0,Champions,2026-07-30 19:54:39
13695,212,1,266.6,1,Lost / Lapsed,2026-07-30 19:54:39
13696,56,3,2020.4,0,Champions,2026-07-30 19:54:39
13698,231,2,465.53,1,Lost / Lapsed,2026-07-30 19:54:39
13699,185,1,455.57,1,Lost / Lapsed,2026-07-30 19:54:39
13700,52,3,348.34,2,Occasional / Low-value,2026-07-30 19:54:39
13701,81,1,161.0,2,Occasional / Low-value,2026-07-30 19:54:39
13702,80,1,135.18,2,Occasional / Low-value,2026-07-30 19:54:39
13703,50,1,326.06,2,Occasional / Low-value,2026-07-30 19:54:39
13705,8,5,1323.47,0,Champions,2026-07-30 19:54:39
13706,261,1,300.38,1,Lost / Lapsed,2026-07-30 19:54:39
13707,64,3,2559.45,0,Champions,2026-07-30 19:54:39
13709,81,5,1263.7,0,Champions,2026-07-30 19:54:39
13710,58,2,329.04,2,Occasional / Low-value,2026-07-30 19:54:39
13711,41,7,1540.2,0,Champions,2026-07-30 19:54:39
13712,245,1,537.58,1,Lost / Lapsed,2026-07-30 19:54:39
13713,43,3,743.26,2,Occasional / Low-value,2026-07-30 19:54:39
13714,100,1,161.35,2,Occasional / Low-value,2026-07-30 19:54:39
13715,7,13,7403.95,0,Champions,2026-07-30 19:54:39
13717,92,2,318.29,2,Occasional / Low-value,2026-07-30 19:54:39
13719,28,6,1773.57,0,Champions,2026-07-30 19:54:39
13721,30,1,217.4,2,Occasional / Low-value,2026-07-30 19:54:39
13722,55,7,3260.0,0,Champions,2026-07-30 19:54:39
13723,27,5,1009.35,0,Champions,2026-07-30 19:54:39
13724,272,1,213.01,1,Lost / Lapsed,2026-07-30 19:54:39
13727,246,6,746.57,1,Lost / Lapsed,2026-07-30 19:54:39
13728,22,10,1839.03,0,Champions,2026-07-30 19:54:39
13729,70,3,724.73,2,Occasional / Low-value,2026-07-30 19:54:39
13733,45,2,487.03,2,Occasional / Low-value,2026-07-30 19:54:39
13734,143,4,6701.64,0,Champions,2026-07-30 19:54:39
13735,11,9,6927.98,0,Champions,2026-07-30 19:54:39
13736,60,5,2034.31,0,Champions,2026-07-30 19:54:39
13738,31,1,440.93,2,Occasional / Low-value,2026-07-30 19:54:39
13739,162,1,75.3,1,Lost / Lapsed,2026-07-30 19:54:39
13740,50,4,1247.02,0,Champions,2026-07-30 19:54:39
13745,181,1,477.32,1,Lost / Lapsed,2026-07-30 19:54:39
13746,48,1,176.69,2,Occasional / Low-value,2026-07-30 19:54:39
13747,8,2,169.8,2,Occasional / Low-value,2026-07-30 19:54:39
13748,8,5,1320.1,0,Champions,2026-07-30 19:54:39
13750,15,6,1954.92,0,Champions,2026-07-30 19:54:39
13752,162,1,404.45,1,Lost / Lapsed,2026-07-30 19:54:39
13753,233,3,1353.31,1,Lost / Lapsed,2026-07-30 19:54:39
13754,72,1,164.45,2,Occasional / Low-value,2026-07-30 19:54:39
13756,2,10,4017.98,0,Champions,2026-07-30 19:54:39
13757,309,1,195.55,1,Lost / Lapsed,2026-07-30 19:54:39
13758,1,10,6226.43,0,Champions,2026-07-30 19:54:39
13760,39,3,1076.85,2,Occasional / Low-value,2026-07-30 19:54:39
13761,137,4,881.52,2,Occasional / Low-value,2026-07-30 19:54:39
13762,228,4,2165.76,1,Lost / Lapsed,2026-07-30 19:54:39
13763,52,2,3502.48,2,Occasional / Low-value,2026-07-30 19:54:39
13764,204,3,1431.5,1,Lost / Lapsed,2026-07-30 19:54:39
13765,288,1,352.82,1,Lost / Lapsed,2026-07-30 19:54:39
13766,130,1,190.35,2,Occasional / Low-value,2026-07-30 19:54:39
13767,4,39,18320.17,0,Champions,2026-07-30 19:54:39
13768,361,2,875.97,1,Lost / Lapsed,2026-07-30 19:54:39
13769,2,11,3003.91,0,Champions,2026-07-30 19:54:39
13770,57,4,785.37,2,Occasional / Low-value,2026-07-30 19:54:39
13771,168,5,3094.37,0,Champions,2026-07-30 19:54:39
13772,35,5,1982.09,0,Champions,2026-07-30 19:54:39
13773,31,2,301.54,2,Occasional / Low-value,2026-07-30 19:54:39
13775,225,1,1049.66,1,Lost / Lapsed,2026-07-30 19:54:39
13776,63,2,623.98,2,Occasional / Low-value,2026-07-30 19:54:39
13777,1,37,30501.26,0,Champions,2026-07-30 19:54:39
13778,126,3,945.79,2,Occasional / Low-value,2026-07-30 19:54:39
13779,150,1,161.13,1,Lost / Lapsed,2026-07-30 19:54:39
13780,42,1,375.81,2,Occasional / Low-value,2026-07-30 19:54:39
13781,227,2,650.99,1,Lost / Lapsed,2026-07-30 19:54:39
13782,88,7,881.72,0,Champions,2026-07-30 19:54:39
13783,122,4,1542.09,0,Champions,2026-07-30 19:54:39
13784,69,3,447.44,2,Occasional / Low-value,2026-07-30 19:54:39
13785,63,4,542.49,2,Occasional / Low-value,2026-07-30 19:54:39
13786,2,6,3128.54,0,Champions,2026-07-30 19:54:39
13787,93,4,913.46,2,Occasional / Low-value,2026-07-30 19:54:39
13788,140,1,3.75,1,Lost / Lapsed,2026-07-30 19:54:39
13789,23,1,239.46,2,Occasional / Low-value,2026-07-30 19:54:39
13792,57,1,188.4,2,Occasional / Low-value,2026-07-30 19:54:39
13793,281,1,96.0,1,Lost / Lapsed,2026-07-30 19:54:39
13794,181,1,126.03,1,Lost / Lapsed,2026-07-30 19:54:39
13795,23,4,836.3,2,Occasional / Low-value,2026-07-30 19:54:39
13796,134,1,289.7,2,Occasional / Low-value,2026-07-30 19:54:39
13797,71,3,1179.45,2,Occasional / Low-value,2026-07-30 19:54:39
13798,7,54,38683.02,0,Champions,2026-07-30 19:54:39
13799,79,7,2114.71,0,Champions,2026-07-30 19:54:39
13800,65,2,1121.24,2,Occasional / Low-value,2026-07-30 19:54:39
13802,9,16,21659.69,0,Champions,2026-07-30 19:54:39
13803,66,2,1061.84,2,Occasional / Low-value,2026-07-30 19:54:39
13804,70,2,572.73,2,Occasional / Low-value,2026-07-30 19:54:39
13807,2,3,422.2,2,Occasional / Low-value,2026-07-30 19:54:39
13809,29,2,524.65,2,Occasional / Low-value,2026-07-30 19:54:39
13813,162,4,1398.61,2,Occasional / Low-value,2026-07-30 19:54:39
13814,162,1,678.2,1,Lost / Lapsed,2026-07-30 19:54:39
13815,41,4,3448.38,0,Champions,2026-07-30 19:54:39
13818,64,1,61.28,2,Occasional / Low-value,2026-07-30 19:54:39
13819,304,3,1502.0,1,Lost / Lapsed,2026-07-30 19:54:39
13820,53,3,660.65,2,Occasional / Low-value,2026-07-30 19:54:39
13821,28,4,1025.09,2,Occasional / Low-value,2026-07-30 19:54:39
13823,15,5,2445.79,0,Champions,2026-07-30 19:54:39
13824,14,7,1615.82,0,Champions,2026-07-30 19:54:39
13825,256,2,255.59,1,Lost / Lapsed,2026-07-30 19:54:39
13829,56,1,102.0,2,Occasional / Low-value,2026-07-30 19:54:39
13830,216,1,156.85,1,Lost / Lapsed,2026-07-30 19:54:39
13831,4,13,4820.59,0,Champions,2026-07-30 19:54:39
13832,57,1,561.49,2,Occasional / Low-value,2026-07-30 19:54:39
13833,39,1,316.56,2,Occasional / Low-value,2026-07-30 19:54:39
13834,211,2,324.19,1,Lost / Lapsed,2026-07-30 19:54:39
13835,154,3,260.7,2,Occasional / Low-value,2026-07-30 19:54:39
13836,34,2,620.37,2,Occasional / Low-value,2026-07-30 19:54:39
13838,4,7,1274.36,0,Champions,2026-07-30 19:54:39
13839,121,1,139.95,2,Occasional / Low-value,2026-07-30 19:54:39
13840,51,1,651.4,2,Occasional / Low-value,2026-07-30 19:54:39
13842,1,10,2244.29,0,Champions,2026-07-30 19:54:39
13843,16,1,319.75,2,Occasional / Low-value,2026-07-30 19:54:39
13846,34,1,442.73,2,Occasional / Low-value,2026-07-30 19:54:39
13847,354,1,310.72,1,Lost / Lapsed,2026-07-30 19:54:39
13848,1,6,2080.0,0,Champions,2026-07-30 19:54:39
13849,32,3,1931.35,0,Champions,2026-07-30 19:54:39
13851,14,5,1955.0,0,Champions,2026-07-30 19:54:39
13852,245,1,187.35,1,Lost / Lapsed,2026-07-30 19:54:39
13854,0,15,4144.44,0,Champions,2026-07-30 19:54:39
13855,135,4,1310.34,2,Occasional / Low-value,2026-07-30 19:54:39
13856,98,8,753.53,0,Champions,2026-07-30 19:54:39
13857,28,6,1001.01,0,Champions,2026-07-30 19:54:39
13859,164,1,314.7,1,Lost / Lapsed,2026-07-30 19:54:39
13861,64,2,273.26,2,Occasional / Low-value,2026-07-30 19:54:39
13862,24,1,346.73,2,Occasional / Low-value,2026-07-30 19:54:39
13863,100,3,933.77,2,Occasional / Low-value,2026-07-30 19:54:39
13864,21,1,662.4,2,Occasional / Low-value,2026-07-30 19:54:39
13869,16,6,5006.62,0,Champions,2026-07-30 19:54:39
13870,22,7,2941.14,0,Champions,2026-07-30 19:54:39
13871,63,4,1482.6,0,Champions,2026-07-30 19:54:39
13872,162,3,919.57,2,Occasional / Low-value,2026-07-30 19:54:39
13873,18,5,649.32,2,Occasional / Low-value,2026-07-30 19:54:39
13874,139,6,1508.7,0,Champions,2026-07-30 19:54:39
13875,22,9,3027.58,0,Champions,2026-07-30 19:54:39
13877,105,2,332.44,2,Occasional / Low-value,2026-07-30 19:54:39
13878,182,3,1191.53,1,Lost / Lapsed,2026-07-30 19:54:39
13879,280,1,395.5,1,Lost / Lapsed,2026-07-30 19:54:39
13880,2,5,1171.89,0,Champions,2026-07-30 19:54:39
13881,10,23,28019.58,0,Champions,2026-07-30 19:54:39
13883,38,10,3885.54,0,Champions,2026-07-30 19:54:39
13884,11,5,1100.88,0,Champions,2026-07-30 19:54:39
13888,39,5,1563.42,0,Champions,2026-07-30 19:54:39
13889,17,5,1574.33,0,Champions,2026-07-30 19:54:39
13890,9,4,1043.57,2,Occasional / Low-value,2026-07-30 19:54:39
13891,13,3,863.56,2,Occasional / Low-value,2026-07-30 19:54:39
13892,112,2,634.68,2,Occasional / Low-value,2026-07-30 19:54:39
13895,150,2,1415.45,2,Occasional / Low-value,2026-07-30 19:54:39
13896,260,1,388.55,1,Lost / Lapsed,2026-07-30 19:54:39
13897,73,2,849.56,2,Occasional / Low-value,2026-07-30 19:54:39
13898,46,1,530.47,2,Occasional / Low-value,2026-07-30 19:54:39
13900,24,3,869.64,2,Occasional / Low-value,2026-07-30 19:54:39
13901,9,10,2809.14,0,Champions,2026-07-30 19:54:39
13902,267,5,34095.26,0,Champions,2026-07-30 19:54:39
13903,35,1,165.45,2,Occasional / Low-value,2026-07-30 19:54:39
13905,367,1,312.65,1,Lost / Lapsed,2026-07-30 19:54:39
13906,44,1,42.0,2,Occasional / Low-value,2026-07-30 19:54:39
13907,326,1,136.8,1,Lost / Lapsed,2026-07-30 19:54:39
13909,58,2,286.6,2,Occasional / Low-value,2026-07-30 19:54:39
13911,14,11,1654.08,0,Champions,2026-07-30 19:54:39
13912,58,1,124.95,2,Occasional / Low-value,2026-07-30 19:54:39
13913,141,1,42.22,1,Lost / Lapsed,2026-07-30 19:54:39
13915,29,1,70.8,2,Occasional / Low-value,2026-07-30 19:54:39
13916,98,4,1275.81,2,Occasional / Low-value,2026-07-30 19:54:39
13919,59,2,975.87,2,Occasional / Low-value,2026-07-30 19:54:39
13920,66,4,1774.68,0,Champions,2026-07-30 19:54:39
13921,37,4,730.7,2,Occasional / Low-value,2026-07-30 19:54:39
13922,72,2,692.95,2,Occasional / Low-value,2026-07-30 19:54:39
13927,72,1,359.27,2,Occasional / Low-value,2026-07-30 19:54:39
13929,51,9,2651.45,0,Champions,2026-07-30 19:54:39
13931,27,9,4019.85,0,Champions,2026-07-30 19:54:39
13935,231,3,6116.92,0,Champions,2026-07-30 19:54:39
13936,17,2,563.08,2,Occasional / Low-value,2026-07-30 19:54:39
13937,37,1,721.28,2,Occasional / Low-value,2026-07-30 19:54:39
13939,66,4,992.41,2,Occasional / Low-value,2026-07-30 19:54:39
13941,7,11,6009.34,0,Champions,2026-07-30 19:54:39
13942,169,1,320.0,1,Lost / Lapsed,2026-07-30 19:54:39
13943,212,1,246.54,1,Lost / Lapsed,2026-07-30 19:54:39
13944,288,1,200.43,1,Lost / Lapsed,2026-07-30 19:54:39
13945,29,2,854.15,2,Occasional / Low-value,2026-07-30 19:54:39
13946,11,3,1314.66,2,Occasional / Low-value,2026-07-30 19:54:39
13948,46,3,446.76,2,Occasional / Low-value,2026-07-30 19:54:39
13952,15,12,9572.45,0,Champions,2026-07-30 19:54:39
13953,44,5,3125.0,0,Champions,2026-07-30 19:54:39
13955,10,1,222.21,2,Occasional / Low-value,2026-07-30 19:54:39
13957,52,3,458.25,2,Occasional / Low-value,2026-07-30 19:54:39
13958,14,8,4709.23,0,Champions,2026-07-30 19:54:39
13959,34,3,477.98,2,Occasional / Low-value,2026-07-30 19:54:39
13961,27,1,538.4,2,Occasional / Low-value,2026-07-30 19:54:39
13962,70,1,193.25,2,Occasional / Low-value,2026-07-30 19:54:39
13963,2,14,2347.33,0,Champions,2026-07-30 19:54:39
13964,22,2,438.9,2,Occasional / Low-value,2026-07-30 19:54:39
13965,111,3,996.61,2,Occasional / Low-value,2026-07-30 19:54:39
13966,70,1,390.86,2,Occasional / Low-value,2026-07-30 19:54:39
13967,31,1,85.6,2,Occasional / Low-value,2026-07-30 19:54:39
13968,58,1,123.66,2,Occasional / Low-value,2026-07-30 19:54:39
13969,0,18,4311.93,0,Champions,2026-07-30 19:54:39
13970,21,2,846.55,2,Occasional / Low-value,2026-07-30 19:54:39
13971,58,6,1909.31,0,Champions,2026-07-30 19:54:39
13974,217,1,264.13,1,Lost / Lapsed,2026-07-30 19:54:39
13975,28,6,2832.56,0,Champions,2026-07-30 19:54:39
13976,141,3,834.38,2,Occasional / Low-value,2026-07-30 19:54:39
13977,46,1,519.81,2,Occasional / Low-value,2026-07-30 19:54:39
13979,28,6,2546.36,0,Champions,2026-07-30 19:54:39
13980,74,4,599.78,2,Occasional / Low-value,2026-07-30 19:54:39
13981,50,1,331.14,2,Occasional / Low-value,2026-07-30 19:54:39
13982,0,6,2573.78,0,Champions,2026-07-30 19:54:39
13983,1,10,4505.02,0,Champions,2026-07-30 19:54:39
13984,1,8,1128.09,0,Champions,2026-07-30 19:54:39
13985,9,7,2960.73,0,Champions,2026-07-30 19:54:39
13987,14,2,682.54,2,Occasional / Low-value,2026-07-30 19:54:39
13988,18,2,609.84,2,Occasional / Low-value,2026-07-30 19:54:39
13989,99,3,759.98,2,Occasional / Low-value,2026-07-30 19:54:39
13992,15,2,142.7,2,Occasional / Low-value,2026-07-30 19:54:39
13993,14,10,3309.35,0,Champions,2026-07-30 19:54:39
13995,14,9,2508.32,0,Champions,2026-07-30 19:54:39
13996,21,2,895.76,2,Occasional / Low-value,2026-07-30 19:54:39
13997,154,3,382.31,2,Occasional / Low-value,2026-07-30 19:54:39
13998,81,3,566.7,2,Occasional / Low-value,2026-07-30 19:54:39
13999,9,17,5600.45,0,Champions,2026-07-30 19:54:39
14000,49,4,1410.68,0,Champions,2026-07-30 19:54:39
14001,8,7,2487.01,0,Champions,2026-07-30 19:54:39
14003,367,1,209.41,1,Lost / Lapsed,2026-07-30 19:54:39
14004,28,4,1675.81,0,Champions,2026-07-30 19:54:39
14006,163,4,1234.48,2,Occasional / Low-value,2026-07-30 19:54:39
14007,147,1,79.48,1,Lost / Lapsed,2026-07-30 19:54:39
14008,67,1,509.04,2,Occasional / Low-value,2026-07-30 19:54:39
14009,97,1,404.3,2,Occasional / Low-value,2026-07-30 19:54:39
14010,200,2,445.15,1,Lost / Lapsed,2026-07-30 19:54:39
14011,115,2,457.82,2,Occasional / Low-value,2026-07-30 19:54:39
14013,15,2,611.55,2,Occasional / Low-value,2026-07-30 19:54:39
14014,11,2,1443.03,2,Occasional / Low-value,2026-07-30 19:54:39
14016,31,7,7062.2,0,Champions,2026-07-30 19:54:39
14017,206,1,229.75,1,Lost / Lapsed,2026-07-30 19:54:39
14018,280,1,367.15,1,Lost / Lapsed,2026-07-30 19:54:39
14020,111,2,606.21,2,Occasional / Low-value,2026-07-30 19:54:39
14021,9,4,1084.68,2,Occasional / Low-value,2026-07-30 19:54:39
14022,121,1,352.15,2,Occasional / Low-value,2026-07-30 19:54:39
14024,25,1,318.04,2,Occasional / Low-value,2026-07-30 19:54:39
14025,99,8,4057.9,0,Champions,2026-07-30 19:54:39
14026,105,2,713.11,2,Occasional / Low-value,2026-07-30 19:54:39
14028,185,3,10396.5,0,Champions,2026-07-30 19:54:39
14030,1,14,5902.2,0,Champions,2026-07-30 19:54:39
14031,0,27,23712.31,0,Champions,2026-07-30 19:54:39
14032,1,6,1874.68,0,Champions,2026-07-30 19:54:39
14033,190,1,109.44,1,Lost / Lapsed,2026-07-30 19:54:39
14035,41,4,1428.7,0,Champions,2026-07-30 19:54:39
14037,113,4,689.75,2,Occasional / Low-value,2026-07-30 19:54:39
14038,32,2,1509.5,2,Occasional / Low-value,2026-07-30 19:54:39
14039,210,1,115.08,1,Lost / Lapsed,2026-07-30 19:54:39
14040,21,23,9030.65,0,Champions,2026-07-30 19:54:39
14042,360,1,431.98,1,Lost / Lapsed,2026-07-30 19:54:39
14043,126,2,304.25,2,Occasional / Low-value,2026-07-30 19:54:39
14044,53,6,2470.28,0,Champions,2026-07-30 19:54:39
14045,8,13,9653.28,0,Champions,2026-07-30 19:54:39
14047,7,10,2946.42,0,Champions,2026-07-30 19:54:39
14048,17,2,338.76,2,Occasional / Low-value,2026-07-30 19:54:39
14049,22,9,7557.31,0,Champions,2026-07-30 19:54:39
14051,1,15,6823.61,0,Champions,2026-07-30 19:54:39
14052,25,1,255.45,2,Occasional / Low-value,2026-07-30 19:54:39
14053,32,2,312.05,2,Occasional / Low-value,2026-07-30 19:54:39
14055,212,2,795.32,1,Lost / Lapsed,2026-07-30 19:54:39
14057,16,5,2190.88,0,Champions,2026-07-30 19:54:39
14058,97,2,469.19,2,Occasional / Low-value,2026-07-30 19:54:39
14060,1,13,3378.66,0,Champions,2026-07-30 19:54:39
14061,142,3,917.43,2,Occasional / Low-value,2026-07-30 19:54:39
14062,9,12,15139.35,0,Champions,2026-07-30 19:54:39
14063,73,9,22710.2,0,Champions,2026-07-30 19:54:39
14064,65,10,1978.68,0,Champions,2026-07-30 19:54:39
14065,24,3,891.02,2,Occasional / Low-value,2026-07-30 19:54:39
14068,238,3,1262.52,1,Lost / Lapsed,2026-07-30 19:54:39
14069,149,2,230.06,1,Lost / Lapsed,2026-07-30 19:54:39
14070,319,1,326.55,1,Lost / Lapsed,2026-07-30 19:54:39
14072,301,1,390.85,1,Lost / Lapsed,2026-07-30 19:54:39
14074,258,1,219.4,1,Lost / Lapsed,2026-07-30 19:54:39
14075,38,3,792.61,2,Occasional / Low-value,2026-07-30 19:54:39
14077,30,1,115.66,2,Occasional / Low-value,2026-07-30 19:54:39
14078,8,4,643.26,2,Occasional / Low-value,2026-07-30 19:54:39
14079,317,1,243.63,1,Lost / Lapsed,2026-07-30 19:54:39
14080,48,4,1070.08,2,Occasional / Low-value,2026-07-30 19:54:39
14081,4,9,4435.58,0,Champions,2026-07-30 19:54:39
14082,27,1,231.11,2,Occasional / Low-value,2026-07-30 19:54:39
14083,6,3,388.83,2,Occasional / Low-value,2026-07-30 19:54:39
14084,147,1,150.5,1,Lost / Lapsed,2026-07-30 19:54:39
14085,3,16,5656.43,0,Champions,2026-07-30 19:54:39
14086,97,1,39.95,2,Occasional / Low-value,2026-07-30 19:54:39
14087,39,2,651.8,2,Occasional / Low-value,2026-07-30 19:54:39
14088,41,3,13544.99,0,Champions,2026-07-30 19:54:39
14091,289,2,9530.08,1,Lost / Lapsed,2026-07-30 19:54:39
14092,9,10,3152.54,0,Champions,2026-07-30 19:54:39
14094,74,1,335.22,2,Occasional / Low-value,2026-07-30 19:54:39
14095,357,1,2.95,1,Lost / Lapsed,2026-07-30 19:54:39
14097,116,2,422.86,2,Occasional / Low-value,2026-07-30 19:54:39
14099,10,9,2661.54,0,Champions,2026-07-30 19:54:39
14101,23,7,3985.14,0,Champions,2026-07-30 19:54:39
14104,24,3,555.37,2,Occasional / Low-value,2026-07-30 19:54:39
14105,43,4,4722.6,0,Champions,2026-07-30 19:54:39
14106,372,1,214.8,1,Lost / Lapsed,2026-07-30 19:54:39
14107,83,4,2174.07,0,Champions,2026-07-30 19:54:39
14108,366,2,447.05,1,Lost / Lapsed,2026-07-30 19:54:39
14110,70,21,7304.8,0,Champions,2026-07-30 19:54:39
14112,86,6,2919.44,0,Champions,2026-07-30 19:54:39
14113,10,12,5252.19,0,Champions,2026-07-30 19:54:39
14114,30,5,977.56,0,Champions,2026-07-30 19:54:39
14115,136,2,622.67,2,Occasional / Low-value,2026-07-30 19:54:39
14118,63,1,458.45,2,Occasional / Low-value,2026-07-30 19:54:39
14119,10,2,183.37,2,Occasional / Low-value,2026-07-30 19:54:39
14122,41,3,362.42,2,Occasional / Low-value,2026-07-30 19:54:39
14123,368,1,436.18,1,Lost / Lapsed,2026-07-30 19:54:39
14126,79,1,466.33,2,Occasional / Low-value,2026-07-30 19:54:39
14127,15,3,1190.37,2,Occasional / Low-value,2026-07-30 19:54:39
14128,186,1,286.71,1,Lost / Lapsed,2026-07-30 19:54:39
14129,34,4,1467.48,0,Champions,2026-07-30 19:54:39
14130,10,3,1398.81,2,Occasional / Low-value,2026-07-30 19:54:39
14131,283,1,187.87,1,Lost / Lapsed,2026-07-30 19:54:39
14133,368,1,305.5,1,Lost / Lapsed,2026-07-30 19:54:39
14134,17,15,11123.35,0,Champions,2026-07-30 19:54:39
14135,2,11,4953.61,0,Champions,2026-07-30 19:54:39
14136,35,5,1570.81,0,Champions,2026-07-30 19:54:39
14137,330,1,332.7,1,Lost / Lapsed,2026-07-30 19:54:39
14139,125,3,670.98,2,Occasional / Low-value,2026-07-30 19:54:39
14142,8,2,671.34,2,Occasional / Low-value,2026-07-30 19:54:39
14144,121,1,30.6,1,Lost / Lapsed,2026-07-30 19:54:39
14145,94,3,3857.85,0,Champions,2026-07-30 19:54:39
14146,18,7,5259.3,0,Champions,2026-07-30 19:54:39
14147,23,7,2106.8,0,Champions,2026-07-30 19:54:39
14148,49,1,309.09,2,Occasional / Low-value,2026-07-30 19:54:39
14151,308,2,679.45,1,Lost / Lapsed,2026-07-30 19:54:39
14152,22,5,1376.05,0,Champions,2026-07-30 19:54:39
14153,118,1,233.4,2,Occasional / Low-value,2026-07-30 19:54:39
14154,16,6,5115.08,0,Champions,2026-07-30 19:54:39
14156,6,102,196566.74,0,Champions,2026-07-30 19:54:39
14157,24,3,569.9,2,Occasional / Low-value,2026-07-30 19:54:39
14159,14,9,3245.0,0,Champions,2026-07-30 19:54:39
14160,245,7,8421.47,0,Champions,2026-07-30 19:54:39
14161,4,5,2208.36,0,Champions,2026-07-30 19:54:39
14163,97,1,148.71,2,Occasional / Low-value,2026-07-30 19:54:39
14166,140,2,256.85,2,Occasional / Low-value,2026-07-30 19:54:39
14167,99,4,721.65,2,Occasional / Low-value,2026-07-30 19:54:39
14168,55,2,370.45,2,Occasional / Low-value,2026-07-30 19:54:39
14169,65,2,624.43,2,Occasional / Low-value,2026-07-30 19:54:39
14170,10,3,597.33,2,Occasional / Low-value,2026-07-30 19:54:39
14171,365,1,135.0,1,Lost / Lapsed,2026-07-30 19:54:39
14172,240,3,402.72,1,Lost / Lapsed,2026-07-30 19:54:39
14173,276,2,135.16,1,Lost / Lapsed,2026-07-30 19:54:39
14175,53,5,4456.58,0,Champions,2026-07-30 19:54:39
14176,2,2,339.11,2,Occasional / Low-value,2026-07-30 19:54:39
14177,16,9,1669.93,0,Champions,2026-07-30 19:54:39
14180,7,9,1570.73,0,Champions,2026-07-30 19:54:39
14181,45,2,310.55,2,Occasional / Low-value,2026-07-30 19:54:39
14182,78,4,678.77,2,Occasional / Low-value,2026-07-30 19:54:39
14183,46,2,286.29,2,Occasional / Low-value,2026-07-30 19:54:39
14186,62,5,1550.63,0,Champions,2026-07-30 19:54:39
14187,108,1,123.5,2,Occasional / Low-value,2026-07-30 19:54:39
14189,3,2,1160.31,2,Occasional / Low-value,2026-07-30 19:54:39
14190,301,1,79.9,1,Lost / Lapsed,2026-07-30 19:54:39
14191,29,2,132.9,2,Occasional / Low-value,2026-07-30 19:54:39
14192,23,1,293.74,2,Occasional / Low-value,2026-07-30 19:54:39
14193,31,1,356.8,2,Occasional / Low-value,2026-07-30 19:54:39
14194,27,15,7321.07,0,Champions,2026-07-30 19:54:39
14195,74,4,1603.6,0,Champions,2026-07-30 19:54:39
14197,45,1,390.05,2,Occasional / Low-value,2026-07-30 19:54:39
14198,35,5,868.33,0,Champions,2026-07-30 19:54:39
14199,58,3,906.3,2,Occasional / Low-value,2026-07-30 19:54:39
14200,252,1,379.2,1,Lost / Lapsed,2026-07-30 19:54:39
14201,44,3,446.1,2,Occasional / Low-value,2026-07-30 19:54:39
14202,16,3,847.76,2,Occasional / Low-value,2026-07-30 19:54:39
14203,32,1,339.34,2,Occasional / Low-value,2026-07-30 19:54:39
14204,57,3,901.93,2,Occasional / Low-value,2026-07-30 19:54:39
14205,29,7,1947.5,0,Champions,2026-07-30 19:54:39
14206,23,2,856.85,2,Occasional / Low-value,2026-07-30 19:54:39
14207,322,1,157.8,1,Lost / Lapsed,2026-07-30 19:54:39
14208,186,1,415.31,1,Lost / Lapsed,2026-07-30 19:54:39
14209,20,9,2919.84,0,Champions,2026-07-30 19:54:39
14210,6,11,3955.68,0,Champions,2026-07-30 19:54:39
14211,46,9,2161.19,0,Champions,2026-07-30 19:54:39
14212,80,1,1119.66,2,Occasional / Low-value,2026-07-30 19:54:39
14213,39,1,1192.2,2,Occasional / Low-value,2026-07-30 19:54:39
14215,3,4,1626.61,0,Champions,2026-07-30 19:54:39
14216,49,1,310.74,2,Occasional / Low-value,2026-07-30 19:54:39
14217,1,7,1411.91,0,Champions,2026-07-30 19:54:39
14219,44,2,543.89,2,Occasional / Low-value,2026-07-30 19:54:39
14220,202,2,882.6,1,Lost / Lapsed,2026-07-30 19:54:39
14221,84,8,3084.69,0,Champions,2026-07-30 19:54:39
14224,25,5,847.78,0,Champions,2026-07-30 19:54:39
14225,69,4,2037.02,0,Champions,2026-07-30 19:54:39
14226,76,1,770.34,2,Occasional / Low-value,2026-07-30 19:54:39
14227,49,5,3017.75,0,Champions,2026-07-30 19:54:39
14228,72,3,745.5,2,Occasional / Low-value,2026-07-30 19:54:39
14229,38,4,1046.84,2,Occasional / Low-value,2026-07-30 19:54:39
14230,70,3,979.8,2,Occasional / Low-value,2026-07-30 19:54:39
14231,85,1,309.91,2,Occasional / Low-value,2026-07-30 19:54:39
14233,100,3,1441.55,2,Occasional / Low-value,2026-07-30 19:54:39
14235,133,4,1573.13,0,Champions,2026-07-30 19:54:39
14236,7,4,1253.78,0,Champions,2026-07-30 19:54:39
14237,8,2,471.14,2,Occasional / Low-value,2026-07-30 19:54:39
14238,297,2,287.38,1,Lost / Lapsed,2026-07-30 19:54:39
14239,66,10,1882.32,0,Champions,2026-07-30 19:54:39
14240,58,1,357.15,2,Occasional / Low-value,2026-07-30 19:54:39
14241,331,1,120.0,1,Lost / Lapsed,2026-07-30 19:54:39
14243,0,8,4842.28,0,Champions,2026-07-30 19:54:39
14244,295,1,366.42,1,Lost / Lapsed,2026-07-30 19:54:39
14247,39,4,635.89,2,Occasional / Low-value,2026-07-30 19:54:39
14248,94,2,730.37,2,Occasional / Low-value,2026-07-30 19:54:39
14249,45,12,5625.46,0,Champions,2026-07-30 19:54:39
14252,16,1,350.99,2,Occasional / Low-value,2026-07-30 19:54:39
14253,128,2,363.4,2,Occasional / Low-value,2026-07-30 19:54:39
14254,67,1,601.03,2,Occasional / Low-value,2026-07-30 19:54:39
14255,181,1,1000.63,1,Lost / Lapsed,2026-07-30 19:54:39
14256,126,3,1504.93,2,Occasional / Low-value,2026-07-30 19:54:39
14257,15,4,2854.73,0,Champions,2026-07-30 19:54:39
14258,30,16,19381.36,0,Champions,2026-07-30 19:54:39
14260,106,3,824.28,2,Occasional / Low-value,2026-07-30 19:54:39
14263,58,1,322.93,2,Occasional / Low-value,2026-07-30 19:54:39
14264,14,4,1183.39,0,Champions,2026-07-30 19:54:39
14265,99,2,843.17,2,Occasional / Low-value,2026-07-30 19:54:39
14266,63,1,40.56,2,Occasional / Low-value,2026-07-30 19:54:39
14268,105,1,354.85,2,Occasional / Low-value,2026-07-30 19:54:39
14269,74,1,295.73,2,Occasional / Low-value,2026-07-30 19:54:39
14271,44,1,106.81,2,Occasional / Low-value,2026-07-30 19:54:39
14272,197,2,482.85,1,Lost / Lapsed,2026-07-30 19:54:39
14274,321,1,256.6,1,Lost / Lapsed,2026-07-30 19:54:39
14275,30,6,1189.38,0,Champions,2026-07-30 19:54:39
14276,42,4,982.94,2,Occasional / Low-value,2026-07-30 19:54:39
14277,46,6,13009.61,0,Champions,2026-07-30 19:54:39
14278,44,1,205.83,2,Occasional / Low-value,2026-07-30 19:54:39
14279,155,2,191.86,1,Lost / Lapsed,2026-07-30 19:54:39
14281,43,1,245.15,2,Occasional / Low-value,2026-07-30 19:54:39
14282,2,11,4120.32,0,Champions,2026-07-30 19:54:39
14283,98,4,628.44,2,Occasional / Low-value,2026-07-30 19:54:39
14284,288,1,704.4,1,Lost / Lapsed,2026-07-30 19:54:39
14285,148,4,1374.41,2,Occasional / Low-value,2026-07-30 19:54:39
14286,39,4,3851.01,0,Champions,2026-07-30 19:54:39
14290,48,3,2201.91,0,Champions,2026-07-30 19:54:39
14291,15,12,4020.85,0,Champions,2026-07-30 19:54:39
14292,45,7,4354.32,0,Champions,2026-07-30 19:54:39
14293,3,6,2221.37,0,Champions,2026-07-30 19:54:39
14294,42,1,375.34,2,Occasional / Low-value,2026-07-30 19:54:39
14295,73,4,2196.71,0,Champions,2026-07-30 19:54:39
14296,56,2,456.4,2,Occasional / Low-value,2026-07-30 19:54:39
14298,10,38,39667.19,0,Champions,2026-07-30 19:54:39
14299,0,19,10533.87,0,Champions,2026-07-30 19:54:39
14301,51,3,1352.04,2,Occasional / Low-value,2026-07-30 19:54:39
14302,65,3,742.9,2,Occasional / Low-value,2026-07-30 19:54:39
14303,42,2,277.94,2,Occasional / Low-value,2026-07-30 19:54:39
14304,14,2,1341.56,2,Occasional / Low-value,2026-07-30 19:54:39
14306,13,4,1058.08,2,Occasional / Low-value,2026-07-30 19:54:39
14307,8,5,2075.31,0,Champions,2026-07-30 19:54:39
14308,184,2,1147.02,1,Lost / Lapsed,2026-07-30 19:54:39
14309,48,2,1428.28,2,Occasional / Low-value,2026-07-30 19:54:39
14310,67,1,492.1,2,Occasional / Low-value,2026-07-30 19:54:39
14311,202,1,206.19,1,Lost / Lapsed,2026-07-30 19:54:39
14312,13,5,1478.7,0,Champions,2026-07-30 19:54:39
14314,65,1,109.8,2,Occasional / Low-value,2026-07-30 19:54:39
14315,199,2,716.69,1,Lost / Lapsed,2026-07-30 19:54:39
14316,57,5,1370.34,0,Champions,2026-07-30 19:54:39
14318,95,1,158.02,2,Occasional / Low-value,2026-07-30 19:54:39
14319,59,1,494.85,2,Occasional / Low-value,2026-07-30 19:54:39
14320,181,3,868.96,1,Lost / Lapsed,2026-07-30 19:54:39
14321,66,2,687.31,2,Occasional / Low-value,2026-07-30 19:54:39
14322,64,4,474.1,2,Occasional / Low-value,2026-07-30 19:54:39
14324,44,2,701.61,2,Occasional / Low-value,2026-07-30 19:54:39
14325,204,1,245.48,1,Lost / Lapsed,2026-07-30 19:54:39
14326,98,2,757.13,2,Occasional / Low-value,2026-07-30 19:54:39
14327,17,5,1583.28,0,Champions,2026-07-30 19:54:39
14328,73,1,445.05,2,Occasional / Low-value,2026-07-30 19:54:39
14329,10,8,4912.38,0,Champions,2026-07-30 19:54:39
14330,258,1,200.63,1,Lost / Lapsed,2026-07-30 19:54:39
14332,16,2,1077.2,2,Occasional / Low-value,2026-07-30 19:54:39
14334,60,4,1766.27,0,Champions,2026-07-30 19:54:39
14338,171,1,339.88,1,Lost / Lapsed,2026-07-30 19:54:39
14339,63,1,310.75,2,Occasional / Low-value,2026-07-30 19:54:39
14341,55,10,2285.04,0,Champions,2026-07-30 19:54:39
14342,67,2,249.88,2,Occasional / Low-value,2026-07-30 19:54:39
14343,56,4,1088.91,2,Occasional / Low-value,2026-07-30 19:54:39
14344,2,14,2443.77,0,Champions,2026-07-30 19:54:39
14346,60,3,1294.17,2,Occasional / Low-value,2026-07-30 19:54:39
14347,371,1,82.6,1,Lost / Lapsed,2026-07-30 19:54:39
14350,15,2,689.1,2,Occasional / Low-value,2026-07-30 19:54:39
14353,45,2,285.9,2,Occasional / Low-value,2026-07-30 19:54:39
14355,0,3,840.05,2,Occasional / Low-value,2026-07-30 19:54:39
14358,24,2,400.06,2,Occasional / Low-value,2026-07-30 19:54:39
14361,213,1,214.71,1,Lost / Lapsed,2026-07-30 19:54:39
14363,37,2,227.47,2,Occasional / Low-value,2026-07-30 19:54:39
14365,29,2,634.68,2,Occasional / Low-value,2026-07-30 19:54:39
14366,160,1,136.0,1,Lost / Lapsed,2026-07-30 19:54:39
14369,277,2,469.13,1,Lost / Lapsed,2026-07-30 19:54:39
14370,85,6,1175.78,0,Champions,2026-07-30 19:54:39
14372,78,2,860.08,2,Occasional / Low-value,2026-07-30 19:54:39
14374,176,1,108.0,1,Lost / Lapsed,2026-07-30 19:54:39
14375,85,2,875.31,2,Occasional / Low-value,2026-07-30 19:54:39
14376,318,1,215.46,1,Lost / Lapsed,2026-07-30 19:54:39
14378,256,1,131.25,1,Lost / Lapsed,2026-07-30 19:54:39
14379,28,2,920.81,2,Occasional / Low-value,2026-07-30 19:54:39
14380,317,1,48.96,1,Lost / Lapsed,2026-07-30 19:54:39
14381,86,1,428.66,2,Occasional / Low-value,2026-07-30 19:54:39
14382,25,1,620.73,2,Occasional / Low-value,2026-07-30 19:54:39
14384,135,1,58.5,1,Lost / Lapsed,2026-07-30 19:54:39
14388,7,9,3488.16,0,Champions,2026-07-30 19:54:39
14389,59,3,854.55,2,Occasional / Low-value,2026-07-30 19:54:39
14390,7,5,1747.01,0,Champions,2026-07-30 19:54:39
14391,211,1,135.6,1,Lost / Lapsed,2026-07-30 19:54:39
14392,67,1,266.4,2,Occasional / Low-value,2026-07-30 19:54:39
14394,199,1,93.8,1,Lost / Lapsed,2026-07-30 19:54:39
14395,7,12,4700.3,0,Champions,2026-07-30 19:54:39
14396,6,6,1633.94,0,Champions,2026-07-30 19:54:39
14398,36,2,707.79,2,Occasional / Low-value,2026-07-30 19:54:39
14399,29,8,2113.16,0,Champions,2026-07-30 19:54:39
14400,43,2,1157.77,2,Occasional / Low-value,2026-07-30 19:54:39
14401,59,9,2744.42,0,Champions,2026-07-30 19:54:39
14402,287,1,285.6,1,Lost / Lapsed,2026-07-30 19:54:39
14403,224,2,404.7,1,Lost / Lapsed,2026-07-30 19:54:39
14404,4,8,1424.79,0,Champions,2026-07-30 19:54:39
14405,21,1,195.0,2,Occasional / Low-value,2026-07-30 19:54:39
14408,106,4,1503.24,0,Champions,2026-07-30 19:54:39
14409,3,5,1696.64,0,Champions,2026-07-30 19:54:39
14410,11,2,1546.07,2,Occasional / Low-value,2026-07-30 19:54:39
14412,59,1,656.16,2,Occasional / Low-value,2026-07-30 19:54:39
14413,45,3,647.67,2,Occasional / Low-value,2026-07-30 19:54:39
14414,9,1,902.35,2,Occasional / Low-value,2026-07-30 19:54:39
14415,14,10,6191.32,0,Champions,2026-07-30 19:54:39
14417,22,1,604.2,2,Occasional / Low-value,2026-07-30 19:54:39
14419,17,1,202.85,2,Occasional / Low-value,2026-07-30 19:54:39
14420,31,3,1251.65,2,Occasional / Low-value,2026-07-30 19:54:39
14421,147,4,1656.26,0,Champions,2026-07-30 19:54:39
14422,9,13,6007.88,0,Champions,2026-07-30 19:54:39
14423,72,2,651.41,2,Occasional / Low-value,2026-07-30 19:54:39
14425,69,3,661.39,2,Occasional / Low-value,2026-07-30 19:54:39
14426,38,7,7246.27,0,Champions,2026-07-30 19:54:39
14427,129,2,900.18,2,Occasional / Low-value,2026-07-30 19:54:39
14429,38,1,516.28,2,Occasional / Low-value,2026-07-30 19:54:39
14430,146,3,1220.9,2,Occasional / Low-value,2026-07-30 19:54:39
14431,14,3,2143.84,0,Champions,2026-07-30 19:54:39
14433,100,1,289.6,2,Occasional / Low-value,2026-07-30 19:54:39
14435,136,1,90.42,1,Lost / Lapsed,2026-07-30 19:54:39
14436,188,1,182.64,1,Lost / Lapsed,2026-07-30 19:54:39
14437,0,5,895.84,0,Champions,2026-07-30 19:54:39
14439,78,4,6781.8,0,Champions,2026-07-30 19:54:39
14440,0,9,4281.05,0,Champions,2026-07-30 19:54:39
14441,9,7,2898.8,0,Champions,2026-07-30 19:54:39
14442,49,5,3777.2,0,Champions,2026-07-30 19:54:39
14443,3,2,966.27,2,Occasional / Low-value,2026-07-30 19:54:39
14444,91,1,132.04,2,Occasional / Low-value,2026-07-30 19:54:39
14445,90,1,221.65,2,Occasional / Low-value,2026-07-30 19:54:39
14446,21,1,201.73,2,Occasional / Low-value,2026-07-30 19:54:39
14447,35,1,548.5,2,Occasional / Low-value,2026-07-30 19:54:39
14449,7,5,1575.7,0,Champions,2026-07-30 19:54:39
14450,14,4,645.19,2,Occasional / Low-value,2026-07-30 19:54:39
14451,24,10,2646.18,0,Champions,2026-07-30 19:54:39
14452,30,2,401.15,2,Occasional / Low-value,2026-07-30 19:54:39
14454,11,5,977.3,0,Champions,2026-07-30 19:54:39
14455,67,4,628.21,2,Occasional / Low-value,2026-07-30 19:54:39
14458,15,1,237.42,2,Occasional / Low-value,2026-07-30 19:54:39
14459,286,1,3537.82,1,Lost / Lapsed,2026-07-30 19:54:39
14460,31,6,659.16,0,Champions,2026-07-30 19:54:39
14461,17,10,4610.44,0,Champions,2026-07-30 19:54:39
14462,67,1,265.99,2,Occasional / Low-value,2026-07-30 19:54:39
14463,134,1,256.95,2,Occasional / Low-value,2026-07-30 19:54:39
14464,203,2,111.0,1,Lost / Lapsed,2026-07-30 19:54:39
14465,63,8,2887.41,0,Champions,2026-07-30 19:54:39
14466,7,7,2374.5,0,Champions,2026-07-30 19:54:39
14467,24,8,1622.23,0,Champions,2026-07-30 19:54:39
14468,368,1,204.24,1,Lost / Lapsed,2026-07-30 19:54:39
14469,51,4,2112.21,0,Champions,2026-07-30 19:54:39
14470,65,1,250.85,2,Occasional / Low-value,2026-07-30 19:54:39
14471,226,2,400.95,1,Lost / Lapsed,2026-07-30 19:54:39
14472,324,1,291.38,1,Lost / Lapsed,2026-07-30 19:54:39
14474,214,1,730.42,1,Lost / Lapsed,2026-07-30 19:54:39
14475,43,1,225.3,2,Occasional / Low-value,2026-07-30 19:54:39
14477,71,3,660.0,2,Occasional / Low-value,2026-07-30 19:54:39
14478,17,4,1276.66,0,Champions,2026-07-30 19:54:39
14479,0,3,982.86,2,Occasional / Low-value,2026-07-30 19:54:39
14480,37,3,1020.47,2,Occasional / Low-value,2026-07-30 19:54:39
14481,42,3,1674.98,2,Occasional / Low-value,2026-07-30 19:54:39
14482,14,6,2289.76,0,Champions,2026-07-30 19:54:39
14483,371,1,120.0,1,Lost / Lapsed,2026-07-30 19:54:39
14484,36,3,749.06,2,Occasional / Low-value,2026-07-30 19:54:39
14486,146,2,175.5,1,Lost / Lapsed,2026-07-30 19:54:39
14487,3,2,257.28,2,Occasional / Low-value,2026-07-30 19:54:39
14489,72,3,1111.55,2,Occasional / Low-value,2026-07-30 19:54:39
14490,41,2,1273.47,2,Occasional / Low-value,2026-07-30 19:54:39
14491,7,1,127.2,2,Occasional / Low-value,2026-07-30 19:54:39
14492,65,7,1921.91,0,Champions,2026-07-30 19:54:39
14493,25,5,2746.91,0,Champions,2026-07-30 19:54:39
14494,36,2,261.9,2,Occasional / Low-value,2026-07-30 19:54:39
14495,294,1,51.0,1,Lost / Lapsed,2026-07-30 19:54:39
14496,8,6,2129.42,0,Champions,2026-07-30 19:54:39
14497,308,1,221.69,1,Lost / Lapsed,2026-07-30 19:54:39
14498,36,5,1953.95,0,Champions,2026-07-30 19:54:39
14499,9,4,1323.65,0,Champions,2026-07-30 19:54:39
14505,39,11,6096.2,0,Champions,2026-07-30 19:54:39
14506,4,3,1278.5,2,Occasional / Low-value,2026-07-30 19:54:39
14507,13,5,1901.25,0,Champions,2026-07-30 19:54:39
14508,11,3,598.52,2,Occasional / Low-value,2026-07-30 19:54:39
14509,169,1,110.95,1,Lost / Lapsed,2026-07-30 19:54:39
14510,10,3,1007.28,2,Occasional / Low-value,2026-07-30 19:54:39
14512,18,5,948.19,0,Champions,2026-07-30 19:54:39
14513,71,3,332.42,2,Occasional / Low-value,2026-07-30 19:54:39
14514,71,6,3543.63,0,Champions,2026-07-30 19:54:39
14515,22,6,1647.17,0,Champions,2026-07-30 19:54:39
14516,151,1,163.92,1,Lost / Lapsed,2026-07-30 19:54:39
14519,318,2,206.09,1,Lost / Lapsed,2026-07-30 19:54:39
14521,126,1,199.45,2,Occasional / Low-value,2026-07-30 19:54:39
14522,230,4,784.08,1,Lost / Lapsed,2026-07-30 19:54:39
14524,44,4,1066.03,2,Occasional / Low-value,2026-07-30 19:54:39
14525,63,8,3908.44,0,Champions,2026-07-30 19:54:39
14526,24,1,262.4,2,Occasional / Low-value,2026-07-30 19:54:39
14527,0,69,19283.48,0,Champions,2026-07-30 19:54:39
14530,31,10,3271.49,0,Champions,2026-07-30 19:54:39
14531,114,1,376.34,2,Occasional / Low-value,2026-07-30 19:54:39
14532,46,7,2926.33,0,Champions,2026-07-30 19:54:39
14533,42,4,1516.65,0,Champions,2026-07-30 19:54:39
14534,32,8,1824.06,0,Champions,2026-07-30 19:54:39
14535,30,6,3166.54,0,Champions,2026-07-30 19:54:39
14537,258,1,285.84,1,Lost / Lapsed,2026-07-30 19:54:39
14538,165,3,982.59,2,Occasional / Low-value,2026-07-30 19:54:39
14540,14,8,2799.08,0,Champions,2026-07-30 19:54:39
14541,51,6,1038.03,0,Champions,2026-07-30 19:54:39
14543,15,23,11276.44,0,Champions,2026-07-30 19:54:39
14544,105,1,957.98,2,Occasional / Low-value,2026-07-30 19:54:39
14545,309,1,349.25,1,Lost / Lapsed,2026-07-30 19:54:39
14546,11,6,2619.81,0,Champions,2026-07-30 19:54:39
14548,119,7,1974.69,0,Champions,2026-07-30 19:54:39
14549,55,3,627.31,2,Occasional / Low-value,2026-07-30 19:54:39
14550,23,2,587.69,2,Occasional / Low-value,2026-07-30 19:54:39
14551,46,5,693.81,2,Occasional / Low-value,2026-07-30 19:54:39
14552,15,2,346.21,2,Occasional / Low-value,2026-07-30 19:54:39
14553,46,4,982.27,2,Occasional / Low-value,2026-07-30 19:54:39
14555,16,4,1991.49,0,Champions,2026-07-30 19:54:39
14556,231,3,835.34,1,Lost / Lapsed,2026-07-30 19:54:39
14558,289,3,655.5,1,Lost / Lapsed,2026-07-30 19:54:39
14559,25,1,75.6,2,Occasional / Low-value,2026-07-30 19:54:39
14560,14,22,3876.26,0,Champions,2026-07-30 19:54:39
14562,25,8,1654.63,0,Champions,2026-07-30 19:54:39
14563,144,2,679.44,2,Occasional / Low-value,2026-07-30 19:54:39
14564,69,2,2605.62,2,Occasional / Low-value,2026-07-30 19:54:39
14565,108,1,760.1,2,Occasional / Low-value,2026-07-30 19:54:39
14566,52,3,2660.0,0,Champions,2026-07-30 19:54:39
14568,70,1,919.7,2,Occasional / Low-value,2026-07-30 19:54:39
14569,87,3,371.59,2,Occasional / Low-value,2026-07-30 19:54:39
14570,78,1,395.69,2,Occasional / Low-value,2026-07-30 19:54:39
14571,60,1,161.65,2,Occasional / Low-value,2026-07-30 19:54:39
14572,52,4,2782.34,0,Champions,2026-07-30 19:54:39
14573,7,5,968.0,0,Champions,2026-07-30 19:54:39
14574,367,1,143.7,1,Lost / Lapsed,2026-07-30 19:54:39
14575,123,1,460.71,2,Occasional / Low-value,2026-07-30 19:54:39
14576,7,1,35.4,2,Occasional / Low-value,2026-07-30 19:54:39
14577,29,3,514.54,2,Occasional / Low-value,2026-07-30 19:54:39
14579,67,1,105.56,2,Occasional / Low-value,2026-07-30 19:54:39
14580,153,1,14.85,1,Lost / Lapsed,2026-07-30 19:54:39
14581,179,1,295.2,1,Lost / Lapsed,2026-07-30 19:54:39
14583,18,3,728.48,2,Occasional / Low-value,2026-07-30 19:54:39
14584,56,4,705.65,2,Occasional / Low-value,2026-07-30 19:54:39
14585,17,4,986.22,2,Occasional / Low-value,2026-07-30 19:54:39
14588,213,1,135.39,1,Lost / Lapsed,2026-07-30 19:54:39
14589,6,1,39.75,2,Occasional / Low-value,2026-07-30 19:54:39
14590,59,20,3006.62,0,Champions,2026-07-30 19:54:39
14593,32,9,3094.02,0,Champions,2026-07-30 19:54:39
14594,8,1,255.0,2,Occasional / Low-value,2026-07-30 19:54:39
14595,88,2,423.85,2,Occasional / Low-value,2026-07-30 19:54:39
14596,261,1,229.47,1,Lost / Lapsed,2026-07-30 19:54:39
14597,14,4,1318.39,0,Champions,2026-07-30 19:54:39
14598,204,1,162.07,1,Lost / Lapsed,2026-07-30 19:54:39
14599,25,2,474.54,2,Occasional / Low-value,2026-07-30 19:54:39
14600,28,1,471.84,2,Occasional / Low-value,2026-07-30 19:54:39
14602,291,1,205.36,1,Lost / Lapsed,2026-07-30 19:54:39
14604,268,1,143.86,1,Lost / Lapsed,2026-07-30 19:54:39
14605,9,4,937.16,2,Occasional / Low-value,2026-07-30 19:54:39
14606,1,102,18704.41,0,Champions,2026-07-30 19:54:39
14607,102,8,7568.13,0,Champions,2026-07-30 19:54:39
14608,14,7,1567.79,0,Champions,2026-07-30 19:54:39
14609,25,6,884.64,0,Champions,2026-07-30 19:54:39
14610,30,2,24.35,2,Occasional / Low-value,2026-07-30 19:54:39
14611,78,2,604.33,2,Occasional / Low-value,2026-07-30 19:54:39
14612,50,1,877.7,2,Occasional / Low-value,2026-07-30 19:54:39
14613,315,1,76.32,1,Lost / Lapsed,2026-07-30 19:54:39
14614,21,1,295.13,2,Occasional / Low-value,2026-07-30 19:54:39
14615,29,5,951.76,0,Champions,2026-07-30 19:54:39
14616,20,2,121.7,2,Occasional / Low-value,2026-07-30 19:54:39
14617,37,2,190.47,2,Occasional / Low-value,2026-07-30 19:54:39
14618,11,4,788.88,2,Occasional / Low-value,2026-07-30 19:54:39
14619,176,1,896.8,1,Lost / Lapsed,2026-07-30 19:54:39
14621,146,4,1212.21,2,Occasional / Low-value,2026-07-30 19:54:39
14623,15,5,1170.33,0,Champions,2026-07-30 19:54:39
14624,50,4,588.22,2,Occasional / Low-value,2026-07-30 19:54:39
14625,9,9,3598.25,0,Champions,2026-07-30 19:54:39
14626,30,7,2619.65,0,Champions,2026-07-30 19:54:39
14627,14,1,462.75,2,Occasional / Low-value,2026-07-30 19:54:39
14628,77,3,1326.04,2,Occasional / Low-value,2026-07-30 19:54:39
14630,119,1,338.65,2,Occasional / Low-value,2026-07-30 19:54:39
14631,21,3,1018.71,2,Occasional / Low-value,2026-07-30 19:54:39
14634,72,4,2124.46,0,Champions,2026-07-30 19:54:39
14635,88,1,215.22,2,Occasional / Low-value,2026-07-30 19:54:39
14637,312,1,106.68,1,Lost / Lapsed,2026-07-30 19:54:39
14639,43,3,1994.47,0,Champions,2026-07-30 19:54:39
14640,44,4,1541.98,0,Champions,2026-07-30 19:54:39
14643,252,3,986.08,1,Lost / Lapsed,2026-07-30 19:54:39
14644,49,5,1416.96,0,Champions,2026-07-30 19:54:39
14645,269,1,279.8,1,Lost / Lapsed,2026-07-30 19:54:39
14646,9,78,248396.5,0,Champions,2026-07-30 19:54:39
14647,158,1,276.75,1,Lost / Lapsed,2026-07-30 19:54:39
14648,51,15,4546.86,0,Champions,2026-07-30 19:54:39
14649,17,5,2358.02,0,Champions,2026-07-30 19:54:39
14650,224,1,62.5,1,Lost / Lapsed,2026-07-30 19:54:39
14651,29,7,1379.52,0,Champions,2026-07-30 19:54:39
14653,148,5,1666.99,0,Champions,2026-07-30 19:54:39
14654,373,1,246.86,1,Lost / Lapsed,2026-07-30 19:54:39
14655,23,3,1946.28,0,Champions,2026-07-30 19:54:39
14656,50,3,523.6,2,Occasional / Low-value,2026-07-30 19:54:39
14657,64,2,612.65,2,Occasional / Low-value,2026-07-30 19:54:39
14662,62,3,645.16,2,Occasional / Low-value,2026-07-30 19:54:39
14663,65,2,490.6,2,Occasional / Low-value,2026-07-30 19:54:39
14665,62,2,913.95,2,Occasional / Low-value,2026-07-30 19:54:39
14667,0,31,12685.94,0,Champions,2026-07-30 19:54:39
14668,80,1,111.63,2,Occasional / Low-value,2026-07-30 19:54:39
14669,268,4,1973.94,1,Lost / Lapsed,2026-07-30 19:54:39
14670,367,1,190.47,1,Lost / Lapsed,2026-07-30 19:54:39
14671,184,2,1127.45,1,Lost / Lapsed,2026-07-30 19:54:39
14672,150,2,347.59,2,Occasional / Low-value,2026-07-30 19:54:39
14673,2,3,1674.41,2,Occasional / Low-value,2026-07-30 19:54:39
14674,144,1,173.66,1,Lost / Lapsed,2026-07-30 19:54:39
14675,23,1,462.15,2,Occasional / Low-value,2026-07-30 19:54:39
14676,29,6,5808.55,0,Champions,2026-07-30 19:54:39
14677,227,1,184.91,1,Lost / Lapsed,2026-07-30 19:54:39
14678,214,1,403.39,1,Lost / Lapsed,2026-07-30 19:54:39
14679,16,3,1289.44,2,Occasional / Low-value,2026-07-30 19:54:39
14680,6,43,28658.66,0,Champions,2026-07-30 19:54:39
14681,22,3,376.2,2,Occasional / Low-value,2026-07-30 19:54:39
14682,63,4,1462.81,0,Champions,2026-07-30 19:54:39
14683,223,1,146.56,1,Lost / Lapsed,2026-07-30 19:54:39
14684,25,1,232.27,2,Occasional / Low-value,2026-07-30 19:54:39
14685,211,8,4619.79,0,Champions,2026-07-30 19:54:39
14686,49,5,885.83,0,Champions,2026-07-30 19:54:39
14687,35,2,773.68,2,Occasional / Low-value,2026-07-30 19:54:39
14688,8,8,2082.7,0,Champions,2026-07-30 19:54:39
14690,27,2,422.63,2,Occasional / Low-value,2026-07-30 19:54:39
14692,15,8,1153.54,0,Champions,2026-07-30 19:54:39
14693,60,6,992.46,0,Champions,2026-07-30 19:54:39
14694,252,1,244.31,1,Lost / Lapsed,2026-07-30 19:54:39
14695,154,3,1620.07,2,Occasional / Low-value,2026-07-30 19:54:39
14696,8,2,688.95,2,Occasional / Low-value,2026-07-30 19:54:39
14699,70,3,593.47,2,Occasional / Low-value,2026-07-30 19:54:39
14700,50,2,880.96,2,Occasional / Low-value,2026-07-30 19:54:39
14701,77,6,2012.72,0,Champions,2026-07-30 19:54:39
14702,0,13,3462.08,0,Champions,2026-07-30 19:54:39
14704,59,2,266.66,2,Occasional / Low-value,2026-07-30 19:54:39
14706,253,1,390.69,1,Lost / Lapsed,2026-07-30 19:54:39
14707,70,2,139.2,2,Occasional / Low-value,2026-07-30 19:54:39
14708,3,3,1085.91,2,Occasional / Low-value,2026-07-30 19:54:39
14709,14,12,3965.29,0,Champions,2026-07-30 19:54:39
14710,14,9,1316.46,0,Champions,2026-07-30 19:54:39
14712,53,1,411.0,2,Occasional / Low-value,2026-07-30 19:54:39
14713,0,11,2752.51,0,Champions,2026-07-30 19:54:39
14714,42,3,746.05,2,Occasional / Low-value,2026-07-30 19:54:39
14715,77,4,973.07,2,Occasional / Low-value,2026-07-30 19:54:39
14716,79,1,235.77,2,Occasional / Low-value,2026-07-30 19:54:39
14717,368,1,81.3,1,Lost / Lapsed,2026-07-30 19:54:39
14718,45,1,226.42,2,Occasional / Low-value,2026-07-30 19:54:39
14721,14,1,115.77,2,Occasional / Low-value,2026-07-30 19:54:39
14722,112,2,325.45,2,Occasional / Low-value,2026-07-30 19:54:39
14723,6,7,934.76,0,Champions,2026-07-30 19:54:39
14724,225,1,345.25,1,Lost / Lapsed,2026-07-30 19:54:39
14725,29,3,597.16,2,Occasional / Low-value,2026-07-30 19:54:39
14726,289,1,124.75,1,Lost / Lapsed,2026-07-30 19:54:39
14727,181,2,199.35,1,Lost / Lapsed,2026-07-30 19:54:39
14728,48,1,190.58,2,Occasional / Low-value,2026-07-30 19:54:39
14729,8,3,593.89,2,Occasional / Low-value,2026-07-30 19:54:39
14732,27,11,2814.58,0,Champions,2026-07-30 19:54:39
14733,2,4,6599.06,0,Champions,2026-07-30 19:54:39
14734,60,4,1056.42,2,Occasional / Low-value,2026-07-30 19:54:39
14735,23,24,6174.47,0,Champions,2026-07-30 19:54:39
14736,120,2,401.08,2,Occasional / Low-value,2026-07-30 19:54:39
14737,35,1,2389.62,2,Occasional / Low-value,2026-07-30 19:54:39
14738,196,2,507.45,1,Lost / Lapsed,2026-07-30 19:54:39
14739,2,19,8385.22,0,Champions,2026-07-30 19:54:39
14740,44,8,2712.85,0,Champions,2026-07-30 19:54:39
14741,7,2,497.25,2,Occasional / Low-value,2026-07-30 19:54:39
14742,70,1,579.85,2,Occasional / Low-value,2026-07-30 19:54:39
14743,227,1,50.48,1,Lost / Lapsed,2026-07-30 19:54:39
14744,1,8,2785.1,0,Champions,2026-07-30 19:54:39
14745,136,7,1351.55,0,Champions,2026-07-30 19:54:39
14746,41,4,593.5,2,Occasional / Low-value,2026-07-30 19:54:39
14748,3,7,1736.57,0,Champions,2026-07-30 19:54:39
14749,114,1,310.15,2,Occasional / Low-value,2026-07-30 19:54:39
14750,371,1,112.03,1,Lost / Lapsed,2026-07-30 19:54:39
14751,319,2,126.45,1,Lost / Lapsed,2026-07-30 19:54:39
14753,95,1,306.36,2,Occasional / Low-value,2026-07-30 19:54:39
14754,60,4,912.43,2,Occasional / Low-value,2026-07-30 19:54:39
14755,16,14,4962.27,0,Champions,2026-07-30 19:54:39
14756,17,2,1914.8,2,Occasional / Low-value,2026-07-30 19:54:39
14758,31,3,1380.91,2,Occasional / Low-value,2026-07-30 19:54:39
14761,79,1,192.02,2,Occasional / Low-value,2026-07-30 19:54:39
14762,261,1,117.05,1,Lost / Lapsed,2026-07-30 19:54:39
14766,1,6,4082.76,0,Champions,2026-07-30 19:54:39
14767,109,1,382.81,2,Occasional / Low-value,2026-07-30 19:54:39
14769,25,9,5097.13,0,Champions,2026-07-30 19:54:39
14770,102,6,2761.22,0,Champions,2026-07-30 19:54:39
14771,256,2,594.62,1,Lost / Lapsed,2026-07-30 19:54:39
14773,227,1,140.55,1,Lost / Lapsed,2026-07-30 19:54:39
14774,163,1,241.45,1,Lost / Lapsed,2026-07-30 19:54:39
14775,7,1,406.56,2,Occasional / Low-value,2026-07-30 19:54:39
14776,22,4,1170.0,2,Occasional / Low-value,2026-07-30 19:54:39
14777,38,1,307.56,2,Occasional / Low-value,2026-07-30 19:54:39
14783,294,1,307.3,1,Lost / Lapsed,2026-07-30 19:54:39
14784,24,1,159.94,2,Occasional / Low-value,2026-07-30 19:54:39
14786,185,1,90.96,1,Lost / Lapsed,2026-07-30 19:54:39
14787,106,1,110.65,2,Occasional / Low-value,2026-07-30 19:54:39
14788,231,1,476.88,1,Lost / Lapsed,2026-07-30 19:54:39
14790,9,6,1781.56,0,Champions,2026-07-30 19:54:39
14791,241,1,303.63,1,Lost / Lapsed,2026-07-30 19:54:39
14793,170,1,396.91,1,Lost / Lapsed,2026-07-30 19:54:39
14794,37,3,633.99,2,Occasional / Low-value,2026-07-30 19:54:39
14796,1,11,2867.15,0,Champions,2026-07-30 19:54:39
14797,142,1,300.31,2,Occasional / Low-value,2026-07-30 19:54:39
14798,16,5,550.57,2,Occasional / Low-value,2026-07-30 19:54:39
14799,372,1,180.45,1,Lost / Lapsed,2026-07-30 19:54:39
14800,4,6,3434.58,0,Champions,2026-07-30 19:54:39
14802,73,2,1502.98,2,Occasional / Low-value,2026-07-30 19:54:39
14805,39,3,549.99,2,Occasional / Low-value,2026-07-30 19:54:39
14806,74,1,110.04,2,Occasional / Low-value,2026-07-30 19:54:39
14807,25,2,519.29,2,Occasional / Low-value,2026-07-30 19:54:39
14809,256,2,686.76,1,Lost / Lapsed,2026-07-30 19:54:39
14810,4,3,449.14,2,Occasional / Low-value,2026-07-30 19:54:39
14811,22,1,170.5,2,Occasional / Low-value,2026-07-30 19:54:39
14812,233,1,185.8,1,Lost / Lapsed,2026-07-30 19:54:39
14813,4,4,935.44,2,Occasional / Low-value,2026-07-30 19:54:39
14814,216,1,160.46,1,Lost / Lapsed,2026-07-30 19:54:39
14817,30,5,2849.52,0,Champions,2026-07-30 19:54:39
14818,93,3,512.61,2,Occasional / Low-value,2026-07-30 19:54:39
14819,129,2,198.09,2,Occasional / Low-value,2026-07-30 19:54:39
14820,15,5,767.47,2,Occasional / Low-value,2026-07-30 19:54:39
14821,1,7,1237.65,0,Champions,2026-07-30 19:54:39
14822,120,1,157.7,2,Occasional / Low-value,2026-07-30 19:54:39
14824,14,6,2895.2,0,Champions,2026-07-30 19:54:39
14825,3,13,2698.17,0,Champions,2026-07-30 19:54:39
14826,216,2,385.2,1,Lost / Lapsed,2026-07-30 19:54:39
14828,23,10,7699.7,0,Champions,2026-07-30 19:54:39
14829,7,4,995.29,2,Occasional / Low-value,2026-07-30 19:54:39
14831,315,3,1676.57,1,Lost / Lapsed,2026-07-30 19:54:39
14832,265,1,322.69,1,Lost / Lapsed,2026-07-30 19:54:39
14833,133,1,94.8,1,Lost / Lapsed,2026-07-30 19:54:39
14834,42,1,485.86,2,Occasional / Low-value,2026-07-30 19:54:39
14835,163,2,297.0,1,Lost / Lapsed,2026-07-30 19:54:39
14837,77,5,1810.82,0,Champions,2026-07-30 19:54:39
14838,58,2,773.67,2,Occasional / Low-value,2026-07-30 19:54:39
14839,53,3,915.28,2,Occasional / Low-value,2026-07-30 19:54:39
14840,174,1,299.86,1,Lost / Lapsed,2026-07-30 19:54:39
14841,9,8,3867.24,0,Champions,2026-07-30 19:54:39
14843,71,1,211.8,2,Occasional / Low-value,2026-07-30 19:54:39
14844,65,6,3512.62,0,Champions,2026-07-30 19:54:39
14845,234,1,150.0,1,Lost / Lapsed,2026-07-30 19:54:39
14846,62,1,437.4,2,Occasional / Low-value,2026-07-30 19:54:39
14847,42,2,1039.55,2,Occasional / Low-value,2026-07-30 19:54:39
14848,39,1,310.56,2,Occasional / Low-value,2026-07-30 19:54:39
14849,8,21,7832.91,0,Champions,2026-07-30 19:54:39
14850,52,6,1468.26,0,Champions,2026-07-30 19:54:39
14851,265,1,318.06,1,Lost / Lapsed,2026-07-30 19:54:39
14852,59,12,3310.49,0,Champions,2026-07-30 19:54:39
14853,58,3,901.07,2,Occasional / Low-value,2026-07-30 19:54:39
14854,25,4,1563.03,0,Champions,2026-07-30 19:54:39
14855,109,5,5874.65,0,Champions,2026-07-30 19:54:39
14857,77,5,2478.73,0,Champions,2026-07-30 19:54:39
14858,140,1,180.75,1,Lost / Lapsed,2026-07-30 19:54:39
14859,189,1,351.9,1,Lost / Lapsed,2026-07-30 19:54:39
14861,15,9,1254.94,0,Champions,2026-07-30 19:54:39
14865,7,3,77.52,2,Occasional / Low-value,2026-07-30 19:54:39
14866,1,8,6460.32,0,Champions,2026-07-30 19:54:39
14867,30,13,2241.78,0,Champions,2026-07-30 19:54:39
14868,15,4,1230.42,0,Champions,2026-07-30 19:54:39
14869,23,4,2078.54,0,Champions,2026-07-30 19:54:39
14870,48,5,1511.7,0,Champions,2026-07-30 19:54:39
14871,128,5,736.59,2,Occasional / Low-value,2026-07-30 19:54:39
14872,118,3,816.6,2,Occasional / Low-value,2026-07-30 19:54:39
14873,268,1,334.45,1,Lost / Lapsed,2026-07-30 19:54:39
14874,170,1,116.18,1,Lost / Lapsed,2026-07-30 19:54:39
14875,76,1,1397.08,2,Occasional / Low-value,2026-07-30 19:54:39
14876,156,2,256.7,1,Lost / Lapsed,2026-07-30 19:54:39
14877,53,2,437.0,2,Occasional / Low-value,2026-07-30 19:54:39
14878,11,16,2619.7,0,Champions,2026-07-30 19:54:39
14879,319,1,185.06,1,Lost / Lapsed,2026-07-30 19:54:39
14882,25,12,3038.45,0,Champions,2026-07-30 19:54:39
14884,304,1,120.6,1,Lost / Lapsed,2026-07-30 19:54:39
14885,62,2,832.8,2,Occasional / Low-value,2026-07-30 19:54:39
14890,253,2,691.6,1,Lost / Lapsed,2026-07-30 19:54:39
14891,51,2,552.35,2,Occasional / Low-value,2026-07-30 19:54:39
14892,325,1,202.35,1,Lost / Lapsed,2026-07-30 19:54:39
14893,252,1,571.76,1,Lost / Lapsed,2026-07-30 19:54:39
14894,78,2,837.06,2,Occasional / Low-value,2026-07-30 19:54:39
14895,18,18,13980.83,0,Champions,2026-07-30 19:54:39
14896,0,7,1623.65,0,Champions,2026-07-30 19:54:39
14897,44,4,1774.16,0,Champions,2026-07-30 19:54:39
14898,6,9,2204.29,0,Champions,2026-07-30 19:54:39
14899,30,1,1384.88,2,Occasional / Low-value,2026-07-30 19:54:39
14900,157,1,13.92,1,Lost / Lapsed,2026-07-30 19:54:39
14901,1,5,868.36,0,Champions,2026-07-30 19:54:39
14902,30,2,702.96,2,Occasional / Low-value,2026-07-30 19:54:39
14904,43,2,615.2,2,Occasional / Low-value,2026-07-30 19:54:39
14905,9,6,1355.24,0,Champions,2026-07-30 19:54:39
14906,80,1,68.44,2,Occasional / Low-value,2026-07-30 19:54:39
14907,2,10,2664.69,0,Champions,2026-07-30 19:54:39
14908,98,1,104.1,2,Occasional / Low-value,2026-07-30 19:54:39
14909,72,3,1404.68,2,Occasional / Low-value,2026-07-30 19:54:39
14911,0,205,152147.57,0,Champions,2026-07-30 19:54:39
14912,36,4,1021.4,2,Occasional / Low-value,2026-07-30 19:54:39
14913,23,4,2845.7,0,Champions,2026-07-30 19:54:39
14915,10,9,1503.77,0,Champions,2026-07-30 19:54:39
14916,66,4,1773.97,0,Champions,2026-07-30 19:54:39
14917,231,2,1123.75,1,Lost / Lapsed,2026-07-30 19:54:39
14918,39,7,4345.66,0,Champions,2026-07-30 19:54:39
14919,174,1,359.35,1,Lost / Lapsed,2026-07-30 19:54:39
14920,200,1,629.4,1,Lost / Lapsed,2026-07-30 19:54:39
14922,28,2,843.74,2,Occasional / Low-value,2026-07-30 19:54:39
14924,245,2,620.96,1,Lost / Lapsed,2026-07-30 19:54:39
14926,16,2,359.4,2,Occasional / Low-value,2026-07-30 19:54:39
14927,31,1,308.2,2,Occasional / Low-value,2026-07-30 19:54:39
14928,262,1,223.91,1,Lost / Lapsed,2026-07-30 19:54:39
14929,56,1,612.81,2,Occasional / Low-value,2026-07-30 19:54:39
14930,105,3,2873.77,0,Champions,2026-07-30 19:54:39
14932,0,2,666.13,2,Occasional / Low-value,2026-07-30 19:54:39
14933,78,4,1770.0,0,Champions,2026-07-30 19:54:39
14934,13,3,1612.56,2,Occasional / Low-value,2026-07-30 19:54:39
14935,254,1,1065.12,1,Lost / Lapsed,2026-07-30 19:54:39
14936,25,4,4273.79,0,Champions,2026-07-30 19:54:39
14938,197,2,2322.43,1,Lost / Lapsed,2026-07-30 19:54:39
14940,52,2,531.49,2,Occasional / Low-value,2026-07-30 19:54:39
14941,213,1,182.1,1,Lost / Lapsed,2026-07-30 19:54:39
14942,36,4,746.56,2,Occasional / Low-value,2026-07-30 19:54:39
14943,298,1,107.62,1,Lost / Lapsed,2026-07-30 19:54:39
14944,24,7,3884.42,0,Champions,2026-07-30 19:54:39
14945,48,1,179.4,2,Occasional / Low-value,2026-07-30 19:54:39
14947,23,4,758.97,2,Occasional / Low-value,2026-07-30 19:54:39
14949,104,4,515.0,2,Occasional / Low-value,2026-07-30 19:54:39
14952,31,21,9529.86,0,Champions,2026-07-30 19:54:39
14953,53,3,723.95,2,Occasional / Low-value,2026-07-30 19:54:39
14954,338,1,167.27,1,Lost / Lapsed,2026-07-30 19:54:39
14955,367,1,163.77,1,Lost / Lapsed,2026-07-30 19:54:39
14956,56,1,1325.0,2,Occasional / Low-value,2026-07-30 19:54:39
14957,279,1,274.8,1,Lost / Lapsed,2026-07-30 19:54:39
14958,230,3,458.26,1,Lost / Lapsed,2026-07-30 19:54:39
14961,14,13,9365.47,0,Champions,2026-07-30 19:54:39
14962,174,3,240.21,1,Lost / Lapsed,2026-07-30 19:54:39
14963,14,7,1676.68,0,Champions,2026-07-30 19:54:39
14966,22,5,924.52,0,Champions,2026-07-30 19:54:39
14967,76,5,1518.81,0,Champions,2026-07-30 19:54:39
14968,93,1,357.4,2,Occasional / Low-value,2026-07-30 19:54:39
14969,338,1,906.23,1,Lost / Lapsed,2026-07-30 19:54:39
14970,44,8,3327.29,0,Champions,2026-07-30 19:54:39
14972,16,1,30.3,2,Occasional / Low-value,2026-07-30 19:54:39
14975,56,1,192.45,2,Occasional / Low-value,2026-07-30 19:54:39
14977,360,1,31.93,1,Lost / Lapsed,2026-07-30 19:54:39
14978,65,5,1210.72,0,Champions,2026-07-30 19:54:39
14979,370,1,439.46,1,Lost / Lapsed,2026-07-30 19:54:39
14980,372,1,150.68,1,Lost / Lapsed,2026-07-30 19:54:39
14981,58,1,270.8,2,Occasional / Low-value,2026-07-30 19:54:39
14982,207,1,237.78,1,Lost / Lapsed,2026-07-30 19:54:39
14983,324,1,183.2,1,Lost / Lapsed,2026-07-30 19:54:39
14984,23,4,1058.14,2,Occasional / Low-value,2026-07-30 19:54:39
14986,11,2,566.9,2,Occasional / Low-value,2026-07-30 19:54:39
14987,0,7,1387.45,0,Champions,2026-07-30 19:54:39
14988,15,6,1732.06,0,Champions,2026-07-30 19:54:39
14989,296,1,342.4,1,Lost / Lapsed,2026-07-30 19:54:39
14990,247,2,305.42,1,Lost / Lapsed,2026-07-30 19:54:39
14991,65,1,314.67,2,Occasional / Low-value,2026-07-30 19:54:39
14992,77,1,210.5,2,Occasional / Low-value,2026-07-30 19:54:39
14993,198,1,36.13,1,Lost / Lapsed,2026-07-30 19:54:39
14994,17,5,960.63,0,Champions,2026-07-30 19:54:39
14996,116,2,442.29,2,Occasional / Low-value,2026-07-30 19:54:39
14997,290,1,230.4,1,Lost / Lapsed,2026-07-30 19:54:39
14998,63,2,340.86,2,Occasional / Low-value,2026-07-30 19:54:39
14999,227,1,129.48,1,Lost / Lapsed,2026-07-30 19:54:39
15001,29,2,230.86,2,Occasional / Low-value,2026-07-30 19:54:39
15002,2,6,3175.52,0,Champions,2026-07-30 19:54:39
15003,108,6,1060.7,0,Champions,2026-07-30 19:54:39
15005,1,29,7789.63,0,Champions,2026-07-30 19:54:39
15006,88,1,323.05,2,Occasional / Low-value,2026-07-30 19:54:39
15008,115,2,360.0,2,Occasional / Low-value,2026-07-30 19:54:39
15011,30,2,416.6,2,Occasional / Low-value,2026-07-30 19:54:39
15012,8,2,437.58,2,Occasional / Low-value,2026-07-30 19:54:39
15013,122,10,1641.3,0,Champions,2026-07-30 19:54:39
15015,136,13,2365.02,0,Champions,2026-07-30 19:54:39
15016,28,4,460.26,2,Occasional / Low-value,2026-07-30 19:54:39
15018,2,1,111.25,2,Occasional / Low-value,2026-07-30 19:54:39
15020,14,1,203.42,2,Occasional / Low-value,2026-07-30 19:54:39
15021,1,4,869.01,2,Occasional / Low-value,2026-07-30 19:54:39
15022,312,1,281.05,1,Lost / Lapsed,2026-07-30 19:54:39
15023,4,10,5367.92,0,Champions,2026-07-30 19:54:39
15024,2,8,2414.18,0,Champions,2026-07-30 19:54:39
15025,203,1,636.08,1,Lost / Lapsed,2026-07-30 19:54:39
15026,10,2,592.61,2,Occasional / Low-value,2026-07-30 19:54:39
15027,30,6,2129.45,0,Champions,2026-07-30 19:54:39
15028,3,3,530.58,2,Occasional / Low-value,2026-07-30 19:54:39
15029,254,1,365.1,1,Lost / Lapsed,2026-07-30 19:54:39
15030,15,6,1461.63,0,Champions,2026-07-30 19:54:39
15031,29,10,2488.44,0,Champions,2026-07-30 19:54:39
15032,1,7,8821.55,0,Champions,2026-07-30 19:54:39
15034,21,6,4004.79,0,Champions,2026-07-30 19:54:39
15037,11,2,402.51,2,Occasional / Low-value,2026-07-30 19:54:39
15038,4,4,604.37,2,Occasional / Low-value,2026-07-30 19:54:39
15039,3,47,20116.99,0,Champions,2026-07-30 19:54:39
15040,176,1,7.49,1,Lost / Lapsed,2026-07-30 19:54:39
15041,79,1,113.67,2,Occasional / Low-value,2026-07-30 19:54:39
15042,230,1,179.52,1,Lost / Lapsed,2026-07-30 19:54:39
15043,98,5,2336.8,0,Champions,2026-07-30 19:54:39
15044,14,18,8504.1,0,Champions,2026-07-30 19:54:39
15046,60,10,2598.62,0,Champions,2026-07-30 19:54:39
15048,3,1,98.7,2,Occasional / Low-value,2026-07-30 19:54:39
15050,56,2,2411.7,2,Occasional / Low-value,2026-07-30 19:54:39
15051,14,6,2543.55,0,Champions,2026-07-30 19:54:39
15055,109,3,560.07,2,Occasional / Low-value,2026-07-30 19:54:39
15056,155,1,133.45,1,Lost / Lapsed,2026-07-30 19:54:39
15057,78,3,1766.46,2,Occasional / Low-value,2026-07-30 19:54:39
15058,11,5,1285.04,0,Champions,2026-07-30 19:54:39
15059,11,10,2185.85,0,Champions,2026-07-30 19:54:39
15061,2,86,83284.38,0,Champions,2026-07-30 19:54:39
15062,58,4,1597.76,0,Champions,2026-07-30 19:54:39
15064,45,4,1254.41,0,Champions,2026-07-30 19:54:39
15065,45,1,168.73,2,Occasional / Low-value,2026-07-30 19:54:39
15067,48,2,2133.12,2,Occasional / Low-value,2026-07-30 19:54:39
15068,53,2,623.49,2,Occasional / Low-value,2026-07-30 19:54:39
15070,7,3,737.05,2,Occasional / Low-value,2026-07-30 19:54:39
15071,21,2,473.49,2,Occasional / Low-value,2026-07-30 19:54:39
15072,114,1,187.52,2,Occasional / Low-value,2026-07-30 19:54:39
15073,35,5,1744.61,0,Champions,2026-07-30 19:54:39
15074,64,2,817.46,2,Occasional / Low-value,2026-07-30 19:54:39
15076,127,2,566.89,2,Occasional / Low-value,2026-07-30 19:54:39
15077,129,2,2428.08,2,Occasional / Low-value,2026-07-30 19:54:39
15078,3,23,8018.77,0,Champions,2026-07-30 19:54:39
15079,0,8,2871.74,0,Champions,2026-07-30 19:54:39
15080,62,2,546.25,2,Occasional / Low-value,2026-07-30 19:54:39
15081,2,8,1460.92,0,Champions,2026-07-30 19:54:39
15082,303,1,93.35,1,Lost / Lapsed,2026-07-30 19:54:39
15084,14,2,965.2,2,Occasional / Low-value,2026-07-30 19:54:39
15085,364,1,347.54,1,Lost / Lapsed,2026-07-30 19:54:39
15086,199,2,218.53,1,Lost / Lapsed,2026-07-30 19:54:39
15091,309,2,565.9,1,Lost / Lapsed,2026-07-30 19:54:39
15092,97,1,318.65,2,Occasional / Low-value,2026-07-30 19:54:39
15093,7,18,9729.09,0,Champions,2026-07-30 19:54:39
15094,98,2,83.0,2,Occasional / Low-value,2026-07-30 19:54:39
15095,55,6,1771.04,0,Champions,2026-07-30 19:54:39
15097,218,2,660.27,1,Lost / Lapsed,2026-07-30 19:54:39
15100,1,6,2018.7,0,Champions,2026-07-30 19:54:39
15101,150,4,1160.41,2,Occasional / Low-value,2026-07-30 19:54:39
15102,165,2,554.67,1,Lost / Lapsed,2026-07-30 19:54:39
15105,65,2,795.98,2,Occasional / Low-value,2026-07-30 19:54:39
15107,7,4,620.85,2,Occasional / Low-value,2026-07-30 19:54:39
15109,214,2,498.15,1,Lost / Lapsed,2026-07-30 19:54:39
15110,38,2,509.75,2,Occasional / Low-value,2026-07-30 19:54:39
15111,7,3,1163.39,2,Occasional / Low-value,2026-07-30 19:54:39
15112,246,1,209.4,1,Lost / Lapsed,2026-07-30 19:54:39
15114,18,2,639.56,2,Occasional / Low-value,2026-07-30 19:54:39
15115,367,1,191.74,1,Lost / Lapsed,2026-07-30 19:54:39
15117,83,3,934.19,2,Occasional / Low-value,2026-07-30 19:54:39
15122,57,8,2863.69,0,Champions,2026-07-30 19:54:39
15123,56,3,2456.86,0,Champions,2026-07-30 19:54:39
15124,111,2,266.63,2,Occasional / Low-value,2026-07-30 19:54:39
15125,114,9,5496.39,0,Champions,2026-07-30 19:54:39
15126,171,2,449.49,1,Lost / Lapsed,2026-07-30 19:54:39
15127,154,1,304.97,1,Lost / Lapsed,2026-07-30 19:54:39
15128,65,1,312.68,2,Occasional / Low-value,2026-07-30 19:54:39
15129,20,12,3412.78,0,Champions,2026-07-30 19:54:39
15131,29,1,80.28,2,Occasional / Low-value,2026-07-30 19:54:39
15133,17,2,824.48,2,Occasional / Low-value,2026-07-30 19:54:39
15134,16,2,208.3,2,Occasional / Low-value,2026-07-30 19:54:39
15135,191,1,166.63,1,Lost / Lapsed,2026-07-30 19:54:39
15137,155,2,823.4,2,Occasional / Low-value,2026-07-30 19:54:39
15138,28,1,502.52,2,Occasional / Low-value,2026-07-30 19:54:39
15140,77,1,889.44,2,Occasional / Low-value,2026-07-30 19:54:39
15141,92,7,1388.47,0,Champions,2026-07-30 19:54:39
15142,45,5,2121.18,0,Champions,2026-07-30 19:54:39
15143,67,1,304.18,2,Occasional / Low-value,2026-07-30 19:54:39
15144,14,12,5579.87,0,Champions,2026-07-30 19:54:39
15149,211,4,1033.81,1,Lost / Lapsed,2026-07-30 19:54:39
15150,91,3,3686.61,0,Champions,2026-07-30 19:54:39
15151,58,2,2085.61,2,Occasional / Low-value,2026-07-30 19:54:39
15152,336,1,518.14,1,Lost / Lapsed,2026-07-30 19:54:39
15154,113,2,1091.99,2,Occasional / Low-value,2026-07-30 19:54:39
15155,18,1,383.97,2,Occasional / Low-value,2026-07-30 19:54:39
15157,204,2,718.04,1,Lost / Lapsed,2026-07-30 19:54:39
15158,36,1,204.62,2,Occasional / Low-value,2026-07-30 19:54:39
15159,30,4,3475.72,0,Champions,2026-07-30 19:54:39
15160,9,3,431.11,2,Occasional / Low-value,2026-07-30 19:54:39
15161,23,1,119.92,2,Occasional / Low-value,2026-07-30 19:54:39
15162,366,1,312.9,1,Lost / Lapsed,2026-07-30 19:54:39
15164,24,6,1225.87,0,Champions,2026-07-30 19:54:39
15165,8,1,487.75,2,Occasional / Low-value,2026-07-30 19:54:39
15166,102,1,167.16,2,Occasional / Low-value,2026-07-30 19:54:39
15167,42,4,1496.67,0,Champions,2026-07-30 19:54:39
15169,17,2,569.22,2,Occasional / Low-value,2026-07-30 19:54:39
15170,41,1,81.15,2,Occasional / Low-value,2026-07-30 19:54:39
15173,15,7,1494.6,0,Champions,2026-07-30 19:54:39
15174,45,1,345.71,2,Occasional / Low-value,2026-07-30 19:54:39
15176,302,1,988.04,1,Lost / Lapsed,2026-07-30 19:54:39
15177,60,1,948.93,2,Occasional / Low-value,2026-07-30 19:54:39
15179,27,8,5284.97,0,Champions,2026-07-30 19:54:39
15180,2,3,816.93,2,Occasional / Low-value,2026-07-30 19:54:39
15181,55,2,510.72,2,Occasional / Low-value,2026-07-30 19:54:39
15182,20,9,2376.1,0,Champions,2026-07-30 19:54:39
15183,182,3,639.93,1,Lost / Lapsed,2026-07-30 19:54:39
15184,22,2,283.19,2,Occasional / Low-value,2026-07-30 19:54:39
15186,109,3,991.79,2,Occasional / Low-value,2026-07-30 19:54:39
15188,360,1,310.43,1,Lost / Lapsed,2026-07-30 19:54:39
15189,16,5,1298.99,0,Champions,2026-07-30 19:54:39
15190,69,1,834.44,2,Occasional / Low-value,2026-07-30 19:54:39
15191,98,3,588.05,2,Occasional / Low-value,2026-07-30 19:54:39
15192,0,3,937.07,2,Occasional / Low-value,2026-07-30 19:54:39
15194,3,14,4811.16,0,Champions,2026-07-30 19:54:39
15196,67,2,316.25,2,Occasional / Low-value,2026-07-30 19:54:39
15197,29,3,797.9,2,Occasional / Low-value,2026-07-30 19:54:39
15198,43,3,377.71,2,Occasional / Low-value,2026-07-30 19:54:39
15199,9,6,1853.7,0,Champions,2026-07-30 19:54:39
15200,129,1,549.05,2,Occasional / Low-value,2026-07-30 19:54:39
15201,74,2,606.41,2,Occasional / Low-value,2026-07-30 19:54:39
15202,55,3,6001.49,0,Champions,2026-07-30 19:54:39
15203,25,9,2572.38,0,Champions,2026-07-30 19:54:39
15207,51,3,683.92,2,Occasional / Low-value,2026-07-30 19:54:39
15208,58,1,100.4,2,Occasional / Low-value,2026-07-30 19:54:39
15209,365,1,178.98,1,Lost / Lapsed,2026-07-30 19:54:39
15210,13,2,845.01,2,Occasional / Low-value,2026-07-30 19:54:39
15211,0,1,383.07,2,Occasional / Low-value,2026-07-30 19:54:39
15212,11,1,106.48,2,Occasional / Low-value,2026-07-30 19:54:39
15215,28,4,1687.49,0,Champions,2026-07-30 19:54:39
15216,253,1,389.49,1,Lost / Lapsed,2026-07-30 19:54:39
15217,198,1,426.24,1,Lost / Lapsed,2026-07-30 19:54:39
15218,24,11,5759.68,0,Champions,2026-07-30 19:54:39
15219,283,1,379.7,1,Lost / Lapsed,2026-07-30 19:54:39
15221,1,4,2062.2,0,Champions,2026-07-30 19:54:39
15222,107,10,2965.91,0,Champions,2026-07-30 19:54:39
15223,244,3,662.2,1,Lost / Lapsed,2026-07-30 19:54:39
15224,147,3,549.28,2,Occasional / Low-value,2026-07-30 19:54:39
15227,31,4,1269.09,0,Champions,2026-07-30 19:54:39
15228,63,2,2193.56,2,Occasional / Low-value,2026-07-30 19:54:39
15229,221,1,160.5,1,Lost / Lapsed,2026-07-30 19:54:39
15231,256,1,250.26,1,Lost / Lapsed,2026-07-30 19:54:39
15233,36,1,59.4,2,Occasional / Low-value,2026-07-30 19:54:39
15235,4,6,690.3,0,Champions,2026-07-30 19:54:39
15240,9,7,2753.41,0,Champions,2026-07-30 19:54:39
15241,65,3,1293.72,2,Occasional / Low-value,2026-07-30 19:54:39
15242,57,1,302.04,2,Occasional / Low-value,2026-07-30 19:54:39
15243,70,1,610.6,2,Occasional / Low-value,2026-07-30 19:54:39
15244,301,1,280.51,1,Lost / Lapsed,2026-07-30 19:54:39
15245,37,5,2095.0,0,Champions,2026-07-30 19:54:39
15246,190,1,266.25,1,Lost / Lapsed,2026-07-30 19:54:39
15247,112,2,620.06,2,Occasional / Low-value,2026-07-30 19:54:39
15248,46,3,1893.93,2,Occasional / Low-value,2026-07-30 19:54:39
15249,65,5,2577.54,0,Champions,2026-07-30 19:54:39
15250,275,1,60.0,1,Lost / Lapsed,2026-07-30 19:54:39
15251,49,10,9839.55,0,Champions,2026-07-30 19:54:39
15252,56,3,1362.63,2,Occasional / Low-value,2026-07-30 19:54:39
15253,38,3,1136.89,2,Occasional / Low-value,2026-07-30 19:54:39
15254,181,2,787.99,1,Lost / Lapsed,2026-07-30 19:54:39
15255,31,8,2838.57,0,Champions,2026-07-30 19:54:39
15256,196,1,71.95,1,Lost / Lapsed,2026-07-30 19:54:39
15257,49,1,368.75,2,Occasional / Low-value,2026-07-30 19:54:39
15259,147,4,1182.38,2,Occasional / Low-value,2026-07-30 19:54:39
15260,7,20,7377.46,0,Champions,2026-07-30 19:54:39
15261,16,3,1253.18,2,Occasional / Low-value,2026-07-30 19:54:39
15262,15,2,239.87,2,Occasional / Low-value,2026-07-30 19:54:39
15264,165,1,454.66,1,Lost / Lapsed,2026-07-30 19:54:39
15265,239,2,1839.52,1,Lost / Lapsed,2026-07-30 19:54:39
15266,14,4,732.91,2,Occasional / Low-value,2026-07-30 19:54:39
15268,113,3,961.9,2,Occasional / Low-value,2026-07-30 19:54:39
15269,15,2,816.56,2,Occasional / Low-value,2026-07-30 19:54:39
15270,35,14,6145.37,0,Champions,2026-07-30 19:54:39
15271,0,10,2202.47,0,Champions,2026-07-30 19:54:39
15272,85,4,1363.54,0,Champions,2026-07-30 19:54:39
15273,234,1,228.96,1,Lost / Lapsed,2026-07-30 19:54:39
15276,29,3,514.22,2,Occasional / Low-value,2026-07-30 19:54:39
15277,60,1,220.44,2,Occasional / Low-value,2026-07-30 19:54:39
15278,196,4,496.16,1,Lost / Lapsed,2026-07-30 19:54:39
15279,15,4,1290.03,0,Champions,2026-07-30 19:54:39
15280,123,2,293.1,2,Occasional / Low-value,2026-07-30 19:54:39
15281,13,7,6211.42,0,Champions,2026-07-30 19:54:39
15282,205,1,348.59,1,Lost / Lapsed,2026-07-30 19:54:39
15283,25,3,148.33,2,Occasional / Low-value,2026-07-30 19:54:39
15284,135,1,24.75,1,Lost / Lapsed,2026-07-30 19:54:39
15285,42,1,94.92,2,Occasional / Low-value,2026-07-30 19:54:39
15287,14,3,369.34,2,Occasional / Low-value,2026-07-30 19:54:39
15288,0,6,1576.61,0,Champions,2026-07-30 19:54:39
15289,93,2,653.31,2,Occasional / Low-value,2026-07-30 19:54:39
15290,28,8,2553.06,0,Champions,2026-07-30 19:54:39
15291,8,26,9178.26,0,Champions,2026-07-30 19:54:39
15293,300,1,247.5,1,Lost / Lapsed,2026-07-30 19:54:39
15294,45,1,233.35,2,Occasional / Low-value,2026-07-30 19:54:39
15295,289,1,217.24,1,Lost / Lapsed,2026-07-30 19:54:39
15296,55,6,6669.97,0,Champions,2026-07-30 19:54:39
15298,1,12,4659.47,0,Champions,2026-07-30 19:54:39
15299,7,6,3484.53,0,Champions,2026-07-30 19:54:39
15301,3,6,2533.09,0,Champions,2026-07-30 19:54:39
15302,365,1,308.0,1,Lost / Lapsed,2026-07-30 19:54:39
15303,200,2,650.16,1,Lost / Lapsed,2026-07-30 19:54:39
15304,3,2,225.15,2,Occasional / Low-value,2026-07-30 19:54:39
15305,190,1,93.6,1,Lost / Lapsed,2026-07-30 19:54:39
15306,135,6,2310.38,0,Champions,2026-07-30 19:54:39
15309,245,4,797.96,1,Lost / Lapsed,2026-07-30 19:54:39
15310,113,1,1634.64,2,Occasional / Low-value,2026-07-30 19:54:39
15311,0,121,56003.26,0,Champions,2026-07-30 19:54:39
15312,18,8,2005.34,0,Champions,2026-07-30 19:54:39
15314,48,2,492.48,2,Occasional / Low-value,2026-07-30 19:54:39
15317,312,1,129.75,1,Lost / Lapsed,2026-07-30 19:54:39
15321,72,9,3961.42,0,Champions,2026-07-30 19:54:39
15322,111,1,711.18,2,Occasional / Low-value,2026-07-30 19:54:39
15323,197,3,434.6,1,Lost / Lapsed,2026-07-30 19:54:39
15324,336,1,140.22,1,Lost / Lapsed,2026-07-30 19:54:39
15325,30,7,1439.72,0,Champions,2026-07-30 19:54:39
15326,244,4,1388.81,1,Lost / Lapsed,2026-07-30 19:54:39
15328,42,1,107.24,2,Occasional / Low-value,2026-07-30 19:54:39
15329,9,8,1934.63,0,Champions,2026-07-30 19:54:39
15331,134,3,767.91,2,Occasional / Low-value,2026-07-30 19:54:39
15332,1,6,4892.68,0,Champions,2026-07-30 19:54:39
15336,36,1,240.5,2,Occasional / Low-value,2026-07-30 19:54:39
15337,46,1,373.02,2,Occasional / Low-value,2026-07-30 19:54:39
15338,312,1,283.43,1,Lost / Lapsed,2026-07-30 19:54:39
15339,56,5,1253.77,0,Champions,2026-07-30 19:54:39
15340,196,1,105.5,1,Lost / Lapsed,2026-07-30 19:54:39
15341,84,1,382.2,2,Occasional / Low-value,2026-07-30 19:54:39
15346,60,2,343.7,2,Occasional / Low-value,2026-07-30 19:54:39
15347,1,4,1162.0,0,Champions,2026-07-30 19:54:39
15350,8,2,547.6,2,Occasional / Low-value,2026-07-30 19:54:39
15351,4,4,1778.18,0,Champions,2026-07-30 19:54:39
15352,183,1,114.95,1,Lost / Lapsed,2026-07-30 19:54:39
15353,2,6,2398.93,0,Champions,2026-07-30 19:54:39
15354,238,3,284.4,1,Lost / Lapsed,2026-07-30 19:54:39
15356,3,4,698.45,2,Occasional / Low-value,2026-07-30 19:54:39
15358,0,22,8703.21,0,Champions,2026-07-30 19:54:39
15359,297,8,181.35,1,Lost / Lapsed,2026-07-30 19:54:39
15361,161,3,270.15,1,Lost / Lapsed,2026-07-30 19:54:39
15362,83,2,613.08,2,Occasional / Low-value,2026-07-30 19:54:39
15363,7,2,678.11,2,Occasional / Low-value,2026-07-30 19:54:39
15365,38,6,2242.81,0,Champions,2026-07-30 19:54:39
15366,44,5,1786.57,0,Champions,2026-07-30 19:54:39
15367,53,7,3203.74,0,Champions,2026-07-30 19:54:39
15368,29,1,275.8,2,Occasional / Low-value,2026-07-30 19:54:39
15369,127,11,6251.26,0,Champions,2026-07-30 19:54:39
15370,45,1,1352.96,2,Occasional / Low-value,2026-07-30 19:54:39
15371,297,1,59.4,1,Lost / Lapsed,2026-07-30 19:54:39
15372,85,7,4009.66,0,Champions,2026-07-30 19:54:39
15373,6,6,1005.48,0,Champions,2026-07-30 19:54:39
15374,259,1,139.32,1,Lost / Lapsed,2026-07-30 19:54:39
15375,325,1,60.96,1,Lost / Lapsed,2026-07-30 19:54:39
15377,17,4,1211.75,0,Champions,2026-07-30 19:54:39
15378,97,2,246.5,2,Occasional / Low-value,2026-07-30 19:54:39
15379,35,1,1174.55,2,Occasional / Low-value,2026-07-30 19:54:39
15380,0,7,1788.8,0,Champions,2026-07-30 19:54:39
15381,58,3,1293.72,2,Occasional / Low-value,2026-07-30 19:54:39
15382,9,6,7777.84,0,Champions,2026-07-30 19:54:39
15384,16,2,1385.38,2,Occasional / Low-value,2026-07-30 19:54:39
15385,27,2,625.2,2,Occasional / Low-value,2026-07-30 19:54:39
15387,127,1,468.65,2,Occasional / Low-value,2026-07-30 19:54:39
15389,35,4,2233.8,0,Champions,2026-07-30 19:54:39
15390,31,2,1216.66,2,Occasional / Low-value,2026-07-30 19:54:39
15391,219,1,289.87,1,Lost / Lapsed,2026-07-30 19:54:39
15392,9,3,1376.09,2,Occasional / Low-value,2026-07-30 19:54:39
15393,202,3,659.48,1,Lost / Lapsed,2026-07-30 19:54:39
15394,30,7,3103.26,0,Champions,2026-07-30 19:54:39
15396,218,1,508.2,1,Lost / Lapsed,2026-07-30 19:54:39
15400,55,3,586.1,2,Occasional / Low-value,2026-07-30 19:54:39
15401,87,2,216.95,2,Occasional / Low-value,2026-07-30 19:54:39
15402,22,4,1203.77,0,Champions,2026-07-30 19:54:39
15403,126,2,170.88,2,Occasional / Low-value,2026-07-30 19:54:39
15404,10,1,257.06,2,Occasional / Low-value,2026-07-30 19:54:39
15405,211,1,310.74,1,Lost / Lapsed,2026-07-30 19:54:39
15406,88,2,465.16,2,Occasional / Low-value,2026-07-30 19:54:39
15409,356,1,131.25,1,Lost / Lapsed,2026-07-30 19:54:39
15410,203,2,1234.88,1,Lost / Lapsed,2026-07-30 19:54:39
15413,326,5,6798.72,1,Lost / Lapsed,2026-07-30 19:54:39
15416,113,3,588.5,2,Occasional / Low-value,2026-07-30 19:54:39
15418,60,2,452.32,2,Occasional / Low-value,2026-07-30 19:54:39
15420,69,6,743.0,0,Champions,2026-07-30 19:54:39
15421,20,6,2854.98,0,Champions,2026-07-30 19:54:39
15422,14,5,1522.27,0,Champions,2026-07-30 19:54:39
15423,216,2,223.39,1,Lost / Lapsed,2026-07-30 19:54:39
15424,98,1,214.44,2,Occasional / Low-value,2026-07-30 19:54:39
15425,35,4,1944.57,0,Champions,2026-07-30 19:54:39
15426,4,5,1168.0,0,Champions,2026-07-30 19:54:39
15428,22,3,668.97,2,Occasional / Low-value,2026-07-30 19:54:39
15430,102,2,954.75,2,Occasional / Low-value,2026-07-30 19:54:39
15431,137,1,153.24,1,Lost / Lapsed,2026-07-30 19:54:39
15432,176,1,149.57,1,Lost / Lapsed,2026-07-30 19:54:39
15434,9,6,1525.58,0,Champions,2026-07-30 19:54:39
15437,275,1,193.29,1,Lost / Lapsed,2026-07-30 19:54:39
15439,39,4,1269.05,0,Champions,2026-07-30 19:54:39
15441,31,3,1254.21,2,Occasional / Low-value,2026-07-30 19:54:39
15443,109,7,1939.02,0,Champions,2026-07-30 19:54:39
15445,225,1,171.0,1,Lost / Lapsed,2026-07-30 19:54:39
15446,11,3,406.95,2,Occasional / Low-value,2026-07-30 19:54:39
15447,162,4,337.71,2,Occasional / Low-value,2026-07-30 19:54:39
15448,309,1,294.17,1,Lost / Lapsed,2026-07-30 19:54:39
15451,69,2,233.21,2,Occasional / Low-value,2026-07-30 19:54:39
15452,25,3,1260.38,2,Occasional / Low-value,2026-07-30 19:54:39
15454,253,1,128.59,1,Lost / Lapsed,2026-07-30 19:54:39
15455,232,1,38.25,1,Lost / Lapsed,2026-07-30 19:54:39
15456,38,7,1672.05,0,Champions,2026-07-30 19:54:39
15458,37,1,208.8,2,Occasional / Low-value,2026-07-30 19:54:39
15459,52,2,202.83,2,Occasional / Low-value,2026-07-30 19:54:39
15461,95,2,429.7,2,Occasional / Low-value,2026-07-30 19:54:39
15462,80,1,502.45,2,Occasional / Low-value,2026-07-30 19:54:39
15465,4,15,5301.03,0,Champions,2026-07-30 19:54:39
15466,24,3,1236.48,2,Occasional / Low-value,2026-07-30 19:54:39
15468,27,1,962.97,2,Occasional / Low-value,2026-07-30 19:54:39
15469,73,1,335.7,2,Occasional / Low-value,2026-07-30 19:54:39
15470,210,1,63.42,1,Lost / Lapsed,2026-07-30 19:54:39
15471,15,2,847.08,2,Occasional / Low-value,2026-07-30 19:54:39
15473,79,1,274.8,2,Occasional / Low-value,2026-07-30 19:54:39
15474,230,1,163.1,1,Lost / Lapsed,2026-07-30 19:54:39
15476,15,4,2209.98,0,Champions,2026-07-30 19:54:39
15477,284,1,368.4,1,Lost / Lapsed,2026-07-30 19:54:39
15478,210,1,583.56,1,Lost / Lapsed,2026-07-30 19:54:39
15479,368,1,147.4,1,Lost / Lapsed,2026-07-30 19:54:39
15480,100,4,5373.5,0,Champions,2026-07-30 19:54:39
15481,36,1,1993.34,2,Occasional / Low-value,2026-07-30 19:54:39
15482,21,7,3537.6,0,Champions,2026-07-30 19:54:39
15483,20,6,628.39,0,Champions,2026-07-30 19:54:39
15484,175,2,1061.69,1,Lost / Lapsed,2026-07-30 19:54:39
15485,8,5,3196.51,0,Champions,2026-07-30 19:54:39
15486,162,1,102.0,1,Lost / Lapsed,2026-07-30 19:54:39
15487,314,1,231.32,1,Lost / Lapsed,2026-07-30 19:54:39
15488,91,4,340.6,2,Occasional / Low-value,2026-07-30 19:54:39
15489,35,5,1285.33,0,Champions,2026-07-30 19:54:39
15490,65,1,217.6,2,Occasional / Low-value,2026-07-30 19:54:39
15493,24,4,2313.18,0,Champions,2026-07-30 19:54:39
15494,113,3,2480.82,0,Champions,2026-07-30 19:54:39
15495,14,1,246.5,2,Occasional / Low-value,2026-07-30 19:54:39
15496,266,1,146.14,1,Lost / Lapsed,2026-07-30 19:54:39
15497,17,7,7395.19,0,Champions,2026-07-30 19:54:39
15498,1,19,12723.18,0,Champions,2026-07-30 19:54:39
15499,358,1,161.6,1,Lost / Lapsed,2026-07-30 19:54:39
15501,39,2,402.5,2,Occasional / Low-value,2026-07-30 19:54:39
15502,3,5,3608.54,0,Champions,2026-07-30 19:54:39
15503,361,1,120.06,1,Lost / Lapsed,2026-07-30 19:54:39
15504,155,3,371.02,2,Occasional / Low-value,2026-07-30 19:54:39
15506,16,3,1060.77,2,Occasional / Low-value,2026-07-30 19:54:39
15509,15,1,166.51,2,Occasional / Low-value,2026-07-30 19:54:39
15512,25,2,210.58,2,Occasional / Low-value,2026-07-30 19:54:39
15513,0,18,12992.33,0,Champions,2026-07-30 19:54:39
15514,14,7,2459.09,0,Champions,2026-07-30 19:54:39
15515,22,1,171.81,2,Occasional / Low-value,2026-07-30 19:54:39
15518,14,7,2276.49,0,Champions,2026-07-30 19:54:39
15519,18,2,344.61,2,Occasional / Low-value,2026-07-30 19:54:39
15521,35,8,4106.49,0,Champions,2026-07-30 19:54:39
15523,23,15,16947.98,0,Champions,2026-07-30 19:54:39
15524,241,1,151.4,1,Lost / Lapsed,2026-07-30 19:54:39
15525,8,2,469.78,2,Occasional / Low-value,2026-07-30 19:54:39
15527,29,15,3145.86,0,Champions,2026-07-30 19:54:39
15529,1,2,1116.72,2,Occasional / Low-value,2026-07-30 19:54:39
15530,147,1,311.37,1,Lost / Lapsed,2026-07-30 19:54:39
15532,11,6,2190.97,0,Champions,2026-07-30 19:54:39
15534,360,1,162.25,1,Lost / Lapsed,2026-07-30 19:54:39
15535,39,2,551.42,2,Occasional / Low-value,2026-07-30 19:54:39
15536,44,1,259.09,2,Occasional / Low-value,2026-07-30 19:54:39
15538,172,6,3358.4,0,Champions,2026-07-30 19:54:39
15540,10,1,247.38,2,Occasional / Low-value,2026-07-30 19:54:39
15542,147,3,918.45,2,Occasional / Low-value,2026-07-30 19:54:39
15543,94,1,114.98,2,Occasional / Low-value,2026-07-30 19:54:39
15544,7,12,4615.72,0,Champions,2026-07-30 19:54:39
15545,6,1,135.33,2,Occasional / Low-value,2026-07-30 19:54:39
15546,241,2,1079.1,1,Lost / Lapsed,2026-07-30 19:54:39
15547,11,12,5199.55,0,Champions,2026-07-30 19:54:39
15548,230,1,158.09,1,Lost / Lapsed,2026-07-30 19:54:39
15549,56,5,652.7,2,Occasional / Low-value,2026-07-30 19:54:39
15550,13,8,1643.17,0,Champions,2026-07-30 19:54:39
15551,29,6,1274.02,0,Champions,2026-07-30 19:54:39
15552,258,1,162.4,1,Lost / Lapsed,2026-07-30 19:54:39
15555,0,22,7307.18,0,Champions,2026-07-30 19:54:39
15558,274,1,214.13,1,Lost / Lapsed,2026-07-30 19:54:39
15559,203,1,1109.4,1,Lost / Lapsed,2026-07-30 19:54:39
15560,32,2,153.52,2,Occasional / Low-value,2026-07-30 19:54:39
15561,18,4,1133.8,2,Occasional / Low-value,2026-07-30 19:54:39
15562,59,2,538.83,2,Occasional / Low-value,2026-07-30 19:54:39
15563,149,3,1466.56,2,Occasional / Low-value,2026-07-30 19:54:39
15564,98,2,70.74,2,Occasional / Low-value,2026-07-30 19:54:39
15566,27,2,227.87,2,Occasional / Low-value,2026-07-30 19:54:39
15569,25,5,2210.64,0,Champions,2026-07-30 19:54:39
15570,4,14,5145.52,0,Champions,2026-07-30 19:54:39
15571,21,10,3401.2,0,Champions,2026-07-30 19:54:39
15572,15,3,1515.81,2,Occasional / Low-value,2026-07-30 19:54:39
15573,253,3,599.73,1,Lost / Lapsed,2026-07-30 19:54:39
15574,7,3,816.45,2,Occasional / Low-value,2026-07-30 19:54:39
15575,254,1,30.1,1,Lost / Lapsed,2026-07-30 19:54:39
15577,358,2,139.1,1,Lost / Lapsed,2026-07-30 19:54:39
15579,18,3,953.9,2,Occasional / Low-value,2026-07-30 19:54:39
15580,11,8,1381.19,0,Champions,2026-07-30 19:54:39
15581,1,26,4114.62,0,Champions,2026-07-30 19:54:39
15583,11,1,107.86,2,Occasional / Low-value,2026-07-30 19:54:39
15584,34,2,552.39,2,Occasional / Low-value,2026-07-30 19:54:39
15586,227,3,1139.1,1,Lost / Lapsed,2026-07-30 19:54:39
15587,27,3,608.4,2,Occasional / Low-value,2026-07-30 19:54:39
15588,312,1,579.6,1,Lost / Lapsed,2026-07-30 19:54:39
15590,17,5,1496.6,0,Champions,2026-07-30 19:54:39
15591,217,3,217.9,1,Lost / Lapsed,2026-07-30 19:54:39
15595,122,1,357.6,2,Occasional / Low-value,2026-07-30 19:54:39
15596,0,5,1723.45,0,Champions,2026-07-30 19:54:39
15597,210,1,238.8,1,Lost / Lapsed,2026-07-30 19:54:39
15598,62,1,307.34,2,Occasional / Low-value,2026-07-30 19:54:39
15599,80,1,488.32,2,Occasional / Low-value,2026-07-30 19:54:39
15600,63,4,1199.31,2,Occasional / Low-value,2026-07-30 19:54:39
15601,7,17,8183.56,0,Champions,2026-07-30 19:54:39
15602,3,8,1932.64,0,Champions,2026-07-30 19:54:39
15603,283,1,40.0,1,Lost / Lapsed,2026-07-30 19:54:39
15605,8,5,738.57,2,Occasional / Low-value,2026-07-30 19:54:39
15606,25,8,2310.83,0,Champions,2026-07-30 19:54:39
15607,178,8,1604.21,0,Champions,2026-07-30 19:54:39
15608,50,1,692.3,2,Occasional / Low-value,2026-07-30 19:54:39
15611,18,13,1405.83,0,Champions,2026-07-30 19:54:39
15613,245,1,433.72,1,Lost / Lapsed,2026-07-30 19:54:39
15614,72,4,3147.36,0,Champions,2026-07-30 19:54:39
15615,25,24,10974.23,0,Champions,2026-07-30 19:54:39
15616,73,1,317.11,2,Occasional / Low-value,2026-07-30 19:54:39
15617,31,3,828.55,2,Occasional / Low-value,2026-07-30 19:54:39
15620,44,1,389.18,2,Occasional / Low-value,2026-07-30 19:54:39
15622,62,8,4143.05,0,Champions,2026-07-30 19:54:39
15623,28,7,2136.02,0,Champions,2026-07-30 19:54:39
15625,11,5,1702.14,0,Champions,2026-07-30 19:54:39
15626,56,1,391.72,2,Occasional / Low-value,2026-07-30 19:54:39
15627,92,2,566.9,2,Occasional / Low-value,2026-07-30 19:54:39
15628,1,9,2782.02,0,Champions,2026-07-30 19:54:39
15629,85,4,2240.9,0,Champions,2026-07-30 19:54:39
15630,279,1,295.05,1,Lost / Lapsed,2026-07-30 19:54:39
15631,277,1,596.67,1,Lost / Lapsed,2026-07-30 19:54:39
15633,144,13,4352.46,0,Champions,2026-07-30 19:54:39
15634,18,1,311.1,2,Occasional / Low-value,2026-07-30 19:54:39
15635,30,1,100.35,2,Occasional / Low-value,2026-07-30 19:54:39
15636,72,2,719.82,2,Occasional / Low-value,2026-07-30 19:54:39
15637,48,4,574.23,2,Occasional / Low-value,2026-07-30 19:54:39
15638,13,6,2265.2,0,Champions,2026-07-30 19:54:39
15639,86,2,639.76,2,Occasional / Low-value,2026-07-30 19:54:39
15640,7,15,11441.92,0,Champions,2026-07-30 19:54:39
15641,31,8,3458.35,0,Champions,2026-07-30 19:54:39
15642,364,1,105.78,1,Lost / Lapsed,2026-07-30 19:54:39
15645,49,2,443.16,2,Occasional / Low-value,2026-07-30 19:54:39
15646,7,3,526.97,2,Occasional / Low-value,2026-07-30 19:54:39
15647,50,1,169.0,2,Occasional / Low-value,2026-07-30 19:54:39
15649,2,3,1354.35,2,Occasional / Low-value,2026-07-30 19:54:39
15650,156,2,553.88,2,Occasional / Low-value,2026-07-30 19:54:39
15651,55,2,612.76,2,Occasional / Low-value,2026-07-30 19:54:39
15652,22,4,1082.6,2,Occasional / Low-value,2026-07-30 19:54:39
15658,7,4,1399.37,0,Champions,2026-07-30 19:54:39
15659,21,2,226.04,2,Occasional / Low-value,2026-07-30 19:54:39
15660,0,7,1212.13,0,Champions,2026-07-30 19:54:39
15661,14,6,906.15,0,Champions,2026-07-30 19:54:39
15662,296,2,283.73,1,Lost / Lapsed,2026-07-30 19:54:39
15664,84,3,867.6,2,Occasional / Low-value,2026-07-30 19:54:39
15665,46,3,1773.11,2,Occasional / Low-value,2026-07-30 19:54:39
15666,107,2,632.94,2,Occasional / Low-value,2026-07-30 19:54:39
15670,191,1,152.15,1,Lost / Lapsed,2026-07-30 19:54:39
15672,360,1,45.3,1,Lost / Lapsed,2026-07-30 19:54:39
15673,86,5,3533.77,0,Champions,2026-07-30 19:54:39
15674,52,8,4501.63,0,Champions,2026-07-30 19:54:39
15675,39,1,218.35,2,Occasional / Low-value,2026-07-30 19:54:39
15677,56,2,648.4,2,Occasional / Low-value,2026-07-30 19:54:39
15678,30,2,1541.19,2,Occasional / Low-value,2026-07-30 19:54:39
15680,1,8,3173.9,0,Champions,2026-07-30 19:54:39
15681,14,9,1563.54,0,Champions,2026-07-30 19:54:39
15682,234,2,318.24,1,Lost / Lapsed,2026-07-30 19:54:39
15683,108,1,330.79,2,Occasional / Low-value,2026-07-30 19:54:39
15684,182,3,173.95,1,Lost / Lapsed,2026-07-30 19:54:39
15685,85,1,55.98,2,Occasional / Low-value,2026-07-30 19:54:39
15686,55,1,90.0,2,Occasional / Low-value,2026-07-30 19:54:39
15688,53,1,190.57,2,Occasional / Low-value,2026-07-30 19:54:39
15689,252,1,266.93,1,Lost / Lapsed,2026-07-30 19:54:39
15691,29,3,434.5,2,Occasional / Low-value,2026-07-30 19:54:39
15693,294,1,37.5,1,Lost / Lapsed,2026-07-30 19:54:39
15694,0,12,4331.41,0,Champions,2026-07-30 19:54:39
15695,232,2,721.06,1,Lost / Lapsed,2026-07-30 19:54:39
15696,58,5,1170.11,0,Champions,2026-07-30 19:54:39
15697,324,1,246.75,1,Lost / Lapsed,2026-07-30 19:54:39
15698,259,1,46.2,1,Lost / Lapsed,2026-07-30 19:54:39
15702,111,2,140.39,2,Occasional / Low-value,2026-07-30 19:54:39
15704,137,2,1524.34,2,Occasional / Low-value,2026-07-30 19:54:39
15708,4,3,1014.48,2,Occasional / Low-value,2026-07-30 19:54:39
15709,224,1,194.6,1,Lost / Lapsed,2026-07-30 19:54:39
15710,52,1,898.87,2,Occasional / Low-value,2026-07-30 19:54:39
15711,191,2,420.25,1,Lost / Lapsed,2026-07-30 19:54:39
15712,14,7,2400.05,0,Champions,2026-07-30 19:54:39
15713,1,3,654.09,2,Occasional / Low-value,2026-07-30 19:54:39
15714,88,3,453.93,2,Occasional / Low-value,2026-07-30 19:54:39
15715,190,5,658.02,1,Lost / Lapsed,2026-07-30 19:54:39
15716,4,8,1938.0,0,Champions,2026-07-30 19:54:39
15717,56,4,456.7,2,Occasional / Low-value,2026-07-30 19:54:39
15718,175,1,293.79,1,Lost / Lapsed,2026-07-30 19:54:39
15719,16,18,5177.45,0,Champions,2026-07-30 19:54:39
15720,185,1,143.19,1,Lost / Lapsed,2026-07-30 19:54:39
15722,80,6,3035.54,0,Champions,2026-07-30 19:54:39
15723,46,3,744.55,2,Occasional / Low-value,2026-07-30 19:54:39
15724,35,1,92.6,2,Occasional / Low-value,2026-07-30 19:54:39
15726,25,1,321.91,2,Occasional / Low-value,2026-07-30 19:54:39
15727,22,8,4266.55,0,Champions,2026-07-30 19:54:39
15728,14,2,544.6,2,Occasional / Low-value,2026-07-30 19:54:39
15729,35,2,107.55,2,Occasional / Low-value,2026-07-30 19:54:39
15730,16,2,605.7,2,Occasional / Low-value,2026-07-30 19:54:39
15731,188,1,125.3,1,Lost / Lapsed,2026-07-30 19:54:39
15732,7,9,1387.95,0,Champions,2026-07-30 19:54:39
15734,71,2,923.85,2,Occasional / Low-value,2026-07-30 19:54:39
15735,56,1,327.68,2,Occasional / Low-value,2026-07-30 19:54:39
15736,70,2,1815.72,2,Occasional / Low-value,2026-07-30 19:54:39
15738,7,26,8560.55,0,Champions,2026-07-30 19:54:39
15741,93,2,208.62,2,Occasional / Low-value,2026-07-30 19:54:39
15742,254,1,156.87,1,Lost / Lapsed,2026-07-30 19:54:39
15747,10,6,1588.57,0,Champions,2026-07-30 19:54:39
15748,84,2,465.45,2,Occasional / Low-value,2026-07-30 19:54:39
15750,1,12,4331.71,0,Champions,2026-07-30 19:54:39
15751,95,11,1380.44,0,Champions,2026-07-30 19:54:39
15752,7,3,1570.16,2,Occasional / Low-value,2026-07-30 19:54:39
15754,128,6,2579.04,0,Champions,2026-07-30 19:54:39
15755,14,11,3628.87,0,Champions,2026-07-30 19:54:39
15757,21,4,2225.94,0,Champions,2026-07-30 19:54:39
15759,146,4,577.89,2,Occasional / Low-value,2026-07-30 19:54:39
15760,265,2,13916.34,0,Champions,2026-07-30 19:54:39
15761,77,1,143.05,2,Occasional / Low-value,2026-07-30 19:54:39
15764,69,2,1223.11,2,Occasional / Low-value,2026-07-30 19:54:39
15765,301,1,370.63,1,Lost / Lapsed,2026-07-30 19:54:39
15766,91,2,516.0,2,Occasional / Low-value,2026-07-30 19:54:39
15768,111,31,14979.26,0,Champions,2026-07-30 19:54:39
15769,6,21,32451.6,0,Champions,2026-07-30 19:54:39
15770,247,1,321.45,1,Lost / Lapsed,2026-07-30 19:54:39
15771,239,3,1006.54,1,Lost / Lapsed,2026-07-30 19:54:39
15772,53,1,280.88,2,Occasional / Low-value,2026-07-30 19:54:39
15773,44,1,138.84,2,Occasional / Low-value,2026-07-30 19:54:39
15774,53,5,1059.14,0,Champions,2026-07-30 19:54:39
15775,266,1,45.6,1,Lost / Lapsed,2026-07-30 19:54:39
15777,31,3,715.5,2,Occasional / Low-value,2026-07-30 19:54:39
15778,66,1,307.95,2,Occasional / Low-value,2026-07-30 19:54:39
15779,98,2,124.08,2,Occasional / Low-value,2026-07-30 19:54:39
15782,65,1,1399.36,2,Occasional / Low-value,2026-07-30 19:54:39
15784,102,2,848.33,2,Occasional / Low-value,2026-07-30 19:54:39
15785,14,11,3640.96,0,Champions,2026-07-30 19:54:39
15786,52,2,3582.62,2,Occasional / Low-value,2026-07-30 19:54:39
15788,143,1,221.83,1,Lost / Lapsed,2026-07-30 19:54:39
15789,66,5,1610.71,0,Champions,2026-07-30 19:54:39
15791,164,3,1995.65,2,Occasional / Low-value,2026-07-30 19:54:39
15792,34,2,933.84,2,Occasional / Low-value,2026-07-30 19:54:39
15793,13,5,1433.96,0,Champions,2026-07-30 19:54:39
15794,371,2,777.0,1,Lost / Lapsed,2026-07-30 19:54:39
15795,65,7,1369.86,0,Champions,2026-07-30 19:54:39
15796,9,9,2464.27,0,Champions,2026-07-30 19:54:39
15797,216,2,613.68,1,Lost / Lapsed,2026-07-30 19:54:39
15798,127,3,1535.37,2,Occasional / Low-value,2026-07-30 19:54:39
15799,53,1,540.15,2,Occasional / Low-value,2026-07-30 19:54:39
15800,88,5,543.5,2,Occasional / Low-value,2026-07-30 19:54:39
15803,80,3,1513.84,2,Occasional / Low-value,2026-07-30 19:54:39
15805,20,13,4660.75,0,Champions,2026-07-30 19:54:39
15807,43,2,913.62,2,Occasional / Low-value,2026-07-30 19:54:39
15808,4,18,14674.96,0,Champions,2026-07-30 19:54:39
15809,94,2,758.67,2,Occasional / Low-value,2026-07-30 19:54:39
15810,21,4,1607.06,0,Champions,2026-07-30 19:54:39
15811,0,2,1671.9,2,Occasional / Low-value,2026-07-30 19:54:39
15812,70,7,3400.33,0,Champions,2026-07-30 19:54:39
15814,28,2,689.11,2,Occasional / Low-value,2026-07-30 19:54:39
15816,177,2,144.15,1,Lost / Lapsed,2026-07-30 19:54:39
15817,55,3,2766.4,0,Champions,2026-07-30 19:54:39
15818,223,1,340.5,1,Lost / Lapsed,2026-07-30 19:54:39
15819,66,6,2029.34,0,Champions,2026-07-30 19:54:39
15822,128,4,954.59,2,Occasional / Low-value,2026-07-30 19:54:39
15823,7,3,3882.17,0,Champions,2026-07-30 19:54:39
15824,88,2,890.94,2,Occasional / Low-value,2026-07-30 19:54:39
15826,203,1,943.97,1,Lost / Lapsed,2026-07-30 19:54:39
15827,7,16,1957.98,0,Champions,2026-07-30 19:54:39
15828,10,1,1108.82,2,Occasional / Low-value,2026-07-30 19:54:39
15833,372,1,80.4,1,Lost / Lapsed,2026-07-30 19:54:39
15834,11,3,1539.24,2,Occasional / Low-value,2026-07-30 19:54:39
15837,120,1,385.03,2,Occasional / Low-value,2026-07-30 19:54:39
15838,2,16,40519.92,0,Champions,2026-07-30 19:54:39
15841,21,5,1518.35,0,Champions,2026-07-30 19:54:39
15842,28,2,548.8,2,Occasional / Low-value,2026-07-30 19:54:39
15845,171,3,714.51,2,Occasional / Low-value,2026-07-30 19:54:39
15846,20,1,107.01,2,Occasional / Low-value,2026-07-30 19:54:39
15847,63,3,433.3,2,Occasional / Low-value,2026-07-30 19:54:39
15848,256,1,139.94,1,Lost / Lapsed,2026-07-30 19:54:39
15850,11,4,819.87,2,Occasional / Low-value,2026-07-30 19:54:39
15851,161,1,109.73,1,Lost / Lapsed,2026-07-30 19:54:39
15852,161,1,96.55,1,Lost / Lapsed,2026-07-30 19:54:39
15854,11,9,2609.16,0,Champions,2026-07-30 19:54:39
15855,111,1,340.48,2,Occasional / Low-value,2026-07-30 19:54:39
15856,0,26,17832.77,0,Champions,2026-07-30 19:54:39
15857,65,1,273.48,2,Occasional / Low-value,2026-07-30 19:54:39
15858,2,9,2521.52,0,Champions,2026-07-30 19:54:39
15859,67,1,438.46,2,Occasional / Low-value,2026-07-30 19:54:39
15860,3,10,1528.0,0,Champions,2026-07-30 19:54:39
15861,91,4,1236.43,2,Occasional / Low-value,2026-07-30 19:54:39
15862,8,10,2095.41,0,Champions,2026-07-30 19:54:39
15863,252,3,289.86,1,Lost / Lapsed,2026-07-30 19:54:39
15864,16,1,244.44,2,Occasional / Low-value,2026-07-30 19:54:39
15865,48,2,1353.79,2,Occasional / Low-value,2026-07-30 19:54:39
15867,4,17,5251.31,0,Champions,2026-07-30 19:54:39
15868,218,1,94.53,1,Lost / Lapsed,2026-07-30 19:54:39
15869,261,1,174.02,1,Lost / Lapsed,2026-07-30 19:54:39
15870,31,3,508.52,2,Occasional / Low-value,2026-07-30 19:54:39
15871,72,1,33.1,2,Occasional / Low-value,2026-07-30 19:54:39
15872,13,2,434.75,2,Occasional / Low-value,2026-07-30 19:54:39
15873,134,4,313.92,2,Occasional / Low-value,2026-07-30 19:54:39
15874,22,14,6878.88,0,Champions,2026-07-30 19:54:39
15875,281,1,111.72,1,Lost / Lapsed,2026-07-30 19:54:39
15876,44,2,1449.14,2,Occasional / Low-value,2026-07-30 19:54:39
15878,196,2,330.77,1,Lost / Lapsed,2026-07-30 19:54:39
15879,39,4,1157.3,2,Occasional / Low-value,2026-07-30 19:54:39
15880,4,1,343.28,2,Occasional / Low-value,2026-07-30 19:54:39
15882,3,6,979.62,0,Champions,2026-07-30 19:54:39
15884,67,2,249.7,2,Occasional / Low-value,2026-07-30 19:54:39
15885,18,12,1572.47,0,Champions,2026-07-30 19:54:39
15886,51,3,871.78,2,Occasional / Low-value,2026-07-30 19:54:39
15887,41,3,1027.15,2,Occasional / Low-value,2026-07-30 19:54:39
15888,35,2,260.85,2,Occasional / Low-value,2026-07-30 19:54:39
15889,4,7,1359.41,0,Champions,2026-07-30 19:54:39
15890,29,5,535.65,2,Occasional / Low-value,2026-07-30 19:54:39
15892,304,1,128.2,1,Lost / Lapsed,2026-07-30 19:54:39
15893,116,1,305.28,2,Occasional / Low-value,2026-07-30 19:54:39
15894,4,1,156.74,2,Occasional / Low-value,2026-07-30 19:54:39
15898,2,22,4207.43,0,Champions,2026-07-30 19:54:39
15899,3,1,56.25,2,Occasional / Low-value,2026-07-30 19:54:39
15900,48,3,549.29,2,Occasional / Low-value,2026-07-30 19:54:39
15901,86,4,339.34,2,Occasional / Low-value,2026-07-30 19:54:39
15902,15,1,145.01,2,Occasional / Low-value,2026-07-30 19:54:39
15903,13,5,3813.08,0,Champions,2026-07-30 19:54:39
15905,178,1,114.69,1,Lost / Lapsed,2026-07-30 19:54:39
15906,9,3,987.95,2,Occasional / Low-value,2026-07-30 19:54:39
15908,125,2,764.57,2,Occasional / Low-value,2026-07-30 19:54:39
15910,35,7,1449.62,0,Champions,2026-07-30 19:54:39
15911,258,8,1702.34,0,Champions,2026-07-30 19:54:39
15912,71,7,810.08,0,Champions,2026-07-30 19:54:39
15913,169,1,6.3,1,Lost / Lapsed,2026-07-30 19:54:39
15914,13,2,205.99,2,Occasional / Low-value,2026-07-30 19:54:39
15915,36,1,429.21,2,Occasional / Low-value,2026-07-30 19:54:39
15916,1,7,1899.08,0,Champions,2026-07-30 19:54:39
15917,241,4,437.53,1,Lost / Lapsed,2026-07-30 19:54:39
15918,266,1,248.65,1,Lost / Lapsed,2026-07-30 19:54:39
15919,3,1,270.72,2,Occasional / Low-value,2026-07-30 19:54:39
15920,59,5,404.14,2,Occasional / Low-value,2026-07-30 19:54:39
15921,31,3,466.08,2,Occasional / Low-value,2026-07-30 19:54:39
15922,8,1,369.5,2,Occasional / Low-value,2026-07-30 19:54:39
15923,7,1,127.08,2,Occasional / Low-value,2026-07-30 19:54:39
15924,366,1,102.82,1,Lost / Lapsed,2026-07-30 19:54:39
15926,177,1,134.44,1,Lost / Lapsed,2026-07-30 19:54:39
15927,282,1,123.39,1,Lost / Lapsed,2026-07-30 19:54:39
15928,291,1,293.53,1,Lost / Lapsed,2026-07-30 19:54:39
15929,279,1,594.0,1,Lost / Lapsed,2026-07-30 19:54:39
15931,63,1,239.9,2,Occasional / Low-value,2026-07-30 19:54:39
15934,52,2,2190.66,2,Occasional / Low-value,2026-07-30 19:54:39
15936,14,2,282.79,2,Occasional / Low-value,2026-07-30 19:54:39
15938,91,4,330.23,2,Occasional / Low-value,2026-07-30 19:54:39
15939,9,1,2945.38,2,Occasional / Low-value,2026-07-30 19:54:39
15941,272,1,405.0,1,Lost / Lapsed,2026-07-30 19:54:39
15943,284,2,271.29,1,Lost / Lapsed,2026-07-30 19:54:39
15944,28,3,1839.14,2,Occasional / Low-value,2026-07-30 19:54:39
15945,0,4,646.27,2,Occasional / Low-value,2026-07-30 19:54:39
15946,137,3,2304.18,2,Occasional / Low-value,2026-07-30 19:54:39
15948,59,1,553.85,2,Occasional / Low-value,2026-07-30 19:54:39
15950,10,6,5415.2,0,Champions,2026-07-30 19:54:39
15951,16,1,304.95,2,Occasional / Low-value,2026-07-30 19:54:39
15953,4,11,2010.17,0,Champions,2026-07-30 19:54:39
15954,224,1,190.75,1,Lost / Lapsed,2026-07-30 19:54:39
15955,7,9,4242.1,0,Champions,2026-07-30 19:54:39
15956,186,2,617.6,1,Lost / Lapsed,2026-07-30 19:54:39
15957,55,2,501.21,2,Occasional / Low-value,2026-07-30 19:54:39
15958,38,3,388.64,2,Occasional / Low-value,2026-07-30 19:54:39
15959,317,3,579.49,1,Lost / Lapsed,2026-07-30 19:54:39
15960,9,4,410.95,2,Occasional / Low-value,2026-07-30 19:54:39
15961,14,1,451.29,2,Occasional / Low-value,2026-07-30 19:54:39
15962,84,1,295.83,2,Occasional / Low-value,2026-07-30 19:54:39
15964,298,1,272.96,1,Lost / Lapsed,2026-07-30 19:54:39
15965,2,10,2167.45,0,Champions,2026-07-30 19:54:39
15966,85,1,426.53,2,Occasional / Low-value,2026-07-30 19:54:39
15967,14,10,2622.77,0,Champions,2026-07-30 19:54:39
15968,23,1,418.05,2,Occasional / Low-value,2026-07-30 19:54:39
15969,60,2,460.95,2,Occasional / Low-value,2026-07-30 19:54:39
15970,233,1,703.22,1,Lost / Lapsed,2026-07-30 19:54:39
15971,20,6,1702.98,0,Champions,2026-07-30 19:54:39
15972,91,5,1810.27,0,Champions,2026-07-30 19:54:39
15973,1,3,680.62,2,Occasional / Low-value,2026-07-30 19:54:39
15976,45,4,1315.7,0,Champions,2026-07-30 19:54:39
15978,67,2,2180.64,2,Occasional / Low-value,2026-07-30 19:54:39
15979,237,1,329.22,1,Lost / Lapsed,2026-07-30 19:54:39
15980,125,4,4194.82,0,Champions,2026-07-30 19:54:39
15981,36,13,5954.29,0,Champions,2026-07-30 19:54:39
15982,240,1,324.51,1,Lost / Lapsed,2026-07-30 19:54:39
15983,0,6,2483.8,0,Champions,2026-07-30 19:54:39
15984,3,21,5921.65,0,Champions,2026-07-30 19:54:39
15985,71,5,1572.86,0,Champions,2026-07-30 19:54:39
15986,16,1,186.3,2,Occasional / Low-value,2026-07-30 19:54:39
15987,3,2,230.85,2,Occasional / Low-value,2026-07-30 19:54:39
15988,186,2,612.06,1,Lost / Lapsed,2026-07-30 19:54:39
15989,10,2,372.51,2,Occasional / Low-value,2026-07-30 19:54:39
15990,129,5,1217.94,0,Champions,2026-07-30 19:54:39
15991,169,1,150.55,1,Lost / Lapsed,2026-07-30 19:54:39
15992,31,2,854.61,2,Occasional / Low-value,2026-07-30 19:54:39
15994,46,2,775.11,2,Occasional / Low-value,2026-07-30 19:54:39
15995,49,1,696.19,2,Occasional / Low-value,2026-07-30 19:54:39
15996,1,2,626.22,2,Occasional / Low-value,2026-07-30 19:54:39
15998,28,11,5218.37,0,Champions,2026-07-30 19:54:39
15999,370,1,20.4,1,Lost / Lapsed,2026-07-30 19:54:39
16001,16,1,583.39,2,Occasional / Low-value,2026-07-30 19:54:39
16002,260,1,169.21,1,Lost / Lapsed,2026-07-30 19:54:39
16003,16,5,2878.46,0,Champions,2026-07-30 19:54:39
16004,109,5,2146.39,0,Champions,2026-07-30 19:54:39
16005,10,6,1820.83,0,Champions,2026-07-30 19:54:39
16006,22,1,245.77,2,Occasional / Low-value,2026-07-30 19:54:39
16007,18,3,1373.2,2,Occasional / Low-value,2026-07-30 19:54:39
16008,17,12,4905.35,0,Champions,2026-07-30 19:54:39
16010,11,8,1316.56,0,Champions,2026-07-30 19:54:39
16011,1,14,2517.75,0,Champions,2026-07-30 19:54:39
16012,36,2,1574.5,2,Occasional / Low-value,2026-07-30 19:54:39
16013,6,39,20315.84,0,Champions,2026-07-30 19:54:39
16014,43,2,467.89,2,Occasional / Low-value,2026-07-30 19:54:39
16016,1,4,1025.18,2,Occasional / Low-value,2026-07-30 19:54:39
16017,52,4,1341.95,0,Champions,2026-07-30 19:54:39
16018,31,2,289.23,2,Occasional / Low-value,2026-07-30 19:54:39
16019,16,18,13679.61,0,Champions,2026-07-30 19:54:39
16021,30,2,532.25,2,Occasional / Low-value,2026-07-30 19:54:39
16024,46,2,232.96,2,Occasional / Low-value,2026-07-30 19:54:39
16027,92,9,1113.74,0,Champions,2026-07-30 19:54:39
16028,230,1,82.2,1,Lost / Lapsed,2026-07-30 19:54:39
16029,7,47,41184.3,0,Champions,2026-07-30 19:54:39
16032,91,6,1970.45,0,Champions,2026-07-30 19:54:39
16033,4,8,2019.73,0,Champions,2026-07-30 19:54:39
16034,29,3,491.02,2,Occasional / Low-value,2026-07-30 19:54:39
16035,195,1,217.73,1,Lost / Lapsed,2026-07-30 19:54:39
16036,59,2,1797.92,2,Occasional / Low-value,2026-07-30 19:54:39
16037,179,2,654.32,1,Lost / Lapsed,2026-07-30 19:54:39
16039,58,2,456.4,2,Occasional / Low-value,2026-07-30 19:54:39
16040,65,4,1103.35,2,Occasional / Low-value,2026-07-30 19:54:39
16042,14,3,1067.85,2,Occasional / Low-value,2026-07-30 19:54:39
16043,14,4,1082.6,2,Occasional / Low-value,2026-07-30 19:54:39
16044,70,1,340.84,2,Occasional / Low-value,2026-07-30 19:54:39
16045,51,4,2094.23,0,Champions,2026-07-30 19:54:39
16046,197,1,235.78,1,Lost / Lapsed,2026-07-30 19:54:39
16047,317,1,107.14,1,Lost / Lapsed,2026-07-30 19:54:39
16048,8,4,818.79,2,Occasional / Low-value,2026-07-30 19:54:39
16049,10,3,787.89,2,Occasional / Low-value,2026-07-30 19:54:39
16050,18,2,162.8,2,Occasional / Low-value,2026-07-30 19:54:39
16051,316,1,188.44,1,Lost / Lapsed,2026-07-30 19:54:39
16053,48,4,2122.89,0,Champions,2026-07-30 19:54:39
16054,53,3,1327.98,2,Occasional / Low-value,2026-07-30 19:54:39
16057,154,3,1591.73,2,Occasional / Low-value,2026-07-30 19:54:39
16058,41,1,62.7,2,Occasional / Low-value,2026-07-30 19:54:39
16059,2,7,1757.91,0,Champions,2026-07-30 19:54:39
16060,35,3,541.95,2,Occasional / Low-value,2026-07-30 19:54:39
16061,66,1,89.65,2,Occasional / Low-value,2026-07-30 19:54:39
16062,14,4,1709.83,0,Champions,2026-07-30 19:54:39
16064,360,1,111.0,1,Lost / Lapsed,2026-07-30 19:54:39
16065,0,8,2010.53,0,Champions,2026-07-30 19:54:39
16067,197,3,3395.29,0,Champions,2026-07-30 19:54:39
16068,228,1,122.93,1,Lost / Lapsed,2026-07-30 19:54:39
16069,52,1,457.7,2,Occasional / Low-value,2026-07-30 19:54:39
16071,162,3,750.56,2,Occasional / Low-value,2026-07-30 19:54:39
16072,63,3,3744.57,0,Champions,2026-07-30 19:54:39
16074,25,1,265.25,2,Occasional / Low-value,2026-07-30 19:54:39
16075,137,2,736.93,2,Occasional / Low-value,2026-07-30 19:54:39
16077,260,1,2300.4,1,Lost / Lapsed,2026-07-30 19:54:39
16078,304,1,283.79,1,Lost / Lapsed,2026-07-30 19:54:39
16080,20,2,385.4,2,Occasional / Low-value,2026-07-30 19:54:39
16081,1,4,1653.28,0,Champions,2026-07-30 19:54:39
16082,305,1,106.75,1,Lost / Lapsed,2026-07-30 19:54:39
16083,17,2,1033.8,2,Occasional / Low-value,2026-07-30 19:54:39
16085,15,7,1362.02,0,Champions,2026-07-30 19:54:39
16086,2,6,1743.6,0,Champions,2026-07-30 19:54:39
16087,24,5,1739.92,0,Champions,2026-07-30 19:54:39
16088,210,2,1437.43,1,Lost / Lapsed,2026-07-30 19:54:39
16089,21,2,271.44,2,Occasional / Low-value,2026-07-30 19:54:39
16090,259,1,205.91,1,Lost / Lapsed,2026-07-30 19:54:39
16092,139,3,770.08,2,Occasional / Low-value,2026-07-30 19:54:39
16094,10,7,2617.33,0,Champions,2026-07-30 19:54:39
16095,91,1,447.05,2,Occasional / Low-value,2026-07-30 19:54:39
16096,51,3,1264.35,2,Occasional / Low-value,2026-07-30 19:54:39
16098,8,8,2442.47,0,Champions,2026-07-30 19:54:39
16099,52,4,841.3,2,Occasional / Low-value,2026-07-30 19:54:39
16100,97,1,582.64,2,Occasional / Low-value,2026-07-30 19:54:39
16101,69,3,1938.46,2,Occasional / Low-value,2026-07-30 19:54:39
16103,24,16,4762.07,0,Champions,2026-07-30 19:54:39
16104,53,8,2476.25,0,Champions,2026-07-30 19:54:39
16105,73,4,2049.23,0,Champions,2026-07-30 19:54:39
16108,69,3,1393.42,2,Occasional / Low-value,2026-07-30 19:54:39
16109,333,1,327.6,1,Lost / Lapsed,2026-07-30 19:54:39
16110,157,1,481.79,1,Lost / Lapsed,2026-07-30 19:54:39
16111,63,1,562.48,2,Occasional / Low-value,2026-07-30 19:54:39
16115,32,4,907.17,2,Occasional / Low-value,2026-07-30 19:54:39
16117,37,2,422.19,2,Occasional / Low-value,2026-07-30 19:54:39
16118,287,1,4376.25,1,Lost / Lapsed,2026-07-30 19:54:39
16119,29,6,1297.45,0,Champions,2026-07-30 19:54:39
16120,57,2,1747.77,2,Occasional / Low-value,2026-07-30 19:54:39
16121,25,3,609.98,2,Occasional / Low-value,2026-07-30 19:54:39
16122,1,3,316.92,2,Occasional / Low-value,2026-07-30 19:54:39
16124,53,3,1523.49,2,Occasional / Low-value,2026-07-30 19:54:39
16125,2,14,4298.3,0,Champions,2026-07-30 19:54:39
16126,14,11,8359.03,0,Champions,2026-07-30 19:54:39
16127,361,1,145.06,1,Lost / Lapsed,2026-07-30 19:54:39
16128,15,6,1920.83,0,Champions,2026-07-30 19:54:39
16129,42,3,1396.05,2,Occasional / Low-value,2026-07-30 19:54:39
16130,57,4,987.48,2,Occasional / Low-value,2026-07-30 19:54:39
16131,10,6,6450.88,0,Champions,2026-07-30 19:54:39
16132,179,2,664.2,1,Lost / Lapsed,2026-07-30 19:54:39
16133,11,23,8403.22,0,Champions,2026-07-30 19:54:39
16134,58,3,1527.25,2,Occasional / Low-value,2026-07-30 19:54:39
16135,218,1,301.9,1,Lost / Lapsed,2026-07-30 19:54:39
16136,298,1,237.42,1,Lost / Lapsed,2026-07-30 19:54:39
16137,315,1,422.7,1,Lost / Lapsed,2026-07-30 19:54:39
16138,13,3,910.35,2,Occasional / Low-value,2026-07-30 19:54:39
16139,357,2,475.74,1,Lost / Lapsed,2026-07-30 19:54:39
16140,6,2,832.42,2,Occasional / Low-value,2026-07-30 19:54:39
16141,52,1,335.54,2,Occasional / Low-value,2026-07-30 19:54:39
16143,4,7,2485.89,0,Champions,2026-07-30 19:54:39
16145,23,8,3005.95,0,Champions,2026-07-30 19:54:39
16146,83,1,212.25,2,Occasional / Low-value,2026-07-30 19:54:39
16147,35,4,2023.91,0,Champions,2026-07-30 19:54:39
16148,71,1,310.3,2,Occasional / Low-value,2026-07-30 19:54:39
16149,64,1,141.7,2,Occasional / Low-value,2026-07-30 19:54:39
16150,7,6,2342.57,0,Champions,2026-07-30 19:54:39
16153,55,6,3309.26,0,Champions,2026-07-30 19:54:39
16155,16,5,796.9,0,Champions,2026-07-30 19:54:39
16156,17,11,3096.14,0,Champions,2026-07-30 19:54:39
16158,157,9,628.32,0,Champions,2026-07-30 19:54:39
16159,105,3,884.59,2,Occasional / Low-value,2026-07-30 19:54:39
16161,3,25,7256.24,0,Champions,2026-07-30 19:54:39
16163,0,5,1992.98,0,Champions,2026-07-30 19:54:39
16165,140,1,79.9,1,Lost / Lapsed,2026-07-30 19:54:39
16166,63,2,435.83,2,Occasional / Low-value,2026-07-30 19:54:39
16167,49,5,1386.12,0,Champions,2026-07-30 19:54:39
16168,4,40,6848.87,0,Champions,2026-07-30 19:54:39
16170,30,14,4983.95,0,Champions,2026-07-30 19:54:39
16172,108,3,744.34,2,Occasional / Low-value,2026-07-30 19:54:39
16174,126,4,1237.2,2,Occasional / Low-value,2026-07-30 19:54:39
16175,106,3,798.85,2,Occasional / Low-value,2026-07-30 19:54:39
16176,56,4,2052.69,0,Champions,2026-07-30 19:54:39
16177,71,7,1915.36,0,Champions,2026-07-30 19:54:39
16178,36,1,414.7,2,Occasional / Low-value,2026-07-30 19:54:39
16180,113,5,5995.69,0,Champions,2026-07-30 19:54:39
16182,73,5,3354.0,0,Champions,2026-07-30 19:54:39
16183,29,3,739.1,2,Occasional / Low-value,2026-07-30 19:54:39
16185,199,1,115.31,1,Lost / Lapsed,2026-07-30 19:54:39
16186,7,15,5019.17,0,Champions,2026-07-30 19:54:39
16188,43,1,105.8,2,Occasional / Low-value,2026-07-30 19:54:39
16190,29,7,2508.47,0,Champions,2026-07-30 19:54:39
16191,10,11,10507.5,0,Champions,2026-07-30 19:54:39
16192,370,1,351.3,1,Lost / Lapsed,2026-07-30 19:54:39
16193,45,1,315.98,2,Occasional / Low-value,2026-07-30 19:54:39
16194,10,1,308.6,2,Occasional / Low-value,2026-07-30 19:54:39
16195,358,1,323.25,1,Lost / Lapsed,2026-07-30 19:54:39
16196,123,1,93.3,1,Lost / Lapsed,2026-07-30 19:54:39
16197,104,9,2016.71,0,Champions,2026-07-30 19:54:39
16198,72,1,629.36,2,Occasional / Low-value,2026-07-30 19:54:39
16199,27,7,942.75,0,Champions,2026-07-30 19:54:39
16200,17,10,4562.83,0,Champions,2026-07-30 19:54:39
16201,50,1,248.65,2,Occasional / Low-value,2026-07-30 19:54:39
16202,52,8,2136.72,0,Champions,2026-07-30 19:54:39
16203,7,3,521.64,2,Occasional / Low-value,2026-07-30 19:54:39
16204,15,2,538.53,2,Occasional / Low-value,2026-07-30 19:54:39
16205,31,3,1069.23,2,Occasional / Low-value,2026-07-30 19:54:39
16206,22,9,2065.26,0,Champions,2026-07-30 19:54:39
16208,29,8,2776.19,0,Champions,2026-07-30 19:54:39
16209,17,4,1884.16,0,Champions,2026-07-30 19:54:39
16210,3,19,17403.21,0,Champions,2026-07-30 19:54:39
16211,56,2,543.57,2,Occasional / Low-value,2026-07-30 19:54:39
16212,253,2,603.37,1,Lost / Lapsed,2026-07-30 19:54:39
16214,70,1,975.5,2,Occasional / Low-value,2026-07-30 19:54:39
16218,8,7,1355.29,0,Champions,2026-07-30 19:54:39
16219,135,1,40.8,1,Lost / Lapsed,2026-07-30 19:54:39
16221,2,7,1370.65,0,Champions,2026-07-30 19:54:39
16222,356,1,498.5,1,Lost / Lapsed,2026-07-30 19:54:39
16223,9,2,1102.35,2,Occasional / Low-value,2026-07-30 19:54:39
16224,22,1,321.24,2,Occasional / Low-value,2026-07-30 19:54:39
16225,37,10,1771.09,0,Champions,2026-07-30 19:54:39
16226,13,2,417.05,2,Occasional / Low-value,2026-07-30 19:54:39
16227,129,2,713.0,2,Occasional / Low-value,2026-07-30 19:54:39
16228,20,3,890.81,2,Occasional / Low-value,2026-07-30 19:54:39
16229,16,4,1857.26,0,Champions,2026-07-30 19:54:39
16231,14,4,1078.22,2,Occasional / Low-value,2026-07-30 19:54:39
16232,55,3,1722.09,2,Occasional / Low-value,2026-07-30 19:54:39
16233,1,7,1429.03,0,Champions,2026-07-30 19:54:39
16234,111,3,333.18,2,Occasional / Low-value,2026-07-30 19:54:39
16235,10,4,1186.4,0,Champions,2026-07-30 19:54:39
16237,72,1,136.65,2,Occasional / Low-value,2026-07-30 19:54:39
16238,57,1,63.66,2,Occasional / Low-value,2026-07-30 19:54:39
16239,17,4,1078.0,2,Occasional / Low-value,2026-07-30 19:54:39
16241,4,4,1721.44,0,Champions,2026-07-30 19:54:39
16242,16,7,3871.19,0,Champions,2026-07-30 19:54:39
16244,7,1,1056.63,2,Occasional / Low-value,2026-07-30 19:54:39
16246,94,2,827.25,2,Occasional / Low-value,2026-07-30 19:54:39
16250,8,2,401.94,2,Occasional / Low-value,2026-07-30 19:54:39
16251,147,1,128.31,1,Lost / Lapsed,2026-07-30 19:54:39
16252,17,1,295.09,2,Occasional / Low-value,2026-07-30 19:54:39
16253,55,5,3626.29,0,Champions,2026-07-30 19:54:39
16254,13,3,985.14,2,Occasional / Low-value,2026-07-30 19:54:39
16255,0,8,2286.89,0,Champions,2026-07-30 19:54:39
16256,128,2,876.94,2,Occasional / Low-value,2026-07-30 19:54:39
16258,22,10,6739.01,0,Champions,2026-07-30 19:54:39
16259,45,3,361.94,2,Occasional / Low-value,2026-07-30 19:54:39
16261,21,2,312.62,2,Occasional / Low-value,2026-07-30 19:54:39
16262,13,1,755.15,2,Occasional / Low-value,2026-07-30 19:54:39
16263,58,1,351.01,2,Occasional / Low-value,2026-07-30 19:54:39
16264,73,2,837.53,2,Occasional / Low-value,2026-07-30 19:54:39
16265,21,3,1488.17,2,Occasional / Low-value,2026-07-30 19:54:39
16266,58,7,896.06,0,Champions,2026-07-30 19:54:39
16267,226,1,186.66,1,Lost / Lapsed,2026-07-30 19:54:39
16269,72,1,717.57,2,Occasional / Low-value,2026-07-30 19:54:39
16271,92,5,2033.78,0,Champions,2026-07-30 19:54:39
16273,283,2,336.04,1,Lost / Lapsed,2026-07-30 19:54:39
16274,8,1,357.95,2,Occasional / Low-value,2026-07-30 19:54:39
16275,109,2,1591.24,2,Occasional / Low-value,2026-07-30 19:54:39
16276,114,2,1818.79,2,Occasional / Low-value,2026-07-30 19:54:39
16277,368,1,188.69,1,Lost / Lapsed,2026-07-30 19:54:39
16278,115,2,551.46,2,Occasional / Low-value,2026-07-30 19:54:39
16279,20,6,4195.5,0,Champions,2026-07-30 19:54:39
16280,360,1,238.05,1,Lost / Lapsed,2026-07-30 19:54:39
16281,58,2,1361.96,2,Occasional / Low-value,2026-07-30 19:54:39
16282,122,2,1139.28,2,Occasional / Low-value,2026-07-30 19:54:39
16283,53,3,2833.01,0,Champions,2026-07-30 19:54:39
16284,28,1,205.8,2,Occasional / Low-value,2026-07-30 19:54:39
16285,281,1,176.9,1,Lost / Lapsed,2026-07-30 19:54:39
16286,112,2,328.95,2,Occasional / Low-value,2026-07-30 19:54:39
16287,11,4,864.48,2,Occasional / Low-value,2026-07-30 19:54:39
16288,105,1,129.85,2,Occasional / Low-value,2026-07-30 19:54:39
16289,97,1,136.31,2,Occasional / Low-value,2026-07-30 19:54:39
16290,99,4,2069.3,0,Champions,2026-07-30 19:54:39
16291,317,1,117.72,1,Lost / Lapsed,2026-07-30 19:54:39
16292,15,4,951.51,2,Occasional / Low-value,2026-07-30 19:54:39
16293,2,6,2408.96,0,Champions,2026-07-30 19:54:39
16294,111,1,126.05,2,Occasional / Low-value,2026-07-30 19:54:39
16296,261,4,1313.67,1,Lost / Lapsed,2026-07-30 19:54:39
16298,32,4,487.5,2,Occasional / Low-value,2026-07-30 19:54:39
16299,112,1,193.65,2,Occasional / Low-value,2026-07-30 19:54:39
16300,65,3,1392.43,2,Occasional / Low-value,2026-07-30 19:54:39
16301,371,1,107.33,1,Lost / Lapsed,2026-07-30 19:54:39
16303,27,4,2567.64,0,Champions,2026-07-30 19:54:39
16304,329,1,381.66,1,Lost / Lapsed,2026-07-30 19:54:39
16306,2,2,560.55,2,Occasional / Low-value,2026-07-30 19:54:39
16307,64,3,1194.92,2,Occasional / Low-value,2026-07-30 19:54:39
16308,41,3,2560.0,0,Champions,2026-07-30 19:54:39
16310,49,2,460.08,2,Occasional / Low-value,2026-07-30 19:54:39
16312,67,1,171.15,2,Occasional / Low-value,2026-07-30 19:54:39
16314,24,3,1491.4,2,Occasional / Low-value,2026-07-30 19:54:39
16315,171,1,176.34,1,Lost / Lapsed,2026-07-30 19:54:39
16316,15,5,2806.0,0,Champions,2026-07-30 19:54:39
16317,185,2,850.86,1,Lost / Lapsed,2026-07-30 19:54:39
16320,88,4,4590.53,0,Champions,2026-07-30 19:54:39
16321,261,2,230.9,1,Lost / Lapsed,2026-07-30 19:54:39
16323,212,1,146.16,1,Lost / Lapsed,2026-07-30 19:54:39
16325,59,9,3003.26,0,Champions,2026-07-30 19:54:39
16326,18,10,1716.03,0,Champions,2026-07-30 19:54:39
16327,4,11,6887.12,0,Champions,2026-07-30 19:54:39
16328,198,1,310.83,1,Lost / Lapsed,2026-07-30 19:54:39
16329,62,4,1703.07,0,Champions,2026-07-30 19:54:39
16330,59,4,382.42,2,Occasional / Low-value,2026-07-30 19:54:39
16331,67,6,2037.7,0,Champions,2026-07-30 19:54:39
16332,66,4,417.21,2,Occasional / Low-value,2026-07-30 19:54:39
16334,127,1,277.48,2,Occasional / Low-value,2026-07-30 19:54:39
16335,186,7,2774.0,0,Champions,2026-07-30 19:54:39
16336,55,4,3517.69,0,Champions,2026-07-30 19:54:39
16340,74,2,976.99,2,Occasional / Low-value,2026-07-30 19:54:39
16341,72,3,1878.92,2,Occasional / Low-value,2026-07-30 19:54:39
16343,42,1,316.59,2,Occasional / Low-value,2026-07-30 19:54:39
16344,144,3,741.32,2,Occasional / Low-value,2026-07-30 19:54:39
16345,118,1,623.33,2,Occasional / Low-value,2026-07-30 19:54:39
16346,20,1,224.51,2,Occasional / Low-value,2026-07-30 19:54:39
16347,23,9,2621.76,0,Champions,2026-07-30 19:54:39
16348,65,1,328.77,2,Occasional / Low-value,2026-07-30 19:54:39
16350,9,5,1137.42,0,Champions,2026-07-30 19:54:39
16351,46,12,3176.13,0,Champions,2026-07-30 19:54:39
16353,4,16,3323.75,0,Champions,2026-07-30 19:54:39
16354,14,3,733.71,2,Occasional / Low-value,2026-07-30 19:54:39
16355,10,1,416.35,2,Occasional / Low-value,2026-07-30 19:54:39
16356,11,3,204.1,2,Occasional / Low-value,2026-07-30 19:54:39
16357,16,1,209.49,2,Occasional / Low-value,2026-07-30 19:54:39
16358,29,1,892.15,2,Occasional / Low-value,2026-07-30 19:54:39
16359,11,7,946.83,0,Champions,2026-07-30 19:54:39
16362,72,1,212.17,2,Occasional / Low-value,2026-07-30 19:54:39
16365,2,7,1766.78,0,Champions,2026-07-30 19:54:39
16366,217,3,1220.83,1,Lost / Lapsed,2026-07-30 19:54:39
16367,18,1,557.91,2,Occasional / Low-value,2026-07-30 19:54:39
16368,70,1,142.78,2,Occasional / Low-value,2026-07-30 19:54:39
16369,71,4,1111.15,2,Occasional / Low-value,2026-07-30 19:54:39
16371,83,1,157.2,2,Occasional / Low-value,2026-07-30 19:54:39
16372,44,3,960.68,2,Occasional / Low-value,2026-07-30 19:54:39
16373,17,2,309.49,2,Occasional / Low-value,2026-07-30 19:54:39
16374,37,3,1298.42,2,Occasional / Low-value,2026-07-30 19:54:39
16375,105,2,104.0,2,Occasional / Low-value,2026-07-30 19:54:39
16377,252,1,632.28,1,Lost / Lapsed,2026-07-30 19:54:39
16381,30,2,258.7,2,Occasional / Low-value,2026-07-30 19:54:39
16382,43,2,353.1,2,Occasional / Low-value,2026-07-30 19:54:39
16383,31,5,2306.48,0,Champions,2026-07-30 19:54:39
16384,64,2,774.45,2,Occasional / Low-value,2026-07-30 19:54:39
16385,1,3,474.72,2,Occasional / Low-value,2026-07-30 19:54:39
16386,22,1,785.39,2,Occasional / Low-value,2026-07-30 19:54:39
16387,30,4,824.19,2,Occasional / Low-value,2026-07-30 19:54:39
16388,288,1,186.05,1,Lost / Lapsed,2026-07-30 19:54:39
16390,171,3,467.5,1,Lost / Lapsed,2026-07-30 19:54:39
16391,35,4,1103.61,2,Occasional / Low-value,2026-07-30 19:54:39
16392,48,2,541.86,2,Occasional / Low-value,2026-07-30 19:54:39
16393,4,11,2515.45,0,Champions,2026-07-30 19:54:39
16395,28,9,2050.95,0,Champions,2026-07-30 19:54:39
16396,111,1,137.8,2,Occasional / Low-value,2026-07-30 19:54:39
16397,263,1,127.88,1,Lost / Lapsed,2026-07-30 19:54:39
16399,24,1,233.25,2,Occasional / Low-value,2026-07-30 19:54:39
16400,30,8,2855.51,0,Champions,2026-07-30 19:54:39
16401,14,11,2750.83,0,Champions,2026-07-30 19:54:39
16402,4,1,211.8,2,Occasional / Low-value,2026-07-30 19:54:39
16406,85,2,389.61,2,Occasional / Low-value,2026-07-30 19:54:39
16407,24,4,694.72,2,Occasional / Low-value,2026-07-30 19:54:39
16408,226,1,231.93,1,Lost / Lapsed,2026-07-30 19:54:39
16409,15,7,3680.16,0,Champions,2026-07-30 19:54:39
16410,369,1,130.32,1,Lost / Lapsed,2026-07-30 19:54:39
16411,4,3,695.54,2,Occasional / Low-value,2026-07-30 19:54:39
16412,28,4,495.4,2,Occasional / Low-value,2026-07-30 19:54:39
16413,10,1,266.78,2,Occasional / Low-value,2026-07-30 19:54:39
16414,66,3,433.46,2,Occasional / Low-value,2026-07-30 19:54:39
16415,218,2,509.09,1,Lost / Lapsed,2026-07-30 19:54:39
16416,25,6,1921.48,0,Champions,2026-07-30 19:54:39
16417,127,1,35.7,1,Lost / Lapsed,2026-07-30 19:54:39
16418,43,2,426.67,2,Occasional / Low-value,2026-07-30 19:54:39
16419,212,2,515.19,1,Lost / Lapsed,2026-07-30 19:54:39
16420,31,1,75.0,2,Occasional / Low-value,2026-07-30 19:54:39
16421,11,3,526.27,2,Occasional / Low-value,2026-07-30 19:54:39
16422,4,59,28967.07,0,Champions,2026-07-30 19:54:39
16424,17,1,309.5,2,Occasional / Low-value,2026-07-30 19:54:39
16428,48,3,660.28,2,Occasional / Low-value,2026-07-30 19:54:39
16430,16,6,817.09,0,Champions,2026-07-30 19:54:39
16433,43,1,200.26,2,Occasional / Low-value,2026-07-30 19:54:39
16434,81,5,1219.49,0,Champions,2026-07-30 19:54:39
16435,147,3,1011.57,2,Occasional / Low-value,2026-07-30 19:54:39
16436,303,3,329.34,1,Lost / Lapsed,2026-07-30 19:54:39
16437,16,2,301.25,2,Occasional / Low-value,2026-07-30 19:54:39
16439,357,1,310.7,1,Lost / Lapsed,2026-07-30 19:54:39
16440,128,1,216.3,2,Occasional / Low-value,2026-07-30 19:54:39
16441,52,3,653.23,2,Occasional / Low-value,2026-07-30 19:54:39
16442,239,2,282.68,1,Lost / Lapsed,2026-07-30 19:54:39
16443,155,1,162.24,1,Lost / Lapsed,2026-07-30 19:54:39
16444,25,13,3001.91,0,Champions,2026-07-30 19:54:39
16445,21,3,372.22,2,Occasional / Low-value,2026-07-30 19:54:39
16447,225,2,516.13,1,Lost / Lapsed,2026-07-30 19:54:39
16448,106,1,178.98,2,Occasional / Low-value,2026-07-30 19:54:39
16450,219,2,1193.81,1,Lost / Lapsed,2026-07-30 19:54:39
16451,196,2,746.18,1,Lost / Lapsed,2026-07-30 19:54:39
16452,265,2,332.17,1,Lost / Lapsed,2026-07-30 19:54:39
16453,165,2,251.71,1,Lost / Lapsed,2026-07-30 19:54:39
16454,241,2,24.05,1,Lost / Lapsed,2026-07-30 19:54:39
16455,6,6,2543.19,0,Champions,2026-07-30 19:54:39
16456,8,9,4704.54,0,Champions,2026-07-30 19:54:39
16458,10,12,2232.6,0,Champions,2026-07-30 19:54:39
16459,364,1,71.79,1,Lost / Lapsed,2026-07-30 19:54:39
16461,225,2,1463.8,1,Lost / Lapsed,2026-07-30 19:54:39
16465,55,2,746.24,2,Occasional / Low-value,2026-07-30 19:54:39
16466,18,8,2235.13,0,Champions,2026-07-30 19:54:39
16467,143,7,2869.16,0,Champions,2026-07-30 19:54:39
16468,105,2,712.62,2,Occasional / Low-value,2026-07-30 19:54:39
16469,149,1,178.48,1,Lost / Lapsed,2026-07-30 19:54:39
16470,31,7,1696.21,0,Champions,2026-07-30 19:54:39
16471,28,3,966.03,2,Occasional / Low-value,2026-07-30 19:54:39
16472,69,2,789.6,2,Occasional / Low-value,2026-07-30 19:54:39
16473,9,1,154.72,2,Occasional / Low-value,2026-07-30 19:54:39
16476,66,1,350.35,2,Occasional / Low-value,2026-07-30 19:54:39
16477,6,5,1825.56,0,Champions,2026-07-30 19:54:39
16481,317,1,453.38,1,Lost / Lapsed,2026-07-30 19:54:39
16485,67,4,1931.03,0,Champions,2026-07-30 19:54:39
16486,172,1,134.36,1,Lost / Lapsed,2026-07-30 19:54:39
16487,212,2,209.4,1,Lost / Lapsed,2026-07-30 19:54:39
16489,15,2,303.7,2,Occasional / Low-value,2026-07-30 19:54:39
16490,71,1,205.41,2,Occasional / Low-value,2026-07-30 19:54:39
16491,48,1,801.66,2,Occasional / Low-value,2026-07-30 19:54:39
16492,175,1,385.56,1,Lost / Lapsed,2026-07-30 19:54:39
16493,79,3,780.46,2,Occasional / Low-value,2026-07-30 19:54:39
16496,66,3,731.25,2,Occasional / Low-value,2026-07-30 19:54:39
16497,48,17,3729.59,0,Champions,2026-07-30 19:54:39
16499,9,6,2212.89,0,Champions,2026-07-30 19:54:39
16500,9,3,443.05,2,Occasional / Low-value,2026-07-30 19:54:39
16501,18,1,1237.23,2,Occasional / Low-value,2026-07-30 19:54:39
16502,255,2,266.5,1,Lost / Lapsed,2026-07-30 19:54:39
16503,30,7,2182.41,0,Champions,2026-07-30 19:54:39
16507,207,1,152.76,1,Lost / Lapsed,2026-07-30 19:54:39
16508,265,1,248.8,1,Lost / Lapsed,2026-07-30 19:54:39
16510,7,6,1851.9,0,Champions,2026-07-30 19:54:39
16511,32,3,868.76,2,Occasional / Low-value,2026-07-30 19:54:39
16515,14,5,1589.17,0,Champions,2026-07-30 19:54:39
16518,56,2,475.05,2,Occasional / Low-value,2026-07-30 19:54:39
16519,0,3,341.18,2,Occasional / Low-value,2026-07-30 19:54:39
16520,0,4,1436.05,0,Champions,2026-07-30 19:54:39
16521,50,3,1148.01,2,Occasional / Low-value,2026-07-30 19:54:39
16522,70,2,433.36,2,Occasional / Low-value,2026-07-30 19:54:39
16523,50,7,2497.86,0,Champions,2026-07-30 19:54:39
16524,81,2,308.14,2,Occasional / Low-value,2026-07-30 19:54:39
16525,1,23,11555.19,0,Champions,2026-07-30 19:54:39
16526,219,1,426.85,1,Lost / Lapsed,2026-07-30 19:54:39
16527,59,1,1044.38,2,Occasional / Low-value,2026-07-30 19:54:39
16529,112,3,1556.75,2,Occasional / Low-value,2026-07-30 19:54:39
16530,303,1,48.35,1,Lost / Lapsed,2026-07-30 19:54:39
16531,16,4,1053.74,2,Occasional / Low-value,2026-07-30 19:54:39
16532,66,2,2007.84,2,Occasional / Low-value,2026-07-30 19:54:39
16534,277,1,635.9,1,Lost / Lapsed,2026-07-30 19:54:39
16535,20,2,407.84,2,Occasional / Low-value,2026-07-30 19:54:39
16537,276,1,23.35,1,Lost / Lapsed,2026-07-30 19:54:39
16538,176,3,399.62,1,Lost / Lapsed,2026-07-30 19:54:39
16539,8,7,2343.2,0,Champions,2026-07-30 19:54:39
16540,49,1,226.7,2,Occasional / Low-value,2026-07-30 19:54:39
16541,370,1,424.03,1,Lost / Lapsed,2026-07-30 19:54:39
16542,36,1,137.7,2,Occasional / Low-value,2026-07-30 19:54:39
16543,226,1,292.21,1,Lost / Lapsed,2026-07-30 19:54:39
16544,154,4,376.7,2,Occasional / Low-value,2026-07-30 19:54:39
16545,10,1,350.52,2,Occasional / Low-value,2026-07-30 19:54:39
16546,7,4,4819.32,0,Champions,2026-07-30 19:54:39
16547,181,1,111.71,1,Lost / Lapsed,2026-07-30 19:54:39
16548,234,1,30.15,1,Lost / Lapsed,2026-07-30 19:54:39
16549,32,24,9027.55,0,Champions,2026-07-30 19:54:39
16550,3,14,7136.16,0,Champions,2026-07-30 19:54:39
16551,58,4,1315.0,0,Champions,2026-07-30 19:54:39
16552,8,1,95.29,2,Occasional / Low-value,2026-07-30 19:54:39
16553,31,21,10924.19,0,Champions,2026-07-30 19:54:39
16554,21,5,2004.62,0,Champions,2026-07-30 19:54:39
16555,140,4,1629.79,0,Champions,2026-07-30 19:54:39
16556,10,10,4698.79,0,Champions,2026-07-30 19:54:39
16558,1,19,5535.02,0,Champions,2026-07-30 19:54:39
16559,32,1,185.2,2,Occasional / Low-value,2026-07-30 19:54:39
16560,32,6,2206.97,0,Champions,2026-07-30 19:54:39
16562,111,1,223.86,2,Occasional / Low-value,2026-07-30 19:54:39
16563,35,5,3345.02,0,Champions,2026-07-30 19:54:39
16564,204,1,87.8,1,Lost / Lapsed,2026-07-30 19:54:39
16565,41,3,599.35,2,Occasional / Low-value,2026-07-30 19:54:39
16568,62,2,1020.9,2,Occasional / Low-value,2026-07-30 19:54:39
16569,266,4,1331.03,1,Lost / Lapsed,2026-07-30 19:54:39
16570,14,10,3695.91,0,Champions,2026-07-30 19:54:39
16571,30,7,2827.05,0,Champions,2026-07-30 19:54:39
16574,58,2,850.34,2,Occasional / Low-value,2026-07-30 19:54:39
16576,55,2,540.87,2,Occasional / Low-value,2026-07-30 19:54:39
16577,301,1,380.0,1,Lost / Lapsed,2026-07-30 19:54:39
16578,261,1,156.6,1,Lost / Lapsed,2026-07-30 19:54:39
16579,60,1,295.05,2,Occasional / Low-value,2026-07-30 19:54:39
16583,8,2,297.95,2,Occasional / Low-value,2026-07-30 19:54:39
16584,67,3,2227.59,0,Champions,2026-07-30 19:54:39
16585,228,2,341.59,1,Lost / Lapsed,2026-07-30 19:54:39
16586,79,2,998.83,2,Occasional / Low-value,2026-07-30 19:54:39
16588,21,4,1361.28,0,Champions,2026-07-30 19:54:39
16589,85,1,153.12,2,Occasional / Low-value,2026-07-30 19:54:39
16590,35,2,605.9,2,Occasional / Low-value,2026-07-30 19:54:39
16592,10,12,3694.23,0,Champions,2026-07-30 19:54:39
16593,25,5,741.11,2,Occasional / Low-value,2026-07-30 19:54:39
16595,11,4,1450.02,0,Champions,2026-07-30 19:54:39
16596,1,3,329.48,2,Occasional / Low-value,2026-07-30 19:54:39
16599,20,1,172.8,2,Occasional / Low-value,2026-07-30 19:54:39
16600,9,7,1339.89,0,Champions,2026-07-30 19:54:39
16601,25,2,439.45,2,Occasional / Low-value,2026-07-30 19:54:39
16602,23,1,235.25,2,Occasional / Low-value,2026-07-30 19:54:39
16604,197,2,432.45,1,Lost / Lapsed,2026-07-30 19:54:39
16605,359,1,60.48,1,Lost / Lapsed,2026-07-30 19:54:39
16606,39,2,357.66,2,Occasional / Low-value,2026-07-30 19:54:39
16607,34,11,2359.16,0,Champions,2026-07-30 19:54:39
16608,88,2,1288.72,2,Occasional / Low-value,2026-07-30 19:54:39
16611,38,5,1655.64,0,Champions,2026-07-30 19:54:39
16612,14,5,2057.77,0,Champions,2026-07-30 19:54:39
16614,37,2,673.6,2,Occasional / Low-value,2026-07-30 19:54:39
16615,261,1,291.5,1,Lost / Lapsed,2026-07-30 19:54:39
16619,18,3,1712.12,2,Occasional / Low-value,2026-07-30 19:54:39
16620,24,4,1579.97,0,Champions,2026-07-30 19:54:39
16622,178,1,225.4,1,Lost / Lapsed,2026-07-30 19:54:39
16623,36,3,885.79,2,Occasional / Low-value,2026-07-30 19:54:39
16625,57,4,1320.95,0,Champions,2026-07-30 19:54:39
16628,42,2,130.05,2,Occasional / Low-value,2026-07-30 19:54:39
16630,42,1,106.8,2,Occasional / Low-value,2026-07-30 19:54:39
16631,116,7,1892.52,0,Champions,2026-07-30 19:54:39
16632,120,2,406.4,2,Occasional / Low-value,2026-07-30 19:54:39
16634,7,5,1596.71,0,Champions,2026-07-30 19:54:39
16635,41,1,473.0,2,Occasional / Low-value,2026-07-30 19:54:39
16636,73,4,3802.04,0,Champions,2026-07-30 19:54:39
16638,3,6,749.81,0,Champions,2026-07-30 19:54:39
16639,44,1,490.47,2,Occasional / Low-value,2026-07-30 19:54:39
16640,32,1,179.4,2,Occasional / Low-value,2026-07-30 19:54:39
16641,336,1,323.4,1,Lost / Lapsed,2026-07-30 19:54:39
16642,50,1,389.12,2,Occasional / Low-value,2026-07-30 19:54:39
16643,57,1,435.6,2,Occasional / Low-value,2026-07-30 19:54:39
16645,370,1,160.39,1,Lost / Lapsed,2026-07-30 19:54:39
16646,84,1,678.8,2,Occasional / Low-value,2026-07-30 19:54:39
16647,77,2,327.84,2,Occasional / Low-value,2026-07-30 19:54:39
16648,90,2,382.14,2,Occasional / Low-value,2026-07-30 19:54:39
16649,155,1,306.58,1,Lost / Lapsed,2026-07-30 19:54:39
16650,55,6,1397.69,0,Champions,2026-07-30 19:54:39
16651,221,1,136.2,1,Lost / Lapsed,2026-07-30 19:54:39
16652,39,9,10776.42,0,Champions,2026-07-30 19:54:39
16654,3,5,1110.2,0,Champions,2026-07-30 19:54:39
16655,46,7,2753.85,0,Champions,2026-07-30 19:54:39
16656,55,15,8207.37,0,Champions,2026-07-30 19:54:39
16658,3,6,690.83,0,Champions,2026-07-30 19:54:39
16660,57,3,611.9,2,Occasional / Low-value,2026-07-30 19:54:39
16661,175,4,986.63,2,Occasional / Low-value,2026-07-30 19:54:39
16662,29,1,163.8,2,Occasional / Low-value,2026-07-30 19:54:39
16663,364,1,165.0,1,Lost / Lapsed,2026-07-30 19:54:39
16664,204,1,109.2,1,Lost / Lapsed,2026-07-30 19:54:39
16666,256,1,106.96,1,Lost / Lapsed,2026-07-30 19:54:39
16668,22,7,555.7,0,Champions,2026-07-30 19:54:39
16670,28,9,3934.25,0,Champions,2026-07-30 19:54:39
16673,314,1,188.83,1,Lost / Lapsed,2026-07-30 19:54:39
16675,76,2,608.86,2,Occasional / Low-value,2026-07-30 19:54:39
16676,37,2,769.78,2,Occasional / Low-value,2026-07-30 19:54:39
16677,46,2,880.62,2,Occasional / Low-value,2026-07-30 19:54:39
16679,1,3,663.31,2,Occasional / Low-value,2026-07-30 19:54:39
16680,163,2,637.75,2,Occasional / Low-value,2026-07-30 19:54:39
16681,276,1,151.5,1,Lost / Lapsed,2026-07-30 19:54:39
16683,168,1,320.25,1,Lost / Lapsed,2026-07-30 19:54:39
16684,14,27,80489.21,0,Champions,2026-07-30 19:54:39
16686,24,9,2008.09,0,Champions,2026-07-30 19:54:39
16687,25,1,157.63,2,Occasional / Low-value,2026-07-30 19:54:39
16690,28,2,127.45,2,Occasional / Low-value,2026-07-30 19:54:39
16691,53,2,178.83,2,Occasional / Low-value,2026-07-30 19:54:39
16692,43,2,638.7,2,Occasional / Low-value,2026-07-30 19:54:39
16693,46,3,717.45,2,Occasional / Low-value,2026-07-30 19:54:39
16694,358,1,98.3,1,Lost / Lapsed,2026-07-30 19:54:39
16695,196,2,193.15,1,Lost / Lapsed,2026-07-30 19:54:39
16699,15,7,994.6,0,Champions,2026-07-30 19:54:39
16700,1,13,4091.16,0,Champions,2026-07-30 19:54:39
16701,58,13,4518.43,0,Champions,2026-07-30 19:54:39
16702,50,4,1110.83,2,Occasional / Low-value,2026-07-30 19:54:39
16704,253,2,695.66,1,Lost / Lapsed,2026-07-30 19:54:39
16705,35,22,29480.06,0,Champions,2026-07-30 19:54:39
16707,35,4,551.11,2,Occasional / Low-value,2026-07-30 19:54:39
16709,14,9,6057.59,0,Champions,2026-07-30 19:54:39
16710,3,13,3866.05,0,Champions,2026-07-30 19:54:39
16711,14,4,1217.45,0,Champions,2026-07-30 19:54:39
16712,36,2,621.56,2,Occasional / Low-value,2026-07-30 19:54:39
16713,1,18,7637.56,0,Champions,2026-07-30 19:54:39
16714,305,1,368.27,1,Lost / Lapsed,2026-07-30 19:54:39
16715,197,1,323.8,1,Lost / Lapsed,2026-07-30 19:54:39
16716,265,1,1248.48,1,Lost / Lapsed,2026-07-30 19:54:39
16717,1,9,3127.85,0,Champions,2026-07-30 19:54:39
16718,4,5,3023.78,0,Champions,2026-07-30 19:54:39
16719,3,8,2182.88,0,Champions,2026-07-30 19:54:39
16720,11,2,640.24,2,Occasional / Low-value,2026-07-30 19:54:39
16722,1,11,4258.27,0,Champions,2026-07-30 19:54:39
16723,78,2,712.48,2,Occasional / Low-value,2026-07-30 19:54:39
16724,39,1,147.35,2,Occasional / Low-value,2026-07-30 19:54:39
16725,6,8,1101.09,0,Champions,2026-07-30 19:54:39
16726,18,2,706.39,2,Occasional / Low-value,2026-07-30 19:54:39
16727,27,3,1164.6,2,Occasional / Low-value,2026-07-30 19:54:39
16731,283,1,174.05,1,Lost / Lapsed,2026-07-30 19:54:39
16732,38,3,3783.89,0,Champions,2026-07-30 19:54:39
16733,164,1,259.68,1,Lost / Lapsed,2026-07-30 19:54:39
16735,28,9,3970.0,0,Champions,2026-07-30 19:54:39
16736,140,5,2956.56,0,Champions,2026-07-30 19:54:39
16737,212,1,417.6,1,Lost / Lapsed,2026-07-30 19:54:39
16739,171,1,463.43,1,Lost / Lapsed,2026-07-30 19:54:39
16740,30,1,236.81,2,Occasional / Low-value,2026-07-30 19:54:39
16741,260,1,173.06,1,Lost / Lapsed,2026-07-30 19:54:39
16742,127,13,2387.71,0,Champions,2026-07-30 19:54:39
16743,91,7,2015.17,0,Champions,2026-07-30 19:54:39
16746,18,24,11368.74,0,Champions,2026-07-30 19:54:39
16748,23,9,2121.43,0,Champions,2026-07-30 19:54:39
16749,226,2,4387.08,1,Lost / Lapsed,2026-07-30 19:54:39
16752,7,1,207.5,2,Occasional / Low-value,2026-07-30 19:54:39
16754,7,29,65500.07,0,Champions,2026-07-30 19:54:39
16755,102,4,1403.75,0,Champions,2026-07-30 19:54:39
16756,39,6,1072.97,0,Champions,2026-07-30 19:54:39
16757,44,1,163.65,2,Occasional / Low-value,2026-07-30 19:54:39
16760,65,1,228.0,2,Occasional / Low-value,2026-07-30 19:54:39
16763,373,1,352.85,1,Lost / Lapsed,2026-07-30 19:54:39
16765,17,1,420.75,2,Occasional / Low-value,2026-07-30 19:54:39
16767,53,4,2493.2,0,Champions,2026-07-30 19:54:39
16768,18,6,1230.03,0,Champions,2026-07-30 19:54:39
16769,113,3,761.36,2,Occasional / Low-value,2026-07-30 19:54:39
16770,7,5,1162.03,0,Champions,2026-07-30 19:54:39
16771,92,5,1720.79,0,Champions,2026-07-30 19:54:39
16772,58,3,3723.55,0,Champions,2026-07-30 19:54:39
16773,71,2,249.65,2,Occasional / Low-value,2026-07-30 19:54:39
16774,58,4,932.93,2,Occasional / Low-value,2026-07-30 19:54:39
16775,2,6,1361.23,0,Champions,2026-07-30 19:54:39
16776,50,1,231.57,2,Occasional / Low-value,2026-07-30 19:54:39
16777,48,3,1081.41,2,Occasional / Low-value,2026-07-30 19:54:39
16779,1,32,22638.52,0,Champions,2026-07-30 19:54:39
16780,42,1,180.36,2,Occasional / Low-value,2026-07-30 19:54:39
16781,7,2,623.0,2,Occasional / Low-value,2026-07-30 19:54:39
16782,0,26,8158.51,0,Champions,2026-07-30 19:54:39
16783,71,1,391.95,2,Occasional / Low-value,2026-07-30 19:54:39
16784,11,4,788.93,2,Occasional / Low-value,2026-07-30 19:54:39
16785,44,1,533.78,2,Occasional / Low-value,2026-07-30 19:54:39
16786,28,1,51.84,2,Occasional / Low-value,2026-07-30 19:54:39
16787,32,4,1035.43,2,Occasional / Low-value,2026-07-30 19:54:39
16788,39,3,1352.82,2,Occasional / Low-value,2026-07-30 19:54:39
16791,18,8,2316.91,0,Champions,2026-07-30 19:54:39
16792,18,3,513.08,2,Occasional / Low-value,2026-07-30 19:54:39
16794,15,5,868.2,0,Champions,2026-07-30 19:54:39
16795,0,3,2077.51,0,Champions,2026-07-30 19:54:39
16797,28,5,1827.77,0,Champions,2026-07-30 19:54:39
16798,189,3,848.71,1,Lost / Lapsed,2026-07-30 19:54:39
16799,67,2,495.98,2,Occasional / Low-value,2026-07-30 19:54:39
16802,314,2,582.61,1,Lost / Lapsed,2026-07-30 19:54:39
16805,212,3,636.65,1,Lost / Lapsed,2026-07-30 19:54:39
16807,105,3,1002.29,2,Occasional / Low-value,2026-07-30 19:54:39
16809,67,4,812.74,2,Occasional / Low-value,2026-07-30 19:54:39
16810,55,1,532.5,2,Occasional / Low-value,2026-07-30 19:54:39
16812,13,3,1912.65,0,Champions,2026-07-30 19:54:39
16814,4,16,5990.61,0,Champions,2026-07-30 19:54:39
16815,88,2,410.97,2,Occasional / Low-value,2026-07-30 19:54:39
16817,3,5,1200.15,0,Champions,2026-07-30 19:54:39
16819,100,2,182.59,2,Occasional / Low-value,2026-07-30 19:54:39
16821,16,1,113.35,2,Occasional / Low-value,2026-07-30 19:54:39
16822,321,1,181.39,1,Lost / Lapsed,2026-07-30 19:54:39
16823,22,6,1901.71,0,Champions,2026-07-30 19:54:39
16824,28,1,225.6,2,Occasional / Low-value,2026-07-30 19:54:39
16825,13,3,1051.71,2,Occasional / Low-value,2026-07-30 19:54:39
16827,28,5,392.13,2,Occasional / Low-value,2026-07-30 19:54:39
16829,23,1,316.1,2,Occasional / Low-value,2026-07-30 19:54:39
16830,77,3,881.59,2,Occasional / Low-value,2026-07-30 19:54:39
16831,199,1,91.8,1,Lost / Lapsed,2026-07-30 19:54:39
16832,63,2,218.46,2,Occasional / Low-value,2026-07-30 19:54:39
16833,74,2,1302.51,2,Occasional / Low-value,2026-07-30 19:54:39
16834,309,1,485.5,1,Lost / Lapsed,2026-07-30 19:54:39
16835,8,5,1357.56,0,Champions,2026-07-30 19:54:39
16836,41,2,530.5,2,Occasional / Low-value,2026-07-30 19:54:39
16838,165,2,570.76,1,Lost / Lapsed,2026-07-30 19:54:39
16839,4,11,5716.14,0,Champions,2026-07-30 19:54:39
16840,238,2,139.85,1,Lost / Lapsed,2026-07-30 19:54:39
16841,63,6,2136.24,0,Champions,2026-07-30 19:54:39
16843,57,19,9374.86,0,Champions,2026-07-30 19:54:39
16844,197,2,614.34,1,Lost / Lapsed,2026-07-30 19:54:39
16845,253,1,253.88,1,Lost / Lapsed,2026-07-30 19:54:39
16846,212,2,628.09,1,Lost / Lapsed,2026-07-30 19:54:39
16847,253,1,421.45,1,Lost / Lapsed,2026-07-30 19:54:39
16848,11,3,1130.2,2,Occasional / Low-value,2026-07-30 19:54:39
16854,52,2,1408.96,2,Occasional / Low-value,2026-07-30 19:54:39
16856,52,2,323.09,2,Occasional / Low-value,2026-07-30 19:54:39
16857,77,1,352.8,2,Occasional / Low-value,2026-07-30 19:54:39
16858,3,10,4292.59,0,Champions,2026-07-30 19:54:39
16859,51,5,1184.6,0,Champions,2026-07-30 19:54:39
16860,87,3,1610.62,2,Occasional / Low-value,2026-07-30 19:54:39
16861,25,3,772.83,2,Occasional / Low-value,2026-07-30 19:54:39
16862,182,4,662.33,1,Lost / Lapsed,2026-07-30 19:54:39
16863,1,2,495.72,2,Occasional / Low-value,2026-07-30 19:54:39
16864,69,2,409.25,2,Occasional / Low-value,2026-07-30 19:54:39
16865,36,1,130.95,2,Occasional / Low-value,2026-07-30 19:54:39
16867,324,1,76.74,1,Lost / Lapsed,2026-07-30 19:54:39
16868,29,3,393.39,2,Occasional / Low-value,2026-07-30 19:54:39
16870,104,1,450.16,2,Occasional / Low-value,2026-07-30 19:54:39
16872,62,3,533.11,2,Occasional / Low-value,2026-07-30 19:54:39
16873,64,6,7493.77,0,Champions,2026-07-30 19:54:39
16874,14,1,217.74,2,Occasional / Low-value,2026-07-30 19:54:39
16875,72,6,2139.0,0,Champions,2026-07-30 19:54:39
16876,38,1,136.01,2,Occasional / Low-value,2026-07-30 19:54:39
16880,128,1,321.78,2,Occasional / Low-value,2026-07-30 19:54:39
16883,6,18,2119.86,0,Champions,2026-07-30 19:54:39
16884,191,2,644.08,1,Lost / Lapsed,2026-07-30 19:54:39
16885,20,1,239.23,2,Occasional / Low-value,2026-07-30 19:54:39
16886,91,1,134.0,2,Occasional / Low-value,2026-07-30 19:54:39
16887,35,2,465.84,2,Occasional / Low-value,2026-07-30 19:54:39
16888,35,3,437.15,2,Occasional / Low-value,2026-07-30 19:54:39
16889,32,3,952.23,2,Occasional / Low-value,2026-07-30 19:54:39
16890,111,3,285.41,2,Occasional / Low-value,2026-07-30 19:54:39
16891,6,7,1247.12,0,Champions,2026-07-30 19:54:39
16892,189,2,236.56,1,Lost / Lapsed,2026-07-30 19:54:39
16893,1,2,255.84,2,Occasional / Low-value,2026-07-30 19:54:39
16894,137,3,1324.06,2,Occasional / Low-value,2026-07-30 19:54:39
16895,73,4,902.28,2,Occasional / Low-value,2026-07-30 19:54:39
16896,190,1,103.95,1,Lost / Lapsed,2026-07-30 19:54:39
16898,3,3,507.56,2,Occasional / Low-value,2026-07-30 19:54:39
16899,13,2,439.46,2,Occasional / Low-value,2026-07-30 19:54:39
16901,364,1,204.26,1,Lost / Lapsed,2026-07-30 19:54:39
16903,15,2,689.04,2,Occasional / Low-value,2026-07-30 19:54:39
16904,2,7,1378.1,0,Champions,2026-07-30 19:54:39
16905,6,11,1931.72,0,Champions,2026-07-30 19:54:39
16906,63,3,869.03,2,Occasional / Low-value,2026-07-30 19:54:39
16907,0,5,726.25,2,Occasional / Low-value,2026-07-30 19:54:39
16908,357,1,252.59,1,Lost / Lapsed,2026-07-30 19:54:39
16911,270,2,255.25,1,Lost / Lapsed,2026-07-30 19:54:39
16912,56,4,1904.93,0,Champions,2026-07-30 19:54:39
16913,286,2,310.47,1,Lost / Lapsed,2026-07-30 19:54:39
16915,21,5,921.5,0,Champions,2026-07-30 19:54:39
16916,7,3,547.14,2,Occasional / Low-value,2026-07-30 19:54:39
16917,267,1,1466.31,1,Lost / Lapsed,2026-07-30 19:54:39
16918,57,10,2144.47,0,Champions,2026-07-30 19:54:39
16919,3,14,2529.46,0,Champions,2026-07-30 19:54:39
16920,46,1,355.45,2,Occasional / Low-value,2026-07-30 19:54:39
16921,77,2,276.88,2,Occasional / Low-value,2026-07-30 19:54:39
16922,207,1,611.08,1,Lost / Lapsed,2026-07-30 19:54:39
16923,10,13,6130.75,0,Champions,2026-07-30 19:54:39
16925,175,1,125.65,1,Lost / Lapsed,2026-07-30 19:54:39
16926,6,5,1191.1,0,Champions,2026-07-30 19:54:39
16928,8,13,1265.63,0,Champions,2026-07-30 19:54:39
16931,4,3,629.4,2,Occasional / Low-value,2026-07-30 19:54:39
16932,58,2,278.77,2,Occasional / Low-value,2026-07-30 19:54:39
16933,24,7,2618.02,0,Champions,2026-07-30 19:54:39
16934,18,4,1160.06,2,Occasional / Low-value,2026-07-30 19:54:39
16935,16,3,535.1,2,Occasional / Low-value,2026-07-30 19:54:39
16936,20,1,288.49,2,Occasional / Low-value,2026-07-30 19:54:39
16937,134,1,202.1,2,Occasional / Low-value,2026-07-30 19:54:39
16938,16,5,4306.8,0,Champions,2026-07-30 19:54:39
16939,123,3,449.0,2,Occasional / Low-value,2026-07-30 19:54:39
16940,85,5,3377.78,0,Champions,2026-07-30 19:54:39
16941,246,1,33.0,1,Lost / Lapsed,2026-07-30 19:54:39
16943,174,2,482.76,1,Lost / Lapsed,2026-07-30 19:54:39
16944,244,1,101.36,1,Lost / Lapsed,2026-07-30 19:54:39
16945,28,14,4202.66,0,Champions,2026-07-30 19:54:39
16946,18,5,1222.04,0,Champions,2026-07-30 19:54:39
16947,97,4,548.73,2,Occasional / Low-value,2026-07-30 19:54:39
16948,64,4,433.75,2,Occasional / Low-value,2026-07-30 19:54:39
16950,2,8,2605.81,0,Champions,2026-07-30 19:54:39
16952,76,3,631.17,2,Occasional / Low-value,2026-07-30 19:54:39
16954,14,11,3996.8,0,Champions,2026-07-30 19:54:39
16955,3,4,790.74,2,Occasional / Low-value,2026-07-30 19:54:39
16958,70,1,809.44,2,Occasional / Low-value,2026-07-30 19:54:39
16960,25,5,1536.38,0,Champions,2026-07-30 19:54:39
16961,23,2,560.39,2,Occasional / Low-value,2026-07-30 19:54:39
16962,44,1,251.04,2,Occasional / Low-value,2026-07-30 19:54:39
16964,368,2,207.85,1,Lost / Lapsed,2026-07-30 19:54:39
16970,261,1,71.4,1,Lost / Lapsed,2026-07-30 19:54:39
16972,17,2,786.25,2,Occasional / Low-value,2026-07-30 19:54:39
16973,21,1,127.0,2,Occasional / Low-value,2026-07-30 19:54:39
16974,157,2,365.5,1,Lost / Lapsed,2026-07-30 19:54:39
16975,58,3,926.12,2,Occasional / Low-value,2026-07-30 19:54:39
16977,30,4,496.0,2,Occasional / Low-value,2026-07-30 19:54:39
16978,301,2,424.55,1,Lost / Lapsed,2026-07-30 19:54:39
16979,18,3,1007.74,2,Occasional / Low-value,2026-07-30 19:54:39
16980,63,1,394.37,2,Occasional / Low-value,2026-07-30 19:54:39
16983,4,5,1778.97,0,Champions,2026-07-30 19:54:39
16984,39,7,6273.45,0,Champions,2026-07-30 19:54:39
16985,11,13,5459.04,0,Champions,2026-07-30 19:54:39
16986,80,9,3015.55,0,Champions,2026-07-30 19:54:39
16987,11,4,910.85,2,Occasional / Low-value,2026-07-30 19:54:39
16988,14,1,256.55,2,Occasional / Low-value,2026-07-30 19:54:39
16990,57,1,165.0,2,Occasional / Low-value,2026-07-30 19:54:39
16991,56,1,1041.21,2,Occasional / Low-value,2026-07-30 19:54:39
16992,22,8,3862.19,0,Champions,2026-07-30 19:54:39
16993,98,2,1950.95,2,Occasional / Low-value,2026-07-30 19:54:39
16996,17,3,666.65,2,Occasional / Low-value,2026-07-30 19:54:39
16998,79,1,107.0,2,Occasional / Low-value,2026-07-30 19:54:39
17000,31,2,406.3,2,Occasional / Low-value,2026-07-30 19:54:39
17001,11,8,2651.23,0,Champions,2026-07-30 19:54:39
17002,78,4,1077.82,2,Occasional / Low-value,2026-07-30 19:54:39
17003,37,4,830.16,2,Occasional / Low-value,2026-07-30 19:54:39
17004,27,2,1012.22,2,Occasional / Low-value,2026-07-30 19:54:39
17005,105,2,742.36,2,Occasional / Low-value,2026-07-30 19:54:39
17006,27,4,854.54,2,Occasional / Low-value,2026-07-30 19:54:39
17007,72,1,230.17,2,Occasional / Low-value,2026-07-30 19:54:39
17008,64,1,81.36,2,Occasional / Low-value,2026-07-30 19:54:39
17009,186,1,242.06,1,Lost / Lapsed,2026-07-30 19:54:39
17011,282,2,400.8,1,Lost / Lapsed,2026-07-30 19:54:39
17012,360,1,384.16,1,Lost / Lapsed,2026-07-30 19:54:39
17016,211,1,552.4,1,Lost / Lapsed,2026-07-30 19:54:39
17017,0,13,5416.35,0,Champions,2026-07-30 19:54:39
17018,22,4,1367.6,0,Champions,2026-07-30 19:54:39
17019,3,8,2739.59,0,Champions,2026-07-30 19:54:39
17020,177,2,935.62,1,Lost / Lapsed,2026-07-30 19:54:39
17021,77,6,1182.22,0,Champions,2026-07-30 19:54:39
17022,67,1,189.0,2,Occasional / Low-value,2026-07-30 19:54:39
17023,52,3,800.18,2,Occasional / Low-value,2026-07-30 19:54:39
17025,8,4,1152.87,0,Champions,2026-07-30 19:54:39
17026,4,2,54.15,2,Occasional / Low-value,2026-07-30 19:54:39
17027,81,3,436.82,2,Occasional / Low-value,2026-07-30 19:54:39
17028,216,3,1593.83,1,Lost / Lapsed,2026-07-30 19:54:39
17029,17,5,1421.3,0,Champions,2026-07-30 19:54:39
17031,13,4,2393.5,0,Champions,2026-07-30 19:54:39
17032,182,8,3004.6,0,Champions,2026-07-30 19:54:39
17033,32,1,302.65,2,Occasional / Low-value,2026-07-30 19:54:39
17034,44,2,538.4,2,Occasional / Low-value,2026-07-30 19:54:39
17035,226,2,180.06,1,Lost / Lapsed,2026-07-30 19:54:39
17036,18,1,176.9,2,Occasional / Low-value,2026-07-30 19:54:39
17038,50,1,630.77,2,Occasional / Low-value,2026-07-30 19:54:39
17039,239,1,1954.99,1,Lost / Lapsed,2026-07-30 19:54:39
17040,185,1,13.52,1,Lost / Lapsed,2026-07-30 19:54:39
17041,32,3,604.71,2,Occasional / Low-value,2026-07-30 19:54:39
17043,10,4,881.37,2,Occasional / Low-value,2026-07-30 19:54:39
17044,9,11,11013.82,0,Champions,2026-07-30 19:54:39
17045,11,2,488.24,2,Occasional / Low-value,2026-07-30 19:54:39
17046,79,4,1264.05,2,Occasional / Low-value,2026-07-30 19:54:39
17047,66,3,1188.33,2,Occasional / Low-value,2026-07-30 19:54:39
17048,72,4,1146.33,2,Occasional / Low-value,2026-07-30 19:54:39
17049,10,10,4287.5,0,Champions,2026-07-30 19:54:39
17050,10,5,1462.95,0,Champions,2026-07-30 19:54:39
17051,81,3,467.25,2,Occasional / Low-value,2026-07-30 19:54:39
17055,80,1,239.55,2,Occasional / Low-value,2026-07-30 19:54:39
17056,373,1,128.6,1,Lost / Lapsed,2026-07-30 19:54:39
17057,231,1,294.74,1,Lost / Lapsed,2026-07-30 19:54:39
17059,4,5,2507.49,0,Champions,2026-07-30 19:54:39
17062,0,4,669.85,2,Occasional / Low-value,2026-07-30 19:54:39
17063,42,6,2177.39,0,Champions,2026-07-30 19:54:39
17065,272,2,194.7,1,Lost / Lapsed,2026-07-30 19:54:39
17066,361,1,228.34,1,Lost / Lapsed,2026-07-30 19:54:39
17067,359,3,454.54,1,Lost / Lapsed,2026-07-30 19:54:39
17068,3,27,4608.94,0,Champions,2026-07-30 19:54:39
17069,8,6,3084.58,0,Champions,2026-07-30 19:54:39
17070,45,1,133.18,2,Occasional / Low-value,2026-07-30 19:54:39
17071,16,4,1372.17,0,Champions,2026-07-30 19:54:39
17072,260,1,282.05,1,Lost / Lapsed,2026-07-30 19:54:39
17074,197,1,203.05,1,Lost / Lapsed,2026-07-30 19:54:39
17075,64,6,1407.61,0,Champions,2026-07-30 19:54:39
17076,27,3,401.67,2,Occasional / Low-value,2026-07-30 19:54:39
17077,213,1,306.0,1,Lost / Lapsed,2026-07-30 19:54:39
17080,14,5,669.91,2,Occasional / Low-value,2026-07-30 19:54:39
17081,30,4,674.23,2,Occasional / Low-value,2026-07-30 19:54:39
17082,29,4,2728.18,0,Champions,2026-07-30 19:54:39
17083,44,6,2644.01,0,Champions,2026-07-30 19:54:39
17084,31,1,2253.22,2,Occasional / Low-value,2026-07-30 19:54:39
17085,11,23,6324.76,0,Champions,2026-07-30 19:54:39
17087,372,1,221.53,1,Lost / Lapsed,2026-07-30 19:54:39
17089,21,1,128.45,2,Occasional / Low-value,2026-07-30 19:54:39
17090,9,6,1105.53,0,Champions,2026-07-30 19:54:39
17091,2,11,3983.34,0,Champions,2026-07-30 19:54:39
17092,72,7,3817.18,0,Champions,2026-07-30 19:54:39
17093,227,1,235.88,1,Lost / Lapsed,2026-07-30 19:54:39
17094,58,1,100.2,2,Occasional / Low-value,2026-07-30 19:54:39
17095,65,4,1248.09,2,Occasional / Low-value,2026-07-30 19:54:39
17096,18,7,2737.05,0,Champions,2026-07-30 19:54:39
17097,0,2,386.03,2,Occasional / Low-value,2026-07-30 19:54:39
17098,16,3,591.07,2,Occasional / Low-value,2026-07-30 19:54:39
17099,168,1,582.17,1,Lost / Lapsed,2026-07-30 19:54:39
17101,29,3,885.32,2,Occasional / Low-value,2026-07-30 19:54:39
17103,357,1,424.3,1,Lost / Lapsed,2026-07-30 19:54:39
17104,58,1,474.03,2,Occasional / Low-value,2026-07-30 19:54:39
17106,24,1,491.23,2,Occasional / Low-value,2026-07-30 19:54:39
17107,32,4,5259.99,0,Champions,2026-07-30 19:54:39
17108,298,1,174.95,1,Lost / Lapsed,2026-07-30 19:54:39
17109,41,2,410.42,2,Occasional / Low-value,2026-07-30 19:54:39
17110,155,2,347.4,1,Lost / Lapsed,2026-07-30 19:54:39
17111,60,1,227.97,2,Occasional / Low-value,2026-07-30 19:54:39
17112,137,1,205.17,1,Lost / Lapsed,2026-07-30 19:54:39
17113,209,6,2322.59,0,Champions,2026-07-30 19:54:39
17115,183,4,1923.99,0,Champions,2026-07-30 19:54:39
17116,283,1,389.78,1,Lost / Lapsed,2026-07-30 19:54:39
17121,37,1,314.74,2,Occasional / Low-value,2026-07-30 19:54:39
17122,23,3,432.18,2,Occasional / Low-value,2026-07-30 19:54:39
17123,74,2,631.87,2,Occasional / Low-value,2026-07-30 19:54:39
17126,16,4,1065.69,2,Occasional / Low-value,2026-07-30 19:54:39
17127,63,5,1155.03,0,Champions,2026-07-30 19:54:39
17129,155,1,31.85,1,Lost / Lapsed,2026-07-30 19:54:39
17132,87,2,1272.8,2,Occasional / Low-value,2026-07-30 19:54:39
17133,109,5,9730.09,0,Champions,2026-07-30 19:54:39
17134,77,1,212.1,2,Occasional / Low-value,2026-07-30 19:54:39
17135,6,4,814.43,2,Occasional / Low-value,2026-07-30 19:54:39
17136,297,1,231.68,1,Lost / Lapsed,2026-07-30 19:54:39
17137,51,6,1133.63,0,Champions,2026-07-30 19:54:39
17138,24,6,4036.77,0,Champions,2026-07-30 19:54:39
17139,24,13,8915.99,0,Champions,2026-07-30 19:54:39
17141,53,4,754.33,2,Occasional / Low-value,2026-07-30 19:54:39
17142,39,3,704.75,2,Occasional / Low-value,2026-07-30 19:54:39
17143,52,2,924.11,2,Occasional / Low-value,2026-07-30 19:54:39
17145,147,4,3120.91,0,Champions,2026-07-30 19:54:39
17146,70,10,5110.46,0,Champions,2026-07-30 19:54:39
17147,87,5,1485.36,0,Champions,2026-07-30 19:54:39
17149,86,1,143.1,2,Occasional / Low-value,2026-07-30 19:54:39
17150,11,6,1375.65,0,Champions,2026-07-30 19:54:39
17151,370,1,231.9,1,Lost / Lapsed,2026-07-30 19:54:39
17152,60,1,327.0,2,Occasional / Low-value,2026-07-30 19:54:39
17155,162,5,640.76,2,Occasional / Low-value,2026-07-30 19:54:39
17156,126,1,591.87,2,Occasional / Low-value,2026-07-30 19:54:39
17157,115,17,4832.9,0,Champions,2026-07-30 19:54:39
17158,182,2,713.03,1,Lost / Lapsed,2026-07-30 19:54:39
17159,112,2,560.71,2,Occasional / Low-value,2026-07-30 19:54:39
17160,9,11,6691.13,0,Champions,2026-07-30 19:54:39
17161,79,1,856.01,2,Occasional / Low-value,2026-07-30 19:54:39
17163,80,2,406.68,2,Occasional / Low-value,2026-07-30 19:54:39
17165,16,5,1635.64,0,Champions,2026-07-30 19:54:39
17167,14,3,867.11,2,Occasional / Low-value,2026-07-30 19:54:39
17168,133,1,400.2,2,Occasional / Low-value,2026-07-30 19:54:39
17169,213,1,320.95,1,Lost / Lapsed,2026-07-30 19:54:39
17170,9,2,178.68,2,Occasional / Low-value,2026-07-30 19:54:39
17171,296,1,159.68,1,Lost / Lapsed,2026-07-30 19:54:39
17172,65,2,638.81,2,Occasional / Low-value,2026-07-30 19:54:39
17176,161,2,596.19,2,Occasional / Low-value,2026-07-30 19:54:39
17177,140,1,119.5,1,Lost / Lapsed,2026-07-30 19:54:39
17178,366,1,436.71,1,Lost / Lapsed,2026-07-30 19:54:39
17179,17,3,795.47,2,Occasional / Low-value,2026-07-30 19:54:39
17180,57,7,1460.95,0,Champions,2026-07-30 19:54:39
17181,8,2,225.45,2,Occasional / Low-value,2026-07-30 19:54:39
17182,57,2,321.3,2,Occasional / Low-value,2026-07-30 19:54:39
17184,204,2,198.41,1,Lost / Lapsed,2026-07-30 19:54:39
17185,226,3,229.46,1,Lost / Lapsed,2026-07-30 19:54:39
17187,161,1,263.76,1,Lost / Lapsed,2026-07-30 19:54:39
17188,81,6,2118.7,0,Champions,2026-07-30 19:54:39
17189,196,3,573.23,1,Lost / Lapsed,2026-07-30 19:54:39
17190,38,5,1298.3,0,Champions,2026-07-30 19:54:39
17191,3,11,2740.92,0,Champions,2026-07-30 19:54:39
17192,171,1,77.83,1,Lost / Lapsed,2026-07-30 19:54:39
17193,21,2,610.74,2,Occasional / Low-value,2026-07-30 19:54:39
17194,165,1,549.88,1,Lost / Lapsed,2026-07-30 19:54:39
17195,290,1,562.98,1,Lost / Lapsed,2026-07-30 19:54:39
17196,62,1,352.9,2,Occasional / Low-value,2026-07-30 19:54:39
17198,0,2,521.66,2,Occasional / Low-value,2026-07-30 19:54:39
17199,217,1,145.12,1,Lost / Lapsed,2026-07-30 19:54:39
17200,22,4,356.71,2,Occasional / Low-value,2026-07-30 19:54:39
17201,158,3,899.41,2,Occasional / Low-value,2026-07-30 19:54:39
17202,55,1,160.65,2,Occasional / Low-value,2026-07-30 19:54:39
17203,23,4,2012.03,0,Champions,2026-07-30 19:54:39
17204,9,5,3940.13,0,Champions,2026-07-30 19:54:39
17205,51,2,615.27,2,Occasional / Low-value,2026-07-30 19:54:39
17207,287,1,303.22,1,Lost / Lapsed,2026-07-30 19:54:39
17208,30,1,115.35,2,Occasional / Low-value,2026-07-30 19:54:39
17209,284,3,611.6,1,Lost / Lapsed,2026-07-30 19:54:39
17210,27,1,253.37,2,Occasional / Low-value,2026-07-30 19:54:39
17211,4,6,1729.43,0,Champions,2026-07-30 19:54:39
17212,93,2,567.56,2,Occasional / Low-value,2026-07-30 19:54:39
17213,1,7,2401.07,0,Champions,2026-07-30 19:54:39
17215,99,1,186.15,2,Occasional / Low-value,2026-07-30 19:54:39
17216,189,1,65.05,1,Lost / Lapsed,2026-07-30 19:54:39
17217,254,1,104.5,1,Lost / Lapsed,2026-07-30 19:54:39
17218,3,9,2231.96,0,Champions,2026-07-30 19:54:39
17219,51,1,144.9,2,Occasional / Low-value,2026-07-30 19:54:39
17220,52,7,1283.5,0,Champions,2026-07-30 19:54:39
17221,226,3,643.39,1,Lost / Lapsed,2026-07-30 19:54:39
17222,112,5,1250.86,0,Champions,2026-07-30 19:54:39
17223,3,2,446.74,2,Occasional / Low-value,2026-07-30 19:54:39
17224,136,1,100.86,1,Lost / Lapsed,2026-07-30 19:54:39
17225,216,1,131.15,1,Lost / Lapsed,2026-07-30 19:54:39
17226,79,2,506.63,2,Occasional / Low-value,2026-07-30 19:54:39
17227,3,7,1082.71,0,Champions,2026-07-30 19:54:39
17228,2,7,1271.15,0,Champions,2026-07-30 19:54:39
17230,198,10,6286.54,0,Champions,2026-07-30 19:54:39
17231,24,15,4022.72,0,Champions,2026-07-30 19:54:39
17233,83,2,369.98,2,Occasional / Low-value,2026-07-30 19:54:39
17235,7,7,1354.82,0,Champions,2026-07-30 19:54:39
17236,45,6,1013.13,0,Champions,2026-07-30 19:54:39
17237,10,2,687.39,2,Occasional / Low-value,2026-07-30 19:54:39
17238,6,17,4038.45,0,Champions,2026-07-30 19:54:39
17239,22,3,806.95,2,Occasional / Low-value,2026-07-30 19:54:39
17240,231,1,130.6,1,Lost / Lapsed,2026-07-30 19:54:39
17241,20,12,2744.14,0,Champions,2026-07-30 19:54:39
17242,91,3,1754.24,2,Occasional / Low-value,2026-07-30 19:54:39
17243,4,44,12213.01,0,Champions,2026-07-30 19:54:39
17244,18,4,871.14,2,Occasional / Low-value,2026-07-30 19:54:39
17245,324,1,200.18,1,Lost / Lapsed,2026-07-30 19:54:39
17246,181,2,38.92,1,Lost / Lapsed,2026-07-30 19:54:39
17248,116,1,227.51,2,Occasional / Low-value,2026-07-30 19:54:39
17249,63,1,68.03,2,Occasional / Low-value,2026-07-30 19:54:39
17251,17,2,529.15,2,Occasional / Low-value,2026-07-30 19:54:39
17254,36,1,198.29,2,Occasional / Low-value,2026-07-30 19:54:39
17255,25,2,500.72,2,Occasional / Low-value,2026-07-30 19:54:39
17256,116,3,258.93,2,Occasional / Low-value,2026-07-30 19:54:39
17257,71,2,192.73,2,Occasional / Low-value,2026-07-30 19:54:39
17258,31,2,417.3,2,Occasional / Low-value,2026-07-30 19:54:39
17259,3,5,1285.97,0,Champions,2026-07-30 19:54:39
17260,46,1,120.95,2,Occasional / Low-value,2026-07-30 19:54:39
17261,144,1,230.44,1,Lost / Lapsed,2026-07-30 19:54:39
17262,1,7,1504.26,0,Champions,2026-07-30 19:54:39
17264,59,1,279.59,2,Occasional / Low-value,2026-07-30 19:54:39
17266,134,2,207.09,2,Occasional / Low-value,2026-07-30 19:54:39
17268,80,7,970.25,0,Champions,2026-07-30 19:54:39
17269,20,1,537.46,2,Occasional / Low-value,2026-07-30 19:54:39
17270,104,2,604.4,2,Occasional / Low-value,2026-07-30 19:54:39
17271,371,1,210.39,1,Lost / Lapsed,2026-07-30 19:54:39
17273,59,1,141.12,2,Occasional / Low-value,2026-07-30 19:54:39
17274,30,1,465.4,2,Occasional / Low-value,2026-07-30 19:54:39
17275,18,1,114.52,2,Occasional / Low-value,2026-07-30 19:54:39
17276,37,1,508.39,2,Occasional / Low-value,2026-07-30 19:54:39
17278,200,1,25.2,1,Lost / Lapsed,2026-07-30 19:54:39
17280,73,1,118.86,2,Occasional / Low-value,2026-07-30 19:54:39
17281,9,6,797.85,0,Champions,2026-07-30 19:54:39
17282,91,2,636.25,2,Occasional / Low-value,2026-07-30 19:54:39
17283,13,1,188.46,2,Occasional / Low-value,2026-07-30 19:54:39
17284,24,2,1140.58,2,Occasional / Low-value,2026-07-30 19:54:39
17285,263,2,428.34,1,Lost / Lapsed,2026-07-30 19:54:39
17286,35,2,241.56,2,Occasional / Low-value,2026-07-30 19:54:39
17287,2,16,3047.85,0,Champions,2026-07-30 19:54:39
17288,25,4,1080.25,2,Occasional / Low-value,2026-07-30 19:54:39
17289,11,6,1134.98,0,Champions,2026-07-30 19:54:39
17290,16,6,976.2,0,Champions,2026-07-30 19:54:39
17292,107,2,271.75,2,Occasional / Low-value,2026-07-30 19:54:39
17293,29,8,1899.12,0,Champions,2026-07-30 19:54:39
17294,304,2,467.79,1,Lost / Lapsed,2026-07-30 19:54:39
17296,365,1,338.13,1,Lost / Lapsed,2026-07-30 19:54:39
17298,9,3,459.14,2,Occasional / Low-value,2026-07-30 19:54:39
17299,74,2,346.97,2,Occasional / Low-value,2026-07-30 19:54:39
17300,25,2,393.64,2,Occasional / Low-value,2026-07-30 19:54:39
17301,259,1,132.8,1,Lost / Lapsed,2026-07-30 19:54:39
17304,169,1,111.5,1,Lost / Lapsed,2026-07-30 19:54:39
17305,283,1,2135.46,1,Lost / Lapsed,2026-07-30 19:54:39
17306,28,2,1151.04,2,Occasional / Low-value,2026-07-30 19:54:39
17307,30,11,3999.89,0,Champions,2026-07-30 19:54:39
17308,28,2,4511.76,0,Champions,2026-07-30 19:54:39
17309,16,2,247.84,2,Occasional / Low-value,2026-07-30 19:54:39
17310,22,2,1025.1,2,Occasional / Low-value,2026-07-30 19:54:39
17311,27,4,2181.71,0,Champions,2026-07-30 19:54:39
17314,28,9,2376.51,0,Champions,2026-07-30 19:54:39
17315,10,5,3358.34,0,Champions,2026-07-30 19:54:39
17316,55,1,124.45,2,Occasional / Low-value,2026-07-30 19:54:39
17318,360,1,164.28,1,Lost / Lapsed,2026-07-30 19:54:39
17319,304,1,29.1,1,Lost / Lapsed,2026-07-30 19:54:39
17320,3,4,1695.15,0,Champions,2026-07-30 19:54:39
17321,29,4,1040.32,2,Occasional / Low-value,2026-07-30 19:54:39
17322,11,5,922.59,0,Champions,2026-07-30 19:54:39
17323,42,5,644.52,2,Occasional / Low-value,2026-07-30 19:54:39
17324,1,9,1311.64,0,Champions,2026-07-30 19:54:39
17325,45,2,512.77,2,Occasional / Low-value,2026-07-30 19:54:39
17326,43,2,321.95,2,Occasional / Low-value,2026-07-30 19:54:39
17327,44,2,152.35,2,Occasional / Low-value,2026-07-30 19:54:39
17328,308,1,104.7,1,Lost / Lapsed,2026-07-30 19:54:39
17329,366,3,481.32,1,Lost / Lapsed,2026-07-30 19:54:39
17330,179,2,59.9,1,Lost / Lapsed,2026-07-30 19:54:39
17332,163,5,838.27,2,Occasional / Low-value,2026-07-30 19:54:39
17334,41,1,328.13,2,Occasional / Low-value,2026-07-30 19:54:39
17335,18,2,508.0,2,Occasional / Low-value,2026-07-30 19:54:39
17336,107,1,81.12,2,Occasional / Low-value,2026-07-30 19:54:39
17338,10,9,5498.64,0,Champions,2026-07-30 19:54:39
17339,0,2,119.0,2,Occasional / Low-value,2026-07-30 19:54:39
17340,1,8,10051.53,0,Champions,2026-07-30 19:54:39
17341,1,3,1108.47,2,Occasional / Low-value,2026-07-30 19:54:39
17342,14,4,1227.54,0,Champions,2026-07-30 19:54:39
17343,11,5,1066.3,0,Champions,2026-07-30 19:54:39
17344,363,1,307.54,1,Lost / Lapsed,2026-07-30 19:54:39
17345,10,6,1066.94,0,Champions,2026-07-30 19:54:39
17346,8,12,2646.44,0,Champions,2026-07-30 19:54:39
17348,72,4,1316.89,0,Champions,2026-07-30 19:54:39
17349,15,4,741.5,2,Occasional / Low-value,2026-07-30 19:54:39
17350,29,3,619.97,2,Occasional / Low-value,2026-07-30 19:54:39
17351,62,9,1401.08,0,Champions,2026-07-30 19:54:39
17352,331,1,36.25,1,Lost / Lapsed,2026-07-30 19:54:39
17353,126,2,1502.0,2,Occasional / Low-value,2026-07-30 19:54:39
17354,63,3,1750.4,2,Occasional / Low-value,2026-07-30 19:54:39
17355,21,1,285.11,2,Occasional / Low-value,2026-07-30 19:54:39
17356,189,4,768.25,1,Lost / Lapsed,2026-07-30 19:54:39
17358,11,3,500.2,2,Occasional / Low-value,2026-07-30 19:54:39
17359,283,1,156.6,1,Lost / Lapsed,2026-07-30 19:54:39
17360,20,3,645.59,2,Occasional / Low-value,2026-07-30 19:54:39
17361,311,2,392.44,1,Lost / Lapsed,2026-07-30 19:54:39
17362,35,5,711.81,2,Occasional / Low-value,2026-07-30 19:54:39
17363,30,3,940.86,2,Occasional / Low-value,2026-07-30 19:54:39
17364,11,17,7589.24,0,Champions,2026-07-30 19:54:39
17365,21,7,3423.42,0,Champions,2026-07-30 19:54:39
17366,67,2,1096.24,2,Occasional / Low-value,2026-07-30 19:54:39
17368,10,6,913.47,0,Champions,2026-07-30 19:54:39
17369,90,1,979.2,2,Occasional / Low-value,2026-07-30 19:54:39
17371,258,3,238.66,1,Lost / Lapsed,2026-07-30 19:54:39
17372,16,20,3034.88,0,Champions,2026-07-30 19:54:39
17373,53,3,520.58,2,Occasional / Low-value,2026-07-30 19:54:39
17374,30,1,231.34,2,Occasional / Low-value,2026-07-30 19:54:39
17375,66,1,260.45,2,Occasional / Low-value,2026-07-30 19:54:39
17376,39,2,250.44,2,Occasional / Low-value,2026-07-30 19:54:39
17377,0,60,14218.49,0,Champions,2026-07-30 19:54:39
17378,9,1,10.95,2,Occasional / Low-value,2026-07-30 19:54:39
17380,69,3,645.0,2,Occasional / Low-value,2026-07-30 19:54:39
17381,3,12,19726.76,0,Champions,2026-07-30 19:54:39
17382,70,7,836.88,0,Champions,2026-07-30 19:54:39
17383,88,1,110.7,2,Occasional / Low-value,2026-07-30 19:54:39
17384,102,1,171.15,2,Occasional / Low-value,2026-07-30 19:54:39
17386,20,1,126.35,2,Occasional / Low-value,2026-07-30 19:54:39
17388,55,7,1432.01,0,Champions,2026-07-30 19:54:39
17389,9,27,25391.0,0,Champions,2026-07-30 19:54:39
17390,55,1,149.3,2,Occasional / Low-value,2026-07-30 19:54:39
17392,85,1,168.65,2,Occasional / Low-value,2026-07-30 19:54:39
17393,45,2,381.15,2,Occasional / Low-value,2026-07-30 19:54:39
17395,143,1,97.5,1,Lost / Lapsed,2026-07-30 19:54:39
17396,6,7,1476.3,0,Champions,2026-07-30 19:54:39
17397,51,1,536.77,2,Occasional / Low-value,2026-07-30 19:54:39
17400,216,3,2547.09,1,Lost / Lapsed,2026-07-30 19:54:39
17401,176,1,114.85,1,Lost / Lapsed,2026-07-30 19:54:39
17402,4,12,2462.33,0,Champions,2026-07-30 19:54:39
17403,85,1,118.95,2,Occasional / Low-value,2026-07-30 19:54:39
17404,44,8,15874.3,0,Champions,2026-07-30 19:54:39
17406,1,11,2704.63,0,Champions,2026-07-30 19:54:39
17407,46,1,552.9,2,Occasional / Low-value,2026-07-30 19:54:39
17408,135,2,283.44,2,Occasional / Low-value,2026-07-30 19:54:39
17409,56,8,7021.66,0,Champions,2026-07-30 19:54:39
17411,21,2,646.44,2,Occasional / Low-value,2026-07-30 19:54:39
17412,7,10,3159.46,0,Champions,2026-07-30 19:54:39
17413,39,2,560.14,2,Occasional / Low-value,2026-07-30 19:54:39
17414,58,4,1471.52,0,Champions,2026-07-30 19:54:39
17416,28,15,10405.03,0,Champions,2026-07-30 19:54:39
17417,183,1,164.18,1,Lost / Lapsed,2026-07-30 19:54:39
17418,22,1,206.6,2,Occasional / Low-value,2026-07-30 19:54:39
17419,2,8,2273.95,0,Champions,2026-07-30 19:54:39
17420,8,4,485.6,2,Occasional / Low-value,2026-07-30 19:54:39
17421,21,3,1059.41,2,Occasional / Low-value,2026-07-30 19:54:39
17422,16,5,1615.39,0,Champions,2026-07-30 19:54:39
17423,28,1,420.54,2,Occasional / Low-value,2026-07-30 19:54:39
17426,87,7,3040.51,0,Champions,2026-07-30 19:54:39
17428,3,18,14562.91,0,Champions,2026-07-30 19:54:39
17429,31,2,832.54,2,Occasional / Low-value,2026-07-30 19:54:39
17430,0,3,469.41,2,Occasional / Low-value,2026-07-30 19:54:39
17432,20,7,1385.63,0,Champions,2026-07-30 19:54:39
17433,20,1,266.8,2,Occasional / Low-value,2026-07-30 19:54:39
17435,46,1,331.35,2,Occasional / Low-value,2026-07-30 19:54:39
17436,43,3,317.76,2,Occasional / Low-value,2026-07-30 19:54:39
17437,164,1,373.17,1,Lost / Lapsed,2026-07-30 19:54:39
17438,79,4,1034.32,2,Occasional / Low-value,2026-07-30 19:54:39
17439,290,1,325.74,1,Lost / Lapsed,2026-07-30 19:54:39
17440,184,1,137.16,1,Lost / Lapsed,2026-07-30 19:54:39
17441,367,1,293.35,1,Lost / Lapsed,2026-07-30 19:54:39
17442,16,9,2371.74,0,Champions,2026-07-30 19:54:39
17448,132,46,14556.97,0,Champions,2026-07-30 19:54:39
17449,22,6,2430.29,0,Champions,2026-07-30 19:54:39
17450,2,7,52422.3,0,Champions,2026-07-30 19:54:39
17454,97,6,1030.41,0,Champions,2026-07-30 19:54:39
17456,0,2,975.56,2,Occasional / Low-value,2026-07-30 19:54:39
17457,14,9,4247.11,0,Champions,2026-07-30 19:54:39
17458,16,1,213.08,2,Occasional / Low-value,2026-07-30 19:54:39
17460,7,12,1605.84,0,Champions,2026-07-30 19:54:39
17463,195,2,661.5,1,Lost / Lapsed,2026-07-30 19:54:39
17464,157,2,710.98,2,Occasional / Low-value,2026-07-30 19:54:39
17465,60,7,2542.79,0,Champions,2026-07-30 19:54:39
17467,30,1,102.6,2,Occasional / Low-value,2026-07-30 19:54:39
17468,10,1,57.8,2,Occasional / Low-value,2026-07-30 19:54:39
17469,35,12,3180.28,0,Champions,2026-07-30 19:54:39
17470,2,7,1679.8,0,Champions,2026-07-30 19:54:39
17471,109,1,321.65,2,Occasional / Low-value,2026-07-30 19:54:39
17472,263,1,224.81,1,Lost / Lapsed,2026-07-30 19:54:39
17473,43,2,607.0,2,Occasional / Low-value,2026-07-30 19:54:39
17474,234,1,1047.0,1,Lost / Lapsed,2026-07-30 19:54:39
17476,30,2,489.86,2,Occasional / Low-value,2026-07-30 19:54:39
17477,247,2,1144.3,1,Lost / Lapsed,2026-07-30 19:54:39
17478,43,2,1272.8,2,Occasional / Low-value,2026-07-30 19:54:39
17479,267,1,389.26,1,Lost / Lapsed,2026-07-30 19:54:39
17480,79,1,390.21,2,Occasional / Low-value,2026-07-30 19:54:39
17482,122,2,778.19,2,Occasional / Low-value,2026-07-30 19:54:39
17483,49,1,177.69,2,Occasional / Low-value,2026-07-30 19:54:39
17484,211,2,209.57,1,Lost / Lapsed,2026-07-30 19:54:39
17487,363,1,160.55,1,Lost / Lapsed,2026-07-30 19:54:39
17488,276,1,336.5,1,Lost / Lapsed,2026-07-30 19:54:39
17490,23,2,658.18,2,Occasional / Low-value,2026-07-30 19:54:39
17491,2,8,2422.2,0,Champions,2026-07-30 19:54:39
17492,113,2,747.85,2,Occasional / Low-value,2026-07-30 19:54:39
17493,20,1,100.91,2,Occasional / Low-value,2026-07-30 19:54:39
17494,136,1,54.7,1,Lost / Lapsed,2026-07-30 19:54:39
17495,25,1,309.16,2,Occasional / Low-value,2026-07-30 19:54:39
17496,198,3,1141.84,1,Lost / Lapsed,2026-07-30 19:54:39
17497,25,2,287.25,2,Occasional / Low-value,2026-07-30 19:54:39
17499,196,1,718.51,1,Lost / Lapsed,2026-07-30 19:54:39
17504,15,9,6568.09,0,Champions,2026-07-30 19:54:39
17505,185,3,1289.64,1,Lost / Lapsed,2026-07-30 19:54:39
17508,16,7,4191.92,0,Champions,2026-07-30 19:54:39
17510,55,1,206.08,2,Occasional / Low-value,2026-07-30 19:54:39
17511,2,31,84541.17,0,Champions,2026-07-30 19:54:39
17512,87,8,2542.83,0,Champions,2026-07-30 19:54:39
17513,43,2,645.6,2,Occasional / Low-value,2026-07-30 19:54:39
17514,304,1,334.18,1,Lost / Lapsed,2026-07-30 19:54:39
17515,29,5,978.44,0,Champions,2026-07-30 19:54:39
17516,13,1,189.47,2,Occasional / Low-value,2026-07-30 19:54:39
17518,60,2,329.42,2,Occasional / Low-value,2026-07-30 19:54:39
17519,3,10,3265.45,0,Champions,2026-07-30 19:54:39
17521,29,2,554.85,2,Occasional / Low-value,2026-07-30 19:54:39
17524,73,2,394.14,2,Occasional / Low-value,2026-07-30 19:54:39
17525,32,2,739.2,2,Occasional / Low-value,2026-07-30 19:54:39
17526,0,9,2970.14,0,Champions,2026-07-30 19:54:39
17529,245,2,1240.25,1,Lost / Lapsed,2026-07-30 19:54:39
17530,0,3,756.51,2,Occasional / Low-value,2026-07-30 19:54:39
17531,162,2,970.12,2,Occasional / Low-value,2026-07-30 19:54:39
17532,20,1,65.34,2,Occasional / Low-value,2026-07-30 19:54:39
17533,69,1,34.8,2,Occasional / Low-value,2026-07-30 19:54:39
17534,86,4,1445.47,0,Champions,2026-07-30 19:54:39
17536,55,2,288.33,2,Occasional / Low-value,2026-07-30 19:54:39
17539,252,4,1226.57,1,Lost / Lapsed,2026-07-30 19:54:39
17540,18,4,1011.7,2,Occasional / Low-value,2026-07-30 19:54:39
17541,144,1,124.46,1,Lost / Lapsed,2026-07-30 19:54:39
17542,276,2,170.95,1,Lost / Lapsed,2026-07-30 19:54:39
17543,184,1,120.05,1,Lost / Lapsed,2026-07-30 19:54:39
17544,25,3,960.69,2,Occasional / Low-value,2026-07-30 19:54:39
17545,25,3,802.58,2,Occasional / Low-value,2026-07-30 19:54:39
17547,10,2,727.85,2,Occasional / Low-value,2026-07-30 19:54:39
17548,13,3,627.96,2,Occasional / Low-value,2026-07-30 19:54:39
17550,32,6,2280.48,0,Champions,2026-07-30 19:54:39
17552,7,10,2154.88,0,Champions,2026-07-30 19:54:39
17553,107,3,2270.0,0,Champions,2026-07-30 19:54:39
17555,60,3,574.48,2,Occasional / Low-value,2026-07-30 19:54:39
17556,14,1,142.77,2,Occasional / Low-value,2026-07-30 19:54:39
17557,367,1,34.0,1,Lost / Lapsed,2026-07-30 19:54:39
17558,28,1,259.17,2,Occasional / Low-value,2026-07-30 19:54:39
17559,147,1,167.62,1,Lost / Lapsed,2026-07-30 19:54:39
17560,30,4,1040.85,2,Occasional / Low-value,2026-07-30 19:54:39
17561,25,3,554.72,2,Occasional / Low-value,2026-07-30 19:54:39
17563,213,2,392.38,1,Lost / Lapsed,2026-07-30 19:54:39
17565,221,1,131.83,1,Lost / Lapsed,2026-07-30 19:54:39
17567,7,2,1024.55,2,Occasional / Low-value,2026-07-30 19:54:39
17568,268,1,382.79,1,Lost / Lapsed,2026-07-30 19:54:39
17570,16,1,100.0,2,Occasional / Low-value,2026-07-30 19:54:39
17571,177,1,205.24,1,Lost / Lapsed,2026-07-30 19:54:39
17572,8,7,496.26,0,Champions,2026-07-30 19:54:39
17575,302,1,171.7,1,Lost / Lapsed,2026-07-30 19:54:39
17576,0,23,5434.13,0,Champions,2026-07-30 19:54:39
17577,280,2,348.75,1,Lost / Lapsed,2026-07-30 19:54:39
17578,109,6,903.87,0,Champions,2026-07-30 19:54:39
17579,213,1,304.38,1,Lost / Lapsed,2026-07-30 19:54:39
17580,11,2,329.55,2,Occasional / Low-value,2026-07-30 19:54:39
17581,7,20,7712.71,0,Champions,2026-07-30 19:54:39
17582,81,4,1275.43,2,Occasional / Low-value,2026-07-30 19:54:39
17583,195,1,135.95,1,Lost / Lapsed,2026-07-30 19:54:39
17584,102,4,4067.12,0,Champions,2026-07-30 19:54:39
17585,80,3,960.23,2,Occasional / Low-value,2026-07-30 19:54:39
17586,254,1,167.4,1,Lost / Lapsed,2026-07-30 19:54:39
17587,263,1,181.66,1,Lost / Lapsed,2026-07-30 19:54:39
17588,31,4,1699.35,0,Champions,2026-07-30 19:54:39
17589,20,14,11645.7,0,Champions,2026-07-30 19:54:39
17591,2,2,550.7,2,Occasional / Low-value,2026-07-30 19:54:39
17592,373,1,148.3,1,Lost / Lapsed,2026-07-30 19:54:39
17593,44,6,4168.46,0,Champions,2026-07-30 19:54:39
17594,84,2,1504.7,2,Occasional / Low-value,2026-07-30 19:54:39
17596,3,7,2092.74,0,Champions,2026-07-30 19:54:39
17597,53,4,1439.72,0,Champions,2026-07-30 19:54:39
17598,16,1,409.98,2,Occasional / Low-value,2026-07-30 19:54:39
17599,112,1,52.05,2,Occasional / Low-value,2026-07-30 19:54:39
17601,15,1,305.47,2,Occasional / Low-value,2026-07-30 19:54:39
17602,107,8,2348.16,0,Champions,2026-07-30 19:54:39
17603,252,3,1398.76,1,Lost / Lapsed,2026-07-30 19:54:39
17604,57,4,636.57,2,Occasional / Low-value,2026-07-30 19:54:39
17605,225,1,160.75,1,Lost / Lapsed,2026-07-30 19:54:39
17606,372,1,87.3,1,Lost / Lapsed,2026-07-30 19:54:39
17607,11,1,333.81,2,Occasional / Low-value,2026-07-30 19:54:39
17608,84,2,305.11,2,Occasional / Low-value,2026-07-30 19:54:39
17609,37,6,782.12,0,Champions,2026-07-30 19:54:39
17610,175,5,1529.49,0,Champions,2026-07-30 19:54:39
17611,56,13,4387.76,0,Champions,2026-07-30 19:54:39
17612,14,12,3346.41,0,Champions,2026-07-30 19:54:39
17615,22,3,403.6,2,Occasional / Low-value,2026-07-30 19:54:39
17616,2,2,489.6,2,Occasional / Low-value,2026-07-30 19:54:39
17617,193,1,395.33,1,Lost / Lapsed,2026-07-30 19:54:39
17618,18,8,3101.66,0,Champions,2026-07-30 19:54:39
17621,39,3,1795.22,2,Occasional / Low-value,2026-07-30 19:54:39
17622,232,2,1130.21,1,Lost / Lapsed,2026-07-30 19:54:39
17623,44,6,1856.62,0,Champions,2026-07-30 19:54:39
17624,72,2,725.15,2,Occasional / Low-value,2026-07-30 19:54:39
17625,81,4,4020.8,0,Champions,2026-07-30 19:54:39
17626,237,1,254.0,1,Lost / Lapsed,2026-07-30 19:54:39
17627,113,1,296.36,2,Occasional / Low-value,2026-07-30 19:54:39
17629,23,2,641.4,2,Occasional / Low-value,2026-07-30 19:54:39
17631,9,4,470.16,2,Occasional / Low-value,2026-07-30 19:54:39
17633,14,3,732.55,2,Occasional / Low-value,2026-07-30 19:54:39
17635,59,3,1265.58,2,Occasional / Low-value,2026-07-30 19:54:39
17638,282,2,842.4,1,Lost / Lapsed,2026-07-30 19:54:39
17639,22,5,506.67,2,Occasional / Low-value,2026-07-30 19:54:39
17640,14,5,2547.28,0,Champions,2026-07-30 19:54:39
17642,64,3,1112.2,2,Occasional / Low-value,2026-07-30 19:54:39
17643,8,2,439.7,2,Occasional / Low-value,2026-07-30 19:54:39
17644,29,9,3132.96,0,Champions,2026-07-30 19:54:39
17646,0,10,3141.4,0,Champions,2026-07-30 19:54:39
17647,304,2,198.6,1,Lost / Lapsed,2026-07-30 19:54:39
17648,20,1,418.87,2,Occasional / Low-value,2026-07-30 19:54:39
17649,104,2,710.4,2,Occasional / Low-value,2026-07-30 19:54:39
17651,133,6,1758.52,0,Champions,2026-07-30 19:54:39
17655,1,3,1013.54,2,Occasional / Low-value,2026-07-30 19:54:39
17657,65,1,126.0,2,Occasional / Low-value,2026-07-30 19:54:39
17659,7,3,835.33,2,Occasional / Low-value,2026-07-30 19:54:39
17660,372,1,163.47,1,Lost / Lapsed,2026-07-30 19:54:39
17662,296,2,412.92,1,Lost / Lapsed,2026-07-30 19:54:39
17663,52,10,3372.92,0,Champions,2026-07-30 19:54:39
17664,109,2,561.59,2,Occasional / Low-value,2026-07-30 19:54:39
17665,128,1,563.1,2,Occasional / Low-value,2026-07-30 19:54:39
17666,112,3,1319.64,2,Occasional / Low-value,2026-07-30 19:54:39
17667,70,4,1895.19,0,Champions,2026-07-30 19:54:39
17669,97,3,2735.63,0,Champions,2026-07-30 19:54:39
17671,0,2,830.63,2,Occasional / Low-value,2026-07-30 19:54:39
17672,52,5,2600.46,0,Champions,2026-07-30 19:54:39
17673,10,7,2604.46,0,Champions,2026-07-30 19:54:39
17674,3,1,300.66,2,Occasional / Low-value,2026-07-30 19:54:39
17675,2,40,17885.32,0,Champions,2026-07-30 19:54:39
17676,1,5,1378.16,0,Champions,2026-07-30 19:54:39
17677,1,28,20329.68,0,Champions,2026-07-30 19:54:39
17678,238,1,301.65,1,Lost / Lapsed,2026-07-30 19:54:39
17679,156,5,1585.5,0,Champions,2026-07-30 19:54:39
17680,18,2,313.05,2,Occasional / Low-value,2026-07-30 19:54:39
17681,232,5,731.2,1,Lost / Lapsed,2026-07-30 19:54:39
17682,3,6,1982.45,0,Champions,2026-07-30 19:54:39
17683,20,3,819.01,2,Occasional / Low-value,2026-07-30 19:54:39
17685,7,6,2751.64,0,Champions,2026-07-30 19:54:39
17686,58,2,2557.35,2,Occasional / Low-value,2026-07-30 19:54:39
17687,55,1,432.68,2,Occasional / Low-value,2026-07-30 19:54:39
17688,28,1,304.2,2,Occasional / Low-value,2026-07-30 19:54:39
17689,23,2,317.08,2,Occasional / Low-value,2026-07-30 19:54:39
17690,1,8,2690.15,0,Champions,2026-07-30 19:54:39
17691,3,3,489.65,2,Occasional / Low-value,2026-07-30 19:54:39
17692,31,8,2234.86,0,Champions,2026-07-30 19:54:39
17694,146,2,1412.85,2,Occasional / Low-value,2026-07-30 19:54:39
17695,29,3,980.7,2,Occasional / Low-value,2026-07-30 19:54:39
17696,17,19,5393.88,0,Champions,2026-07-30 19:54:39
17699,111,2,442.0,2,Occasional / Low-value,2026-07-30 19:54:39
17700,16,10,4145.33,0,Champions,2026-07-30 19:54:39
17702,18,2,1319.67,2,Occasional / Low-value,2026-07-30 19:54:39
17703,53,1,296.1,2,Occasional / Low-value,2026-07-30 19:54:39
17705,90,2,260.38,2,Occasional / Low-value,2026-07-30 19:54:39
17706,1,17,10245.49,0,Champions,2026-07-30 19:54:39
17707,11,6,456.9,2,Occasional / Low-value,2026-07-30 19:54:39
17708,37,2,620.85,2,Occasional / Low-value,2026-07-30 19:54:39
17709,105,4,533.56,2,Occasional / Low-value,2026-07-30 19:54:39
17710,58,1,293.5,2,Occasional / Low-value,2026-07-30 19:54:39
17713,17,4,1198.09,0,Champions,2026-07-30 19:54:39
17714,59,4,1257.18,2,Occasional / Low-value,2026-07-30 19:54:39
17715,227,1,163.2,1,Lost / Lapsed,2026-07-30 19:54:39
17716,31,13,10300.98,0,Champions,2026-07-30 19:54:39
17717,56,1,376.92,2,Occasional / Low-value,2026-07-30 19:54:39
17718,279,1,299.83,1,Lost / Lapsed,2026-07-30 19:54:39
17720,2,7,1572.97,0,Champions,2026-07-30 19:54:39
17721,294,1,307.21,1,Lost / Lapsed,2026-07-30 19:54:39
17722,1,2,2006.32,2,Occasional / Low-value,2026-07-30 19:54:39
17723,10,1,102.0,2,Occasional / Low-value,2026-07-30 19:54:39
17726,30,7,1092.06,0,Champions,2026-07-30 19:54:39
17728,39,2,1362.75,2,Occasional / Low-value,2026-07-30 19:54:39
17729,231,1,438.65,1,Lost / Lapsed,2026-07-30 19:54:39
17730,17,7,2475.32,0,Champions,2026-07-30 19:54:39
17731,256,2,468.88,1,Lost / Lapsed,2026-07-30 19:54:39
17732,7,8,2166.42,0,Champions,2026-07-30 19:54:39
17734,160,3,741.69,2,Occasional / Low-value,2026-07-30 19:54:39
17735,2,8,4134.91,0,Champions,2026-07-30 19:54:39
17738,30,9,2304.51,0,Champions,2026-07-30 19:54:39
17739,9,11,4939.24,0,Champions,2026-07-30 19:54:39
17740,24,6,426.9,2,Occasional / Low-value,2026-07-30 19:54:39
17741,41,2,101.1,2,Occasional / Low-value,2026-07-30 19:54:39
17742,63,9,1743.37,0,Champions,2026-07-30 19:54:39
17743,83,1,229.2,2,Occasional / Low-value,2026-07-30 19:54:39
17744,15,1,326.74,2,Occasional / Low-value,2026-07-30 19:54:39
17745,112,2,600.34,2,Occasional / Low-value,2026-07-30 19:54:39
17746,106,3,793.93,2,Occasional / Low-value,2026-07-30 19:54:39
17748,162,1,358.15,1,Lost / Lapsed,2026-07-30 19:54:39
17749,181,1,351.66,1,Lost / Lapsed,2026-07-30 19:54:39
17751,56,1,157.86,2,Occasional / Low-value,2026-07-30 19:54:39
17753,99,4,390.56,2,Occasional / Low-value,2026-07-30 19:54:39
17754,9,8,2805.27,0,Champions,2026-07-30 19:54:39
17756,10,3,733.7,2,Occasional / Low-value,2026-07-30 19:54:39
17757,3,28,3817.16,0,Champions,2026-07-30 19:54:39
17758,62,4,1555.83,0,Champions,2026-07-30 19:54:39
17759,28,2,441.92,2,Occasional / Low-value,2026-07-30 19:54:39
17760,8,5,631.34,2,Occasional / Low-value,2026-07-30 19:54:39
17762,91,1,129.75,2,Occasional / Low-value,2026-07-30 19:54:39
17763,288,3,71.15,1,Lost / Lapsed,2026-07-30 19:54:39
17764,37,3,804.82,2,Occasional / Low-value,2026-07-30 19:54:39
17765,83,1,158.92,2,Occasional / Low-value,2026-07-30 19:54:39
17766,16,2,299.61,2,Occasional / Low-value,2026-07-30 19:54:39
17767,45,1,141.85,2,Occasional / Low-value,2026-07-30 19:54:39
17768,22,4,1236.33,0,Champions,2026-07-30 19:54:39
17769,18,7,3105.1,0,Champions,2026-07-30 19:54:39
17771,71,2,141.6,2,Occasional / Low-value,2026-07-30 19:54:39
17772,27,1,202.0,2,Occasional / Low-value,2026-07-30 19:54:39
17773,149,2,585.27,2,Occasional / Low-value,2026-07-30 19:54:39
17774,32,5,2102.64,0,Champions,2026-07-30 19:54:39
17776,21,2,338.56,2,Occasional / Low-value,2026-07-30 19:54:39
17778,296,1,197.7,1,Lost / Lapsed,2026-07-30 19:54:39
17780,302,3,352.91,1,Lost / Lapsed,2026-07-30 19:54:39
17782,17,2,679.02,2,Occasional / Low-value,2026-07-30 19:54:39
17783,147,1,96.44,1,Lost / Lapsed,2026-07-30 19:54:39
17784,185,1,112.86,1,Lost / Lapsed,2026-07-30 19:54:39
17785,80,2,271.44,2,Occasional / Low-value,2026-07-30 19:54:39
17787,6,1,736.28,2,Occasional / Low-value,2026-07-30 19:54:39
17789,296,1,171.25,1,Lost / Lapsed,2026-07-30 19:54:39
17790,13,6,818.06,0,Champions,2026-07-30 19:54:39
17792,102,2,370.05,2,Occasional / Low-value,2026-07-30 19:54:39
17794,321,2,147.3,1,Lost / Lapsed,2026-07-30 19:54:39
17796,4,4,664.09,2,Occasional / Low-value,2026-07-30 19:54:39
17797,30,5,1205.44,0,Champions,2026-07-30 19:54:39
17798,216,1,183.09,1,Lost / Lapsed,2026-07-30 19:54:39
17799,24,10,3285.96,0,Champions,2026-07-30 19:54:39
17801,86,3,798.33,2,Occasional / Low-value,2026-07-30 19:54:39
17802,7,8,3768.08,0,Champions,2026-07-30 19:54:39
17803,27,1,184.66,2,Occasional / Low-value,2026-07-30 19:54:39
17804,11,3,385.23,2,Occasional / Low-value,2026-07-30 19:54:39
17805,245,1,414.72,1,Lost / Lapsed,2026-07-30 19:54:39
17807,30,3,437.87,2,Occasional / Low-value,2026-07-30 19:54:39
17808,183,4,262.64,1,Lost / Lapsed,2026-07-30 19:54:39
17809,6,11,5925.48,0,Champions,2026-07-30 19:54:39
17810,303,2,374.81,1,Lost / Lapsed,2026-07-30 19:54:39
17811,9,8,1772.07,0,Champions,2026-07-30 19:54:39
17812,3,4,433.73,2,Occasional / Low-value,2026-07-30 19:54:39
17814,10,2,1617.32,2,Occasional / Low-value,2026-07-30 19:54:39
17815,28,1,591.96,2,Occasional / Low-value,2026-07-30 19:54:39
17816,0,3,75.76,2,Occasional / Low-value,2026-07-30 19:54:39
17817,13,3,420.17,2,Occasional / Low-value,2026-07-30 19:54:39
17818,372,1,130.18,1,Lost / Lapsed,2026-07-30 19:54:39
17819,6,6,2907.65,0,Champions,2026-07-30 19:54:39
17820,9,1,183.56,2,Occasional / Low-value,2026-07-30 19:54:39
17821,41,1,334.62,2,Occasional / Low-value,2026-07-30 19:54:39
17822,55,5,2188.5,0,Champions,2026-07-30 19:54:39
17823,56,2,494.25,2,Occasional / Low-value,2026-07-30 19:54:39
17825,233,4,731.96,1,Lost / Lapsed,2026-07-30 19:54:39
17826,9,1,134.59,2,Occasional / Low-value,2026-07-30 19:54:39
17827,256,1,392.59,1,Lost / Lapsed,2026-07-30 19:54:39
17829,44,4,3867.5,0,Champions,2026-07-30 19:54:39
17833,358,1,342.36,1,Lost / Lapsed,2026-07-30 19:54:39
17834,49,2,730.47,2,Occasional / Low-value,2026-07-30 19:54:39
17838,0,10,3943.6,0,Champions,2026-07-30 19:54:39
17840,78,1,185.72,2,Occasional / Low-value,2026-07-30 19:54:39
17841,0,91,29892.5,0,Champions,2026-07-30 19:54:39
17842,237,1,430.69,1,Lost / Lapsed,2026-07-30 19:54:39
17843,46,1,120.75,2,Occasional / Low-value,2026-07-30 19:54:39
17845,190,4,598.19,1,Lost / Lapsed,2026-07-30 19:54:39
17847,150,2,129.69,1,Lost / Lapsed,2026-07-30 19:54:39
17848,52,21,2749.7,0,Champions,2026-07-30 19:54:39
17849,115,4,457.96,2,Occasional / Low-value,2026-07-30 19:54:39
17850,7,155,51208.87,0,Champions,2026-07-30 19:54:39
17851,57,6,1563.34,0,Champions,2026-07-30 19:54:39
17852,23,3,548.87,2,Occasional / Low-value,2026-07-30 19:54:39
17853,42,3,1608.19,2,Occasional / Low-value,2026-07-30 19:54:39
17854,97,4,760.19,2,Occasional / Low-value,2026-07-30 19:54:39
17855,7,1,208.97,2,Occasional / Low-value,2026-07-30 19:54:39
17857,0,2,1803.2,2,Occasional / Low-value,2026-07-30 19:54:39
17858,4,19,7641.99,0,Champions,2026-07-30 19:54:39
17860,3,4,762.74,2,Occasional / Low-value,2026-07-30 19:54:39
17861,20,10,3026.89,0,Champions,2026-07-30 19:54:39
17862,20,3,948.19,2,Occasional / Low-value,2026-07-30 19:54:39
17863,4,7,2585.2,0,Champions,2026-07-30 19:54:39
17864,20,2,326.82,2,Occasional / Low-value,2026-07-30 19:54:39
17865,10,26,15848.07,0,Champions,2026-07-30 19:54:39
17866,119,2,805.3,2,Occasional / Low-value,2026-07-30 19:54:39
17867,45,9,424.18,0,Champions,2026-07-30 19:54:39
17868,21,1,234.65,2,Occasional / Low-value,2026-07-30 19:54:39
17869,3,3,607.98,2,Occasional / Low-value,2026-07-30 19:54:39
17870,1,2,1213.8,2,Occasional / Low-value,2026-07-30 19:54:39
17871,32,4,963.09,2,Occasional / Low-value,2026-07-30 19:54:39
17872,16,1,235.87,2,Occasional / Low-value,2026-07-30 19:54:39
17873,8,14,4656.72,0,Champions,2026-07-30 19:54:39
17875,323,1,167.1,1,Lost / Lapsed,2026-07-30 19:54:39
17876,34,3,3424.02,0,Champions,2026-07-30 19:54:39
17878,30,2,1032.88,2,Occasional / Low-value,2026-07-30 19:54:39
17880,274,2,366.0,1,Lost / Lapsed,2026-07-30 19:54:39
17882,14,2,313.46,2,Occasional / Low-value,2026-07-30 19:54:39
17883,174,3,324.08,1,Lost / Lapsed,2026-07-30 19:54:39
17884,3,18,2355.44,0,Champions,2026-07-30 19:54:39
17886,72,3,708.77,2,Occasional / Low-value,2026-07-30 19:54:39
17888,9,17,1094.39,0,Champions,2026-07-30 19:54:39
17889,9,5,571.0,2,Occasional / Low-value,2026-07-30 19:54:39
17894,1,11,1333.57,0,Champions,2026-07-30 19:54:39
17897,2,8,2018.4,0,Champions,2026-07-30 19:54:39
17898,87,2,147.12,2,Occasional / Low-value,2026-07-30 19:54:39
17901,156,2,149.7,1,Lost / Lapsed,2026-07-30 19:54:39
17902,181,1,216.4,1,Lost / Lapsed,2026-07-30 19:54:39
17903,29,1,381.09,2,Occasional / Low-value,2026-07-30 19:54:39
17905,8,10,1583.28,0,Champions,2026-07-30 19:54:39
17907,275,1,291.76,1,Lost / Lapsed,2026-07-30 19:54:39
17908,8,5,1168.26,0,Champions,2026-07-30 19:54:39
17909,372,1,132.55,1,Lost / Lapsed,2026-07-30 19:54:39
17910,361,1,261.7,1,Lost / Lapsed,2026-07-30 19:54:39
17912,10,1,64.49,2,Occasional / Low-value,2026-07-30 19:54:39
17913,35,12,3068.04,0,Champions,2026-07-30 19:54:39
17915,186,1,242.13,1,Lost / Lapsed,2026-07-30 19:54:39
17916,263,2,43.87,1,Lost / Lapsed,2026-07-30 19:54:39
17918,135,3,396.39,2,Occasional / Low-value,2026-07-30 19:54:39
17919,73,1,536.28,2,Occasional / Low-value,2026-07-30 19:54:39
17920,3,39,20312.36,0,Champions,2026-07-30 19:54:39
17921,14,6,1596.98,0,Champions,2026-07-30 19:54:39
17922,178,1,170.4,1,Lost / Lapsed,2026-07-30 19:54:39
17923,162,2,289.5,1,Lost / Lapsed,2026-07-30 19:54:39
17924,8,2,574.2,2,Occasional / Low-value,2026-07-30 19:54:39
17925,7,1,244.08,2,Occasional / Low-value,2026-07-30 19:54:39
17926,79,3,638.2,2,Occasional / Low-value,2026-07-30 19:54:39
17927,356,1,294.0,1,Lost / Lapsed,2026-07-30 19:54:39
17928,206,1,128.7,1,Lost / Lapsed,2026-07-30 19:54:39
17929,22,8,2239.1,0,Champions,2026-07-30 19:54:39
17930,28,8,2534.74,0,Champions,2026-07-30 19:54:39
17931,32,12,3028.93,0,Champions,2026-07-30 19:54:39
17933,267,1,114.69,1,Lost / Lapsed,2026-07-30 19:54:39
17934,41,1,344.9,2,Occasional / Low-value,2026-07-30 19:54:39
17935,35,5,540.35,2,Occasional / Low-value,2026-07-30 19:54:39
17938,55,1,144.29,2,Occasional / Low-value,2026-07-30 19:54:39
17940,80,6,26286.75,0,Champions,2026-07-30 19:54:39
17941,225,3,1128.72,1,Lost / Lapsed,2026-07-30 19:54:39
17944,58,1,75.41,2,Occasional / Low-value,2026-07-30 19:54:39
17945,331,3,360.35,1,Lost / Lapsed,2026-07-30 19:54:39
17949,6,74,60117.6,0,Champions,2026-07-30 19:54:39
17950,0,6,950.61,0,Champions,2026-07-30 19:54:39
17951,8,2,627.54,2,Occasional / Low-value,2026-07-30 19:54:39
17952,13,4,819.61,2,Occasional / Low-value,2026-07-30 19:54:39
17953,175,1,160.82,1,Lost / Lapsed,2026-07-30 19:54:39
17954,2,9,1633.33,0,Champions,2026-07-30 19:54:39
17955,290,2,392.6,1,Lost / Lapsed,2026-07-30 19:54:39
17958,363,1,465.42,1,Lost / Lapsed,2026-07-30 19:54:39
17959,227,1,140.75,1,Lost / Lapsed,2026-07-30 19:54:39
17960,157,2,61.3,1,Lost / Lapsed,2026-07-30 19:54:39
17961,7,62,1699.1,0,Champions,2026-07-30 19:54:39
17962,184,3,584.59,1,Lost / Lapsed,2026-07-30 19:54:39
17963,106,4,651.51,2,Occasional / Low-value,2026-07-30 19:54:39
17964,7,1,261.76,2,Occasional / Low-value,2026-07-30 19:54:39
17965,0,17,4618.41,0,Champions,2026-07-30 19:54:39
17966,226,5,875.99,1,Lost / Lapsed,2026-07-30 19:54:39
17967,6,2,234.22,2,Occasional / Low-value,2026-07-30 19:54:39
17968,8,4,610.69,2,Occasional / Low-value,2026-07-30 19:54:39
17969,137,18,2141.74,0,Champions,2026-07-30 19:54:39
17971,183,1,161.94,1,Lost / Lapsed,2026-07-30 19:54:39
17974,16,3,1117.27,2,Occasional / Low-value,2026-07-30 19:54:39
17975,1,12,2540.02,0,Champions,2026-07-30 19:54:39
17976,7,1,353.19,2,Occasional / Low-value,2026-07-30 19:54:39
17977,35,1,1277.49,2,Occasional / Low-value,2026-07-30 19:54:39
17978,0,4,1160.84,0,Champions,2026-07-30 19:54:39
17980,28,1,221.97,2,Occasional / Low-value,2026-07-30 19:54:39
17981,45,1,239.12,2,Occasional / Low-value,2026-07-30 19:54:39
17982,315,1,138.18,1,Lost / Lapsed,2026-07-30 19:54:39
17983,30,1,171.71,2,Occasional / Low-value,2026-07-30 19:54:39
17984,27,4,1038.59,2,Occasional / Low-value,2026-07-30 19:54:39
17987,11,4,805.07,2,Occasional / Low-value,2026-07-30 19:54:39
17988,122,7,288.42,2,Occasional / Low-value,2026-07-30 19:54:39
17989,14,1,228.83,2,Occasional / Low-value,2026-07-30 19:54:39
17990,15,3,896.77,2,Occasional / Low-value,2026-07-30 19:54:39
17991,226,1,227.2,1,Lost / Lapsed,2026-07-30 19:54:39
17992,24,1,254.13,2,Occasional / Low-value,2026-07-30 19:54:39
17993,252,1,235.19,1,Lost / Lapsed,2026-07-30 19:54:39
17994,23,7,1634.83,0,Champions,2026-07-30 19:54:39
17995,17,2,419.38,2,Occasional / Low-value,2026-07-30 19:54:39
17996,14,3,482.33,2,Occasional / Low-value,2026-07-30 19:54:39
17998,15,3,639.24,2,Occasional / Low-value,2026-07-30 19:54:39
17999,1,2,348.84,2,Occasional / Low-value,2026-07-30 19:54:39
18000,199,1,124.25,1,Lost / Lapsed,2026-07-30 19:54:39
18001,84,4,536.61,2,Occasional / Low-value,2026-07-30 19:54:39
18002,10,4,249.92,2,Occasional / Low-value,2026-07-30 19:54:39
18003,11,1,358.61,2,Occasional / Low-value,2026-07-30 19:54:39
18006,16,3,553.18,2,Occasional / Low-value,2026-07-30 19:54:39
18007,27,1,220.32,2,Occasional / Low-value,2026-07-30 19:54:39
18008,50,14,17670.94,0,Champions,2026-07-30 19:54:39
18009,177,7,1898.49,0,Champions,2026-07-30 19:54:39
18011,8,2,424.24,2,Occasional / Low-value,2026-07-30 19:54:39
18012,358,1,115.3,1,Lost / Lapsed,2026-07-30 19:54:39
18016,45,2,476.9,2,Occasional / Low-value,2026-07-30 19:54:39
18017,66,1,165.0,2,Occasional / Low-value,2026-07-30 19:54:39
18018,34,2,175.85,2,Occasional / Low-value,2026-07-30 19:54:39
18020,178,1,190.48,1,Lost / Lapsed,2026-07-30 19:54:39
18021,144,2,227.06,2,Occasional / Low-value,2026-07-30 19:54:39
18022,20,4,983.68,2,Occasional / Low-value,2026-07-30 19:54:39
18025,14,6,1177.72,0,Champions,2026-07-30 19:54:39
18026,135,2,2074.07,2,Occasional / Low-value,2026-07-30 19:54:39
18028,218,1,192.05,1,Lost / Lapsed,2026-07-30 19:54:39
18029,277,1,433.77,1,Lost / Lapsed,2026-07-30 19:54:39
18031,13,1,462.1,2,Occasional / Low-value,2026-07-30 19:54:39
18034,10,1,370.82,2,Occasional / Low-value,2026-07-30 19:54:39
18035,20,2,546.34,2,Occasional / Low-value,2026-07-30 19:54:39
18036,20,8,1158.02,0,Champions,2026-07-30 19:54:39
18037,56,9,97.4,2,Occasional / Low-value,2026-07-30 19:54:39
18038,191,1,149.41,1,Lost / Lapsed,2026-07-30 19:54:39
18039,9,4,579.17,2,Occasional / Low-value,2026-07-30 19:54:39
18041,0,20,4568.99,0,Champions,2026-07-30 19:54:39
18042,176,1,116.1,1,Lost / Lapsed,2026-07-30 19:54:39
18043,1,1,316.46,2,Occasional / Low-value,2026-07-30 19:54:39
18044,22,8,1417.01,0,Champions,2026-07-30 19:54:39
18046,284,1,189.63,1,Lost / Lapsed,2026-07-30 19:54:39
18047,16,2,342.69,2,Occasional / Low-value,2026-07-30 19:54:39
18048,128,1,229.44,2,Occasional / Low-value,2026-07-30 19:54:39
18049,72,2,556.52,2,Occasional / Low-value,2026-07-30 19:54:39
18050,28,1,337.66,2,Occasional / Low-value,2026-07-30 19:54:39
18051,269,7,2282.28,0,Champions,2026-07-30 19:54:39
18052,199,1,10877.18,2,Occasional / Low-value,2026-07-30 19:54:39
18053,160,2,271.05,1,Lost / Lapsed,2026-07-30 19:54:39
18054,27,1,176.5,2,Occasional / Low-value,2026-07-30 19:54:39
18055,2,6,4411.38,0,Champions,2026-07-30 19:54:39
18056,253,1,190.95,1,Lost / Lapsed,2026-07-30 19:54:39
18057,28,3,1203.56,2,Occasional / Low-value,2026-07-30 19:54:39
18058,176,2,603.9,1,Lost / Lapsed,2026-07-30 19:54:39
18060,43,2,1185.46,2,Occasional / Low-value,2026-07-30 19:54:39
18061,1,19,4369.56,0,Champions,2026-07-30 19:54:39
18062,21,3,912.15,2,Occasional / Low-value,2026-07-30 19:54:39
18063,25,2,186.6,2,Occasional / Low-value,2026-07-30 19:54:39
18064,81,9,3681.03,0,Champions,2026-07-30 19:54:39
18065,23,15,3473.8,0,Champions,2026-07-30 19:54:39
18066,21,2,1122.4,2,Occasional / Low-value,2026-07-30 19:54:39
18069,18,6,2503.89,0,Champions,2026-07-30 19:54:39
18070,304,1,314.1,1,Lost / Lapsed,2026-07-30 19:54:39
18071,0,5,975.63,0,Champions,2026-07-30 19:54:39
18074,8,2,1019.44,2,Occasional / Low-value,2026-07-30 19:54:39
18075,9,10,3171.54,0,Champions,2026-07-30 19:54:39
18076,15,1,151.49,2,Occasional / Low-value,2026-07-30 19:54:39
18077,1,8,1705.55,0,Champions,2026-07-30 19:54:39
18078,60,2,508.47,2,Occasional / Low-value,2026-07-30 19:54:39
18079,126,1,590.78,2,Occasional / Low-value,2026-07-30 19:54:39
18083,32,1,470.73,2,Occasional / Low-value,2026-07-30 19:54:39
18084,18,2,722.45,2,Occasional / Low-value,2026-07-30 19:54:39
18085,8,3,955.8,2,Occasional / Low-value,2026-07-30 19:54:39
18087,14,15,10705.8,0,Champions,2026-07-30 19:54:39
18089,81,1,428.45,2,Occasional / Low-value,2026-07-30 19:54:39
18090,56,1,349.4,2,Occasional / Low-value,2026-07-30 19:54:39
18091,228,1,360.85,1,Lost / Lapsed,2026-07-30 19:54:39
18092,0,8,7111.18,0,Champions,2026-07-30 19:54:39
18093,79,4,2346.19,0,Champions,2026-07-30 19:54:39
18094,81,6,3374.22,0,Champions,2026-07-30 19:54:39
18095,62,3,1723.04,2,Occasional / Low-value,2026-07-30 19:54:39
18096,77,3,894.13,2,Occasional / Low-value,2026-07-30 19:54:39
18097,20,5,1965.52,0,Champions,2026-07-30 19:54:39
18098,31,1,550.84,2,Occasional / Low-value,2026-07-30 19:54:39
18100,185,1,451.56,1,Lost / Lapsed,2026-07-30 19:54:39
18101,9,3,405.51,2,Occasional / Low-value,2026-07-30 19:54:39
18102,0,89,349164.35,0,Champions,2026-07-30 19:54:39
18103,184,1,105.8,1,Lost / Lapsed,2026-07-30 19:54:39
18106,111,5,1030.76,0,Champions,2026-07-30 19:54:39
18107,77,1,167.13,2,Occasional / Low-value,2026-07-30 19:54:39
18108,231,2,577.81,1,Lost / Lapsed,2026-07-30 19:54:39
18109,4,13,1840.99,0,Champions,2026-07-30 19:54:39
18110,46,1,199.13,2,Occasional / Low-value,2026-07-30 19:54:39
18111,224,1,405.85,1,Lost / Lapsed,2026-07-30 19:54:39
18112,53,2,423.27,2,Occasional / Low-value,2026-07-30 19:54:39
18113,3,1,76.32,2,Occasional / Low-value,2026-07-30 19:54:39
18115,332,1,9.7,1,Lost / Lapsed,2026-07-30 19:54:39
18116,11,5,736.27,2,Occasional / Low-value,2026-07-30 19:54:39
18118,4,4,1079.4,2,Occasional / Low-value,2026-07-30 19:54:39
18119,2,1,181.12,2,Occasional / Low-value,2026-07-30 19:54:39
18123,148,1,95.15,1,Lost / Lapsed,2026-07-30 19:54:39
18124,107,1,111.53,2,Occasional / Low-value,2026-07-30 19:54:39
18127,38,1,212.8,2,Occasional / Low-value,2026-07-30 19:54:39
18128,172,1,420.04,1,Lost / Lapsed,2026-07-30 19:54:39
18131,266,1,222.96,1,Lost / Lapsed,2026-07-30 19:54:39
18132,139,1,226.9,1,Lost / Lapsed,2026-07-30 19:54:39
18134,233,2,445.0,1,Lost / Lapsed,2026-07-30 19:54:39
18135,27,5,567.71,2,Occasional / Low-value,2026-07-30 19:54:39
18136,44,2,847.03,2,Occasional / Low-value,2026-07-30 19:54:39
18137,186,2,145.99,1,Lost / Lapsed,2026-07-30 19:54:39
18140,108,1,536.41,2,Occasional / Low-value,2026-07-30 19:54:39
18141,36,2,882.47,2,Occasional / Low-value,2026-07-30 19:54:39
18144,8,8,2169.25,0,Champions,2026-07-30 19:54:39
18145,17,7,2756.24,0,Champions,2026-07-30 19:54:39
18148,281,1,114.1,1,Lost / Lapsed,2026-07-30 19:54:39
18149,39,4,1012.63,2,Occasional / Low-value,2026-07-30 19:54:39
18151,55,4,1226.09,2,Occasional / Low-value,2026-07-30 19:54:39
18152,281,1,426.69,1,Lost / Lapsed,2026-07-30 19:54:39
18153,294,1,246.22,1,Lost / Lapsed,2026-07-30 19:54:39
18154,23,3,533.41,2,Occasional / Low-value,2026-07-30 19:54:39
18156,4,1,206.23,2,Occasional / Low-value,2026-07-30 19:54:39
18157,206,1,215.35,1,Lost / Lapsed,2026-07-30 19:54:39
18160,21,1,365.82,2,Occasional / Low-value,2026-07-30 19:54:39
18161,14,1,184.41,2,Occasional / Low-value,2026-07-30 19:54:39
18162,367,1,379.16,1,Lost / Lapsed,2026-07-30 19:54:39
18163,219,1,728.84,1,Lost / Lapsed,2026-07-30 19:54:39
18166,258,1,175.5,1,Lost / Lapsed,2026-07-30 19:54:39
18168,7,11,2600.33,0,Champions,2026-07-30 19:54:39
18170,9,6,1897.69,0,Champions,2026-07-30 19:54:39
18171,105,4,1206.0,2,Occasional / Low-value,2026-07-30 19:54:39
18172,22,32,9918.16,0,Champions,2026-07-30 19:54:39
18173,247,1,589.52,1,Lost / Lapsed,2026-07-30 19:54:39
18174,238,1,58.5,1,Lost / Lapsed,2026-07-30 19:54:39
18175,310,1,176.1,1,Lost / Lapsed,2026-07-30 19:54:39
18177,195,3,875.45,1,Lost / Lapsed,2026-07-30 19:54:39
18178,37,7,4512.93,0,Champions,2026-07-30 19:54:39
18179,157,2,754.38,2,Occasional / Low-value,2026-07-30 19:54:39
18181,35,4,823.14,2,Occasional / Low-value,2026-07-30 19:54:39
18182,98,1,291.13,2,Occasional / Low-value,2026-07-30 19:54:39
18186,357,1,329.58,1,Lost / Lapsed,2026-07-30 19:54:39
18187,266,1,724.89,1,Lost / Lapsed,2026-07-30 19:54:39
18188,65,3,1279.55,2,Occasional / Low-value,2026-07-30 19:54:39
18189,260,1,313.49,1,Lost / Lapsed,2026-07-30 19:54:39
18190,238,3,461.16,1,Lost / Lapsed,2026-07-30 19:54:39
18191,112,1,321.6,2,Occasional / Low-value,2026-07-30 19:54:39
18193,15,2,963.59,2,Occasional / Low-value,2026-07-30 19:54:39
18194,73,5,3188.2,0,Champions,2026-07-30 19:54:39
18195,22,1,101.16,2,Occasional / Low-value,2026-07-30 19:54:39
18196,106,2,775.18,2,Occasional / Low-value,2026-07-30 19:54:39
18197,210,1,230.1,1,Lost / Lapsed,2026-07-30 19:54:39
18199,318,1,344.75,1,Lost / Lapsed,2026-07-30 19:54:39
18201,357,1,447.53,1,Lost / Lapsed,2026-07-30 19:54:39
18203,16,3,344.0,2,Occasional / Low-value,2026-07-30 19:54:39
18206,188,1,314.66,1,Lost / Lapsed,2026-07-30 19:54:39
18207,134,1,544.47,2,Occasional / Low-value,2026-07-30 19:54:39
18208,200,1,360.08,1,Lost / Lapsed,2026-07-30 19:54:39
18210,17,1,147.45,2,Occasional / Low-value,2026-07-30 19:54:39
18212,312,1,298.3,1,Lost / Lapsed,2026-07-30 19:54:39
18214,165,4,1780.34,0,Champions,2026-07-30 19:54:39
18215,72,4,1948.15,0,Champions,2026-07-30 19:54:39
18217,148,2,323.29,2,Occasional / Low-value,2026-07-30 19:54:39
18218,231,2,479.92,1,Lost / Lapsed,2026-07-30 19:54:39
18219,3,8,1493.12,0,Champions,2026-07-30 19:54:39
18220,29,5,1616.48,0,Champions,2026-07-30 19:54:39
18221,25,1,383.33,2,Occasional / Low-value,2026-07-30 19:54:39
18223,22,12,7516.31,0,Champions,2026-07-30 19:54:39
18225,0,15,7545.14,0,Champions,2026-07-30 19:54:39
18226,13,15,6650.83,0,Champions,2026-07-30 19:54:39
18227,119,1,295.0,2,Occasional / Low-value,2026-07-30 19:54:39
18229,1,10,3526.81,0,Champions,2026-07-30 19:54:39
18230,13,2,1480.86,2,Occasional / Low-value,2026-07-30 19:54:39
18231,41,23,4797.7,0,Champions,2026-07-30 19:54:39
18234,186,1,179.6,1,Lost / Lapsed,2026-07-30 19:54:39
18236,23,6,913.11,0,Champions,2026-07-30 19:54:39
18238,150,1,270.92,1,Lost / Lapsed,2026-07-30 19:54:39
18239,7,2,588.75,2,Occasional / Low-value,2026-07-30 19:54:39
18241,50,4,913.9,2,Occasional / Low-value,2026-07-30 19:54:39
18242,80,4,1372.72,0,Champions,2026-07-30 19:54:39
18243,49,1,515.78,2,Occasional / Low-value,2026-07-30 19:54:39
18244,65,2,568.64,2,Occasional / Low-value,2026-07-30 19:54:39
18245,14,13,3757.92,0,Champions,2026-07-30 19:54:39
18246,244,1,162.72,1,Lost / Lapsed,2026-07-30 19:54:39
18247,49,3,839.73,2,Occasional / Low-value,2026-07-30 19:54:39
18251,80,8,21964.14,0,Champions,2026-07-30 19:54:39
18252,183,5,1015.42,2,Occasional / Low-value,2026-07-30 19:54:39
18253,277,1,317.88,1,Lost / Lapsed,2026-07-30 19:54:39
18254,216,1,267.9,1,Lost / Lapsed,2026-07-30 19:54:39
18255,91,1,199.85,2,Occasional / Low-value,2026-07-30 19:54:39
18256,22,1,110.7,2,Occasional / Low-value,2026-07-30 19:54:39
18257,81,4,2262.52,0,Champions,2026-07-30 19:54:39
18258,99,6,2059.67,0,Champions,2026-07-30 19:54:39
18259,1,5,1979.6,0,Champions,2026-07-30 19:54:39
18260,9,17,7318.91,0,Champions,2026-07-30 19:54:39
18262,28,2,428.06,2,Occasional / Low-value,2026-07-30 19:54:39
18264,133,1,603.25,2,Occasional / Low-value,2026-07-30 19:54:39
18266,69,1,251.1,2,Occasional / Low-value,2026-07-30 19:54:39
18267,307,1,269.37,1,Lost / Lapsed,2026-07-30 19:54:39
18268,226,5,1464.73,1,Lost / Lapsed,2026-07-30 19:54:39
18269,1,1,168.6,2,Occasional / Low-value,2026-07-30 19:54:39
18270,67,1,161.4,2,Occasional / Low-value,2026-07-30 19:54:39
18271,244,2,680.85,1,Lost / Lapsed,2026-07-30 19:54:39
18272,183,3,1307.4,1,Lost / Lapsed,2026-07-30 19:54:39
18273,225,1,153.0,1,Lost / Lapsed,2026-07-30 19:54:39
18275,213,2,741.85,1,Lost / Lapsed,2026-07-30 19:54:39
18276,27,5,1320.66,0,Champions,2026-07-30 19:54:39
18277,32,4,1069.67,2,Occasional / Low-value,2026-07-30 19:54:39
18278,39,1,240.3,2,Occasional / Low-value,2026-07-30 19:54:39
18279,154,1,231.34,1,Lost / Lapsed,2026-07-30 19:54:39
18280,29,1,307.55,2,Occasional / Low-value,2026-07-30 19:54:39
18281,212,1,120.32,1,Lost / Lapsed,2026-07-30 19:54:39
18283,17,6,641.77,0,Champions,2026-07-30 19:54:39
18284,66,1,461.68,2,Occasional / Low-value,2026-07-30 19:54:39
18285,295,1,427.0,1,Lost / Lapsed,2026-07-30 19:54:39
18286,111,2,1296.43,2,Occasional / Low-value,2026-07-30 19:54:39
18287,17,4,2345.71,0,Champions,2026-07-30 19:54:39
